UniProt,CrystalStructureCount
A0A003,2
A0A009PZ93,1
A0A010,7
A0A011,5
A0A014M399,1
A0A015K8Z8,1
A0A017T5A5,1
A0A022MQ12,5
A0A022MRT4,5
A0A023DFE8,10
A0A023GPI5,1
A0A023GPI8,3
A0A023GPJ0,1
A0A023GUL3,2
A0A023GUN4,1
A0A023H437,2
A0A023I7E1,2
A0A023J4Z7,1
A0A023J6X7,1
A0A023L7J3,1
A0A023LLI1,1
A0A023NA98,1
A0A023PKG5,1
A0A023PU38,1
A0A023R6W2,2
A0A023T3X2,1
A0A023UGN9,15
A0A023VSF1,1
A0A023X3Z4,1
A0A024B5J2,2
A0A024B7W1,26
A0A024CWJ7,3
A0A024E3Q2,5
A0A024FRL9,2
A0A024H8G7,2
A0A024L327,1
A0A024QYS6,2
A0A024S820,3
A0A024SC78,3
A0A024UZE1,5
A0A024V0B1,3
A0A024WGN3,1
A0A024X378,4
A0A031LXI5,1
A0A031WDA8,1
A0A031WDE4,1
A0A031WIF2,1
A0A051TYQ1,1
A0A059PIQ0,46
A0A059PIR9,2
A0A059Q1L6,1
A0A059Q5E8,1
A0A059STC4,1
A0A059T4A1,7
A0A059T9V1,1
A0A059TC02,2
A0A059TXD8,1
A0A059U759,2
A0A059VAZ3,4
A0A059VBQ9,1
A0A059VJE6,1
A0A059WF38,1
A0A059WLS9,13
A0A059WV44,1
A0A059WYP6,3
A0A059WZ16,5
A0A059X981,3
A0A059ZFC5,3
A0A059ZJE9,2
A0A059ZPG7,1
A0A059ZRB8,3
A0A060GPP4,1
A0A060GPQ0,1
A0A060GPQ5,1
A0A060GSW0,1
A0A060GSW5,1
A0A060GSX0,2
A0A060GTM0,1
A0A060GTM7,1
A0A060GYS1,5
A0A060GYS7,7
A0A060GZX0,4
A0A060GZX7,1
A0A060H1D7,3
A0A060M4R1,1
A0A060N399,2
A0A060P168,7
A0A060SC37,6
A0A060TAG5,2
A0A060VGH4,1
A0A060VRI4,1
A0A060Y6X8,1
A0A061ACU2,1
A0A061FLD4,1
A0A061IH64,1
A0A061LQM0,2
A0A062UZ78,3
A0A062V290,3
A0A062WLD9,1
A0A063Y6V3,1
A0A064C3N8,1
A0A066Q637,1
A0A066QL39,2
A0A066T6R7,1
A0A066TYR3,1
A0A066ZR71,1
A0A067E666,4
A0A067HWN0,1
A0A067N4E7,2
A0A067NAT9,1
A0A067SLB9,3
A0A067XG63,1
A0A067XG64,1
A0A067XG66,1
A0A067XG67,1
A0A067XG70,1
A0A067XG71,1
A0A067XG73,1
A0A067XG75,2
A0A067XIQ6,2
A0A067Y7N7,5
A0A067YX61,6
A0A068A5A2,1
A0A068C8U8,2
A0A068EGP0,2
A0A068F6N5,1
A0A068FT77,1
A0A068PC91,1
A0A068PS59,6
A0A068QT41,1
A0A068QVX9,1
A0A068QW34,1
A0A068QWX2,1
A0A068QZ94,1
A0A069A654,3
A0A069AL86,1
A0A069B2G5,1
A0A069CUU9,1
A0A069Q0R8,5
A0A069Q1D5,1
A0A069Q6I8,1
A0A071KWR3,1
A0A071LDC0,7
A0A072FVI7,1
A0A072TMB0,1
A0A072U2X9,1
A0A072VQG6,3
A0A072ZCW8,6
A0A072ZPM2,3
A0A074MDU6,7
A0A074W9U7,3
A0A074Z863,4
A0A075B5G0,1
A0A075B5G2,1
A0A075B5G4,1
A0A075B5G5,1
A0A075B5G8,3
A0A075B5H0,3
A0A075B5H2,2
A0A075B5H4,1
A0A075B5H6,2
A0A075B6C4,3
A0A075B6N1,1
A0A075B6T6,3
A0A075BSX9,1
A0A075C6T6,1
A0A075DN54,6
A0A075E2Q1,1
A0A075ECV2,1
A0A075ETL7,1
A0A075LPR4,1
A0A075LQ94,5
A0A075ML49,1
A0A075R4X6,1
A0A075WKW4,3
A0A076JB57,1
A0A076ML24,1
A0A076MPD7,2
A0A076MY51,2
A0A076MZ01,1
A0A076NBW8,9
A0A076U926,1
A0A076V769,1
A0A076YIY5,1
A0A076YM08,1
A0A076YWK5,1
A0A077D153,1
A0A077E909,1
A0A077E919,1
A0A077EA44,1
A0A077EAN3,1
A0A077EBQ3,1
A0A077ECF2,1
A0A077EDR1,1
A0A077EDS4,1
A0A077EEP0,1
A0A077EER2,1
A0A077EEZ5,1
A0A077EFA5,2
A0A077EGR8,1
A0A077EJ65,1
A0A077EJG6,1
A0A077EJP9,1
A0A077EMQ8,1
A0A077ENB9,1
A0A077EQ93,2
A0A077EWA5,10
A0A077GFB1,2
A0A077JBW9,2
A0A077JG85,1
A0A077JI83,9
A0A077K887,3
A0A077KEB8,3
A0A077KPD5,1
A0A077KT80,2
A0A077KUW8,1
A0A077LQB4,1
A0A077TLQ4,1
A0A078GRH6,1
A0A078L5T0,1
A0A078SSU5,1
A0A078SUX9,2
A0A081CEG8,1
A0A081GU02,1
A0A081KBI6,1
A0A081TVR9,1
A0A084EX36,9
A0A084FYP2,1
A0A084JZF2,2
A0A084QTE3,1
A0A085GHR3,2
A0A085LU44,1
A0A085NFU1,1
A0A086IRG1,1
A0A086SLX8,1
A0A086T6R4,1
A0A087I947,5
A0A087IWB4,2
A0A087KD84,1
A0A087LGV4,2
A0A087WNH1,1
A0A087WNH2,1
A0A087WNH6,6
A0A087WNH8,1
A0A087WT01,1
A0A088BCU2,1
A0A088BEK2,1
A0A088CB91,1
A0A088DBJ8,2
A0A088E2H7,2
A0A088FLK9,1
A0A088STQ5,1
A0A088T0J9,5
A0A089M3R3,1
A0A089YV40,1
A0A090A233,1
A0A090BWT0,1
A0A090CRQ5,2
A0A090F1W4,1
A0A090KI56,1
A0A090KS30,3
A0A091SV96,1
A0A093VKV7,2
A0A094NJQ6,1
A0A094YZ24,3
A0A094ZWQ2,9
A0A096F4H2,1
A0A096LNF0,2
A0A096LNF1,1
A0A096P8D3,4
A0A096SRM5,1
A0A096YGU7,1
A0A096ZH83,1
A0A096ZHB0,1
A0A097BW12,1
A0A097J809,1
A0A097P1P8,1
A0A097P6E1,1
A0A097PF39,1
A0A097PIE2,1
A0A097PUG4,3
A0A097ZPD5,3
A0A098DND1,1
A0A098SKQ8,2
A0A099I6D2,1
A0A0A0BZU2,1
A0A0A0EFB9,2
A0A0A0NH71,1
A0A0A0Q2K8,2
A0A0A0Q7Z8,3
A0A0A0R5X6,1
A0A0A0RCB5,3
A0A0A0RDR2,7
A0A0A0UVH9,3
A0A0A0UVL0,1
A0A0A0V023,1
A0A0A0V031,4
A0A0A0VBX4,1
A0A0A0VDJ9,1
A0A0A0WDC6,1
A0A0A0YMQ9,1
A0A0A1A394,1
A0A0A1EQY0,4
A0A0A1HA03,4
A0A0A1I7H6,2
A0A0A1NDE2,1
A0A0A1VBK6,4
A0A0A2ACP7,3
A0A0A2JK86,1
A0A0A2K0J0,1
A0A0A3XYM8,1
A0A0A5P8W7,6
A0A0A6YVN3,2
A0A0A6YVN5,1
A0A0A6YVN6,1
A0A0A6YVN8,1
A0A0A7CJV4,2
A0A0A7CK57,2
A0A0A7EMW6,2
A0A0A7EQR3,6
A0A0A7GDU7,2
A0A0A7GJ30,2
A0A0A7HFE6,1
A0A0A7HR51,9
A0A0A7I0A5,1
A0A0A7KVG3,1
A0A0A7M685,1
A0A0A7RQX5,1
A0A0A7XPH7,3
A0A0A8IBJ8,2
A0A0A8IK66,1
A0A0A8R8E6,1
A0A0A8UKD4,2
A0A0B0D9P4,1
A0A0B0EHL2,1
A0A0B0EN18,1
A0A0B0IKH9,1
A0A0B0QJN8,1
A0A0B0QJR1,3
A0A0B0SD75,1
A0A0B0SG80,6
A0A0B0W5A7,1
A0A0B2E3F3,1
A0A0B4J185,1
A0A0B4J186,1
A0A0B4J187,1
A0A0B4J1J9,6
A0A0B4J268,2
A0A0B4J271,6
A0A0B4J272,3
A0A0B4J274,1
A0A0B4J277,4
A0A0B4J279,8
A0A0B4J2E0,6
A0A0B4J2H0,5
A0A0B4JDC9,3
A0A0B4K6E2,2
A0A0B4KG38,1
A0A0B4KHI4,1
A0A0B4KIF6,1
A0A0B4N5Z5,1
A0A0B4ND47,1
A0A0B4WYC6,35
A0A0B5A8Q2,1
A0A0B5AC95,1
A0A0B5GUD2,4
A0A0B5GUS3,2
A0A0B5H9B3,6
A0A0B5KGV8,1
A0A0B5KQQ5,1
A0A0B5KUB4,1
A0A0B5L781,3
A0A0B5LB55,2
A0A0B5RNJ4,1
A0A0B6VPP7,3
A0A0B7GNW3,1
A0A0B7GP99,1
A0A0B7GRV8,1
A0A0B7LH44,1
A0A0B8QZ66,1
A0A0B8RFI6,1
A0A0B8RZH0,1
A0A0B9X9I7,1
A0A0C0C2K2,1
A0A0C1F4U8,1
A0A0C1MLE8,3
A0A0C2W6A5,2
A0A0C2W9F0,1
A0A0C2ZKK6,1
A0A0C3A3T0,1
A0A0C3K8Q6,1
A0A0C4DI32,1
A0A0C4KUT2,1
A0A0C4WKK2,2
A0A0C4WVM3,1
A0A0C4WXC5,1
A0A0C5AQI9,1
A0A0C5BL75,1
A0A0C5DR25,1
A0A0C5EQ24,1
A0A0C5GWS2,7
A0A0C5PVE3,2
A0A0C5VFC0,2
A0A0C5WDX4,1
A0A0C5XKJ0,2
A0A0C5XL88,2
A0A0C6DRW4,2
A0A0C9S461,1
A0A0D1DWQ2,2
A0A0D1DWT4,1
A0A0D1DWZ5,2
A0A0D1E015,1
A0A0D1IHL7,2
A0A0D1JHQ1,1
A0A0D1KRA1,1
A0A0D1M7L2,1
A0A0D2C5V9,1
A0A0D2H023,1
A0A0D2ILK1,6
A0A0D2UG83,2
A0A0D3MU51,1
A0A0D3RJT7,2
A0A0D4BSW3,1
A0A0D4WV12,1
A0A0D5CS34,1
A0A0D5NT23,1
A0A0D5X2Y8,1
A0A0D5YC82,3
A0A0D5YCX7,1
A0A0D5YE19,1
A0A0D5YEC3,1
A0A0D5YFP2,1
A0A0D5YGK2,1
A0A0D5YHU7,1
A0A0D5YI36,1
A0A0D5YK08,1
A0A0D5YKJ7,1
A0A0D5YKR4,1
A0A0D6CBA8,2
A0A0D6GJV1,4
A0A0D6H805,3
A0A0D6HIR7,3
A0A0D6HP13,1
A0A0D6HUA0,1
A0A0D6I3Y9,1
A0A0D6IF67,3
A0A0D6IV69,1
A0A0D6JKM4,1
A0A0D6KM24,1
A0A0D6L0Q7,1
A0A0D6TQX4,1
A0A0D7C3R7,2
A0A0D7LY80,1
A0A0D8JSK0,1
A0A0D9RBI8,1
A0A0D9Z3K8,1
A0A0E0TE00,1
A0A0E0TG05,1
A0A0E1NWS3,1
A0A0E2AWB8,1
A0A0E2IV13,2
A0A0E3CPJ0,1
A0A0E3D3H8,1
A0A0E3GLN3,1
A0A0E3GTJ4,2
A0A0E3JLZ0,3
A0A0E3K9N8,2
A0A0E3LP72,3
A0A0E3QWH3,3
A0A0E3QYL7,3
A0A0E3UPZ3,1
A0A0E3URV8,3
A0A0E3VZU8,1
A0A0E3W010,4
A0A0E3X5I8,3
A0A0E3ZCF3,7
A0A0E4AYE7,2
A0A0E4B1P1,4
A0A0E4B213,3
A0A0E4B366,1
A0A0E4G455,4
A0A0F0AZW0,1
A0A0F4JF04,2
A0A0F4KU40,2
A0A0F4VK59,3
A0A0F4Z128,1
A0A0F5HNH9,1
A0A0F5I5V4,1
A0A0F6AK91,1
A0A0F6AN26,1
A0A0F6AQU1,2
A0A0F6AR69,2
A0A0F6AW83,1
A0A0F6AWM7,1
A0A0F6AY66,7
A0A0F6AZI6,1
A0A0F6AZN3,1
A0A0F6AZQ4,1
A0A0F6B1U8,1
A0A0F6B221,1
A0A0F6B249,1
A0A0F6B281,1
A0A0F6B4U8,1
A0A0F6B5X4,1
A0A0F6B8D8,2
A0A0F6B8D9,1
A0A0F6BAH8,1
A0A0F6BAH9,1
A0A0F6N4U7,2
A0A0F6NGI2,1
A0A0F6P2I5,1
A0A0F6R9G3,1
A0A0F6SD02,2
A0A0F6WGE1,2
A0A0F6YEF6,1
A0A0F7G0Y4,4
A0A0F7G196,3
A0A0F7IPS1,1
A0A0F7J3Q3,1
A0A0F7J8S0,2
A0A0F7KYQ8,8
A0A0F7PV22,1
A0A0F7R1P3,1
A0A0F7R2R9,1
A0A0F7R5U8,4
A0A0F7R6D6,5
A0A0F7R6G7,4
A0A0F7UZ05,2
A0A0F7V8B2,1
A0A0F7VBC6,1
A0A0F8R9A0,5
A0A0F8V8L2,2
A0A0F8XMN8,1
A0A0F9XM91,1
A0A0G1XU35,1
A0A0G2JF94,4
A0A0G2JL56,1
A0A0G2JMB4,1
A0A0G2JPD3,4
A0A0G2JZW1,1
A0A0G2K8Z9,4
A0A0G2LB96,3
A0A0G2Q8L7,1
A0A0G2RKR9,1
A0A0G3FEJ8,1
A0A0G3FEK2,1
A0A0G3H170,1
A0A0G4DBU7,5
A0A0G4DCU0,7
A0A0G4QN87,1
A0A0H0XV02,1
A0A0H0Y8X2,1
A0A0H2SHM8,1
A0A0H2UKY3,1
A0A0H2UKY4,1
A0A0H2UKY8,1
A0A0H2UKZ1,1
A0A0H2UKZ3,1
A0A0H2UKZ5,1
A0A0H2UKZ7,1
A0A0H2UL03,4
A0A0H2UL04,2
A0A0H2UMY0,1
A0A0H2UMZ7,1
A0A0H2UN19,2
A0A0H2UN21,1
A0A0H2UN22,1
A0A0H2UN25,1
A0A0H2UN41,1
A0A0H2UN46,2
A0A0H2UN73,1
A0A0H2UN92,1
A0A0H2UN95,3
A0A0H2UNA1,1
A0A0H2UND0,1
A0A0H2UNG0,4
A0A0H2UNH0,1
A0A0H2UNJ8,1
A0A0H2UNK6,1
A0A0H2UNM0,1
A0A0H2UNM7,5
A0A0H2UNQ9,2
A0A0H2UNS1,1
A0A0H2UNT5,1
A0A0H2UNT6,2
A0A0H2UNW2,1
A0A0H2UNZ8,1
A0A0H2UP19,3
A0A0H2UP26,2
A0A0H2UP35,2
A0A0H2UP38,1
A0A0H2UP67,1
A0A0H2UP74,1
A0A0H2UP77,1
A0A0H2UPA7,2
A0A0H2UPC8,1
A0A0H2UPF3,4
A0A0H2UPL4,1
A0A0H2UPM3,1
A0A0H2UPP7,1
A0A0H2UPQ2,1
A0A0H2UPR5,2
A0A0H2UPS5,4
A0A0H2UPT5,2
A0A0H2UPV6,1
A0A0H2UPY1,1
A0A0H2UPY5,1
A0A0H2UPY9,1
A0A0H2UQ30,1
A0A0H2UQ53,1
A0A0H2UQ68,10
A0A0H2UQ78,1
A0A0H2UQ81,1
A0A0H2UQ89,1
A0A0H2UQ91,1
A0A0H2UQE4,9
A0A0H2UQU7,1
A0A0H2UQV3,1
A0A0H2UR04,2
A0A0H2UR34,5
A0A0H2UR54,1
A0A0H2UR67,1
A0A0H2UR89,1
A0A0H2UR92,1
A0A0H2UR98,1
A0A0H2URA0,1
A0A0H2URA5,1
A0A0H2URC7,1
A0A0H2URD6,5
A0A0H2URF0,1
A0A0H2URF8,1
A0A0H2URG7,1
A0A0H2URJ7,4
A0A0H2URK1,3
A0A0H2URM1,3
A0A0H2URN1,1
A0A0H2URN9,1
A0A0H2URP5,1
A0A0H2URQ6,6
A0A0H2URR1,1
A0A0H2URV7,1
A0A0H2URW2,2
A0A0H2URZ6,3
A0A0H2US34,9
A0A0H2US38,1
A0A0H2US48,2
A0A0H2US72,1
A0A0H2US73,6
A0A0H2US78,4
A0A0H2US93,1
A0A0H2USG4,1
A0A0H2USH8,1
A0A0H2USX5,1
A0A0H2UT30,1
A0A0H2UT39,1
A0A0H2UTE5,1
A0A0H2UTN5,1
A0A0H2UUG0,1
A0A0H2UWN1,2
A0A0H2UWN8,3
A0A0H2UXE9,1
A0A0H2UXX1,3
A0A0H2UYY2,3
A0A0H2V277,1
A0A0H2V3A6,1
A0A0H2V3I0,1
A0A0H2V4A7,1
A0A0H2V4H2,1
A0A0H2V5A3,1
A0A0H2V5I6,1
A0A0H2V6G8,1
A0A0H2V6Q4,1
A0A0H2V6Y9,2
A0A0H2V731,1
A0A0H2V735,1
A0A0H2V7F2,1
A0A0H2V7F6,2
A0A0H2V833,2
A0A0H2V857,1
A0A0H2V8D3,3
A0A0H2V9Q5,1
A0A0H2VAW5,1
A0A0H2VAX3,1
A0A0H2VBL3,1
A0A0H2VC26,1
A0A0H2VCL5,1
A0A0H2VD83,2
A0A0H2VDD2,1
A0A0H2VDN9,1
A0A0H2VDX9,2
A0A0H2VHB1,1
A0A0H2VHE3,1
A0A0H2VHN1,1
A0A0H2VHN8,1
A0A0H2VHQ2,1
A0A0H2VHQ6,1
A0A0H2VIU2,1
A0A0H2VTI6,3
A0A0H2VWV0,1
A0A0H2VX33,1
A0A0H2VY20,1
A0A0H2W186,1
A0A0H2W2Y2,1
A0A0H2W5P5,1
A0A0H2W6Z9,1
A0A0H2W7Q5,2
A0A0H2WBM4,1
A0A0H2WCA9,1
A0A0H2WCF8,1
A0A0H2WF95,1
A0A0H2WFM6,1
A0A0H2WJQ2,1
A0A0H2WM30,1
A0A0H2WND1,1
A0A0H2WQ05,1
A0A0H2WR29,1
A0A0H2WVW5,3
A0A0H2WW38,1
A0A0H2WWB5,1
A0A0H2WWL2,1
A0A0H2WWM9,1
A0A0H2WWV6,2
A0A0H2WX20,2
A0A0H2WX25,1
A0A0H2WXM0,1
A0A0H2WXT1,1
A0A0H2WXZ7,1
A0A0H2WY27,14
A0A0H2WYW3,1
A0A0H2WZ09,2
A0A0H2WZ38,1
A0A0H2WZ98,1
A0A0H2WZL3,2
A0A0H2WZV8,1
A0A0H2WZY4,1
A0A0H2X069,1
A0A0H2X0S3,6
A0A0H2X0Y8,1
A0A0H2X6W0,1
A0A0H2XBX7,2
A0A0H2XEV3,1
A0A0H2XGN0,1
A0A0H2XH33,1
A0A0H2XI76,1
A0A0H2XI93,1
A0A0H2XIJ1,1
A0A0H2XIU6,1
A0A0H2XIZ7,1
A0A0H2XK72,4
A0A0H2YM47,1
A0A0H2YN38,9
A0A0H2YNR7,5
A0A0H2YP60,1
A0A0H2YP99,1
A0A0H2YPJ4,1
A0A0H2YQB3,3
A0A0H2YQN3,1
A0A0H2YQR1,3
A0A0H2YR30,1
A0A0H2YRL1,2
A0A0H2YRZ7,3
A0A0H2YS52,1
A0A0H2YS77,1
A0A0H2YSI2,2
A0A0H2YST8,5
A0A0H2YT71,2
A0A0H2YTW6,1
A0A0H2YTZ1,1
A0A0H2YU83,1
A0A0H2YU91,7
A0A0H2YUZ2,1
A0A0H2YW34,1
A0A0H2YWG9,1
A0A0H2Z0G0,1
A0A0H2Z117,3
A0A0H2Z2W8,1
A0A0H2Z7A6,1
A0A0H2Z874,2
A0A0H2Z8A2,1
A0A0H2Z901,2
A0A0H2Z9F5,2
A0A0H2Z9V8,1
A0A0H2ZBG1,1
A0A0H2ZD27,32
A0A0H2ZD98,2
A0A0H2ZE85,8
A0A0H2ZEH5,2
A0A0H2ZFH3,1
A0A0H2ZI10,1
A0A0H2ZIZ8,2
A0A0H2ZMC0,1
A0A0H2ZMK9,1
A0A0H2ZMX3,1
A0A0H2ZN67,1
A0A0H2ZNA4,3
A0A0H2ZNF4,1
A0A0H2ZNM1,1
A0A0H2ZNZ5,1
A0A0H2ZP28,1
A0A0H2ZPL4,1
A0A0H2ZQ91,1
A0A0H2ZRI0,1
A0A0H2ZRU2,1
A0A0H2ZSG9,1
A0A0H2ZSR3,1
A0A0H2ZSV5,1
A0A0H2ZTH2,1
A0A0H2ZTL3,1
A0A0H2ZTN5,1
A0A0H2ZTN6,1
A0A0H2ZU39,1
A0A0H2ZUQ2,1
A0A0H2ZV91,1
A0A0H2ZWD1,1
A0A0H2ZWY3,1
A0A0H2ZXF2,1
A0A0H2ZY59,1
A0A0H2ZY91,1
A0A0H2ZYS9,1
A0A0H2ZZ96,1
A0A0H3A0Q9,1
A0A0H3A4H3,1
A0A0H3A4S5,1
A0A0H3ADN9,1
A0A0H3ADR8,1
A0A0H3AE70,1
A0A0H3AER7,5
A0A0H3AES3,1
A0A0H3AFK0,1
A0A0H3AFM6,1
A0A0H3AFW5,6
A0A0H3AGE3,1
A0A0H3AHP1,1
A0A0H3AIE8,1
A0A0H3AIG7,7
A0A0H3AIH3,1
A0A0H3AJ03,1
A0A0H3AJ04,5
A0A0H3AJJ8,1
A0A0H3AKH0,1
A0A0H3ALA8,1
A0A0H3AM46,1
A0A0H3AME7,2
A0A0H3AMJ9,2
A0A0H3AQ75,2
A0A0H3AQB6,2
A0A0H3ASL8,4
A0A0H3ASR6,1
A0A0H3ATY4,1
A0A0H3ATZ3,1
A0A0H3AWV3,2
A0A0H3AY56,1
A0A0H3B0B8,1
A0A0H3B1Q8,1
A0A0H3B2F9,4
A0A0H3B5N9,1
A0A0H3BXA0,1
A0A0H3BY62,2
A0A0H3BZ89,2
A0A0H3C5N2,1
A0A0H3C7V4,8
A0A0H3C834,1
A0A0H3C9J4,4
A0A0H3C9Q9,1
A0A0H3CA70,2
A0A0H3CAN8,1
A0A0H3CAV3,1
A0A0H3CBZ6,1
A0A0H3CDG5,1
A0A0H3CDY2,1
A0A0H3CFC9,1
A0A0H3CIJ2,2
A0A0H3CIX8,2
A0A0H3CJW2,1
A0A0H3CKN4,2
A0A0H3CM13,1
A0A0H3CM71,1
A0A0H3CN11,1
A0A0H3CPF7,1
A0A0H3CQ33,1
A0A0H3CVZ6,1
A0A0H3FJT8,5
A0A0H3FKK2,2
A0A0H3FL22,3
A0A0H3FMF8,10
A0A0H3FPU4,11
A0A0H3FR62,7
A0A0H3FXS4,7
A0A0H3G0N3,4
A0A0H3G2U5,2
A0A0H3G350,1
A0A0H3G544,1
A0A0H3G6B0,1
A0A0H3G7M3,1
A0A0H3G917,1
A0A0H3G9R2,1
A0A0H3G9X2,1
A0A0H3GA96,1
A0A0H3GD84,1
A0A0H3GFS8,1
A0A0H3GIZ6,1
A0A0H3GJB6,1
A0A0H3GJF7,5
A0A0H3GLZ1,1
A0A0H3GM04,1
A0A0H3GMP0,1
A0A0H3GRR0,1
A0A0H3GU89,2
A0A0H3GVQ7,4
A0A0H3GWS2,1
A0A0H3H219,35
A0A0H3HIJ5,1
A0A0H3HP34,7
A0A0H3JDV8,3
A0A0H3JH39,2
A0A0H3JHA1,1
A0A0H3JHT3,6
A0A0H3JKI3,1
A0A0H3JN63,2
A0A0H3JNB0,5
A0A0H3JP37,2
A0A0H3JPA5,3
A0A0H3JPC6,5
A0A0H3JPF2,3
A0A0H3JPH0,3
A0A0H3JPI4,1
A0A0H3JPM4,3
A0A0H3JPP0,1
A0A0H3JPT9,1
A0A0H3JQ19,2
A0A0H3JQV2,1
A0A0H3JR67,1
A0A0H3JRA8,1
A0A0H3JRK2,1
A0A0H3JRR0,2
A0A0H3JRR2,1
A0A0H3JRX7,1
A0A0H3JSC0,1
A0A0H3JSF1,1
A0A0H3JSG1,1
A0A0H3JSM9,1
A0A0H3JSS7,1
A0A0H3JSV1,1
A0A0H3JSY9,2
A0A0H3JSZ8,1
A0A0H3JT72,4
A0A0H3JT80,6
A0A0H3JTC8,1
A0A0H3JTG5,1
A0A0H3JTJ5,2
A0A0H3JTP0,4
A0A0H3JTS0,1
A0A0H3JTS7,1
A0A0H3JU14,1
A0A0H3JU78,3
A0A0H3JUJ1,2
A0A0H3JUK5,1
A0A0H3JUR0,1
A0A0H3JUU7,2
A0A0H3JV59,1
A0A0H3JWI0,1
A0A0H3JWU6,2
A0A0H3JX61,2
A0A0H3JX79,1
A0A0H3JX93,1
A0A0H3JXA8,1
A0A0H3JXG2,1
A0A0H3JXK4,1
A0A0H3JXR3,1
A0A0H3JYD9,1
A0A0H3JYW8,1
A0A0H3JZ23,1
A0A0H3JZ56,1
A0A0H3JZ73,1
A0A0H3JZG0,1
A0A0H3JZJ4,2
A0A0H3JZW1,1
A0A0H3JZY6,1
A0A0H3K033,6
A0A0H3K044,1
A0A0H3K0M1,3
A0A0H3K0Y5,1
A0A0H3K0Z1,1
A0A0H3K164,1
A0A0H3K174,1
A0A0H3K5M0,1
A0A0H3K6A3,2
A0A0H3K6J7,1
A0A0H3K724,12
A0A0H3K7S1,1
A0A0H3K7Y1,1
A0A0H3K9J4,1
A0A0H3K9U6,2
A0A0H3K9Y6,5
A0A0H3K9Z0,1
A0A0H3KA72,3
A0A0H3KB22,3
A0A0H3KB98,1
A0A0H3KBY8,1
A0A0H3KDL9,1
A0A0H3KFM7,2
A0A0H3KFN7,1
A0A0H3KGN1,1
A0A0H3KGN3,1
A0A0H3KH80,1
A0A0H3KHT8,2
A0A0H3KJG7,1
A0A0H3KN52,3
A0A0H3KNC4,4
A0A0H3KNE7,3
A0A0H3KNM5,1
A0A0H3KPC8,1
A0A0H3KPJ4,1
A0A0H3KPJ9,1
A0A0H3KRF1,1
A0A0H3KRR5,1
A0A0H3KXJ8,5
A0A0H3LGE5,1
A0A0H3LHY8,1
A0A0H3LJQ6,1
A0A0H3LJT0,1
A0A0H3LK92,1
A0A0H3LKE5,1
A0A0H3LKK6,1
A0A0H3LKK8,2
A0A0H3LM39,1
A0A0H3LM73,1
A0A0H3LMU1,1
A0A0H3LP08,1
A0A0H3LPK2,1
A0A0H3LPN1,1
A0A0H3LRN8,1
A0A0H3LS10,1
A0A0H3LS71,1
A0A0H3LT39,4
A0A0H3LTD0,1
A0A0H3LTZ0,1
A0A0H3LUA9,3
A0A0H3LUS8,1
A0A0H3LUV4,1
A0A0H3LUZ2,1
A0A0H3LV04,1
A0A0H3LV19,2
A0A0H3LVG3,1
A0A0H3LVQ9,1
A0A0H3LW43,1
A0A0H3LW83,1
A0A0H3LWT6,1
A0A0H3LWY9,1
A0A0H3LX24,1
A0A0H3LX82,2
A0A0H3LXD4,1
A0A0H3LXD5,2
A0A0H3LYP5,1
A0A0H3LYW6,1
A0A0H3LZE4,1
A0A0H3LZG7,1
A0A0H3M034,2
A0A0H3M079,1
A0A0H3M2Q2,2
A0A0H3M323,1
A0A0H3M325,1
A0A0H3M3F4,1
A0A0H3M3R8,1
A0A0H3M4F9,1
A0A0H3M4W2,1
A0A0H3M584,1
A0A0H3M6H9,1
A0A0H3M6V9,1
A0A0H3M6W8,2
A0A0H3M7U0,1
A0A0H3MBU8,1
A0A0H3MBV9,5
A0A0H3MBY2,2
A0A0H3MCJ9,1
A0A0H3MCU1,1
A0A0H3MDU0,1
A0A0H3MDV9,1
A0A0H3MDW1,3
A0A0H3MH91,1
A0A0H3MQY4,1
A0A0H3MRL9,1
A0A0H3MRW3,1
A0A0H3ND95,2
A0A0H3NHS6,1
A0A0H3NLH8,1
A0A0H3NMP8,3
A0A0H3NPR7,1
A0A0H3NPU3,1
A0A0H3PA01,9
A0A0H3PAQ3,2
A0A0H3PAZ9,1
A0A0H3PBA4,1
A0A0H3TLP8,2
A0A0H3XJK5,2
A0A0H3YBU9,1
A0A0H3YGY5,8
A0A0H4B872,1
A0A0H4ITX1,1
A0A0H4IUK8,1
A0A0H4IWK3,1
A0A0H4SN47,1
A0A0H4SRM2,1
A0A0H4TFU4,1
A0A0H4TJ34,1
A0A0H4TXY1,1
A0A0H5AXR2,1
A0A0H5BL38,8
A0A0H5BR52,6
A0A0H5BRR0,1
A0A0H6LKE4,1
A0A0J1PJ79,1
A0A0J4VP90,1
A0A0J5ZXG5,1
A0A0J7JFD7,8
A0A0J7XEF9,1
A0A0J8GWN9,2
A0A0J9WZ66,1
A0A0J9WZA6,4
A0A0J9WZF0,3
A0A0J9X157,1
A0A0J9X1M8,4
A0A0J9X1Q5,1
A0A0J9X1X3,1
A0A0J9X1X5,1
A0A0J9X1X6,1
A0A0J9X1X7,1
A0A0J9X1Y0,4
A0A0J9X1Y2,5
A0A0J9X1Y7,1
A0A0J9X1Y8,2
A0A0J9X1Z1,1
A0A0J9X1Z4,1
A0A0J9X1Z5,2
A0A0J9X1Z6,1
A0A0J9X1Z8,1
A0A0J9X1Z9,1
A0A0J9X200,1
A0A0J9X241,5
A0A0J9X243,1
A0A0J9X245,1
A0A0J9X246,1
A0A0J9X260,1
A0A0J9X263,1
A0A0J9X267,7
A0A0J9X268,7
A0A0J9X276,2
A0A0J9X278,1
A0A0J9X279,1
A0A0J9X283,1
A0A0J9X284,1
A0A0J9X285,2
A0A0J9X287,1
A0A0J9X288,4
A0A0J9X290,1
A0A0J9XTC4,1
A0A0J9Y762,1
A0A0K0GM91,1
A0A0K0GMP8,1
A0A0K0K1A5,7
A0A0K0KAD3,2
A0A0K0MJ13,1
A0A0K0MJN3,2
A0A0K0PV22,1
A0A0K0VJM9,1
A0A0K0XHU0,3
A0A0K1EBZ5,1
A0A0K1EC20,1
A0A0K1EC30,1
A0A0K1ECI7,1
A0A0K1TP21,3
A0A0K2AJY3,3
A0A0K2E2J2,1
A0A0K2H5X8,1
A0A0K2H9D8,1
A0A0K2JL82,2
A0A0K2SRV3,2
A0A0K2VM55,1
A0A0K2Z0V7,1
A0A0K4KR53,1
A0A0K6BSL6,1
A0A0K6ITW2,3
A0A0K8P6T7,33
A0A0K8P8E7,8
A0A0K8PVQ4,1
A0A0K8RCY5,1
A0A0K8RJ89,1
A0A0K8RMA7,1
A0A0K8TUN4,1
A0A0K9H482,1
A0A0L0P3H9,1
A0A0L6JMH4,1
A0A0L6ZWS4,1
A0A0L7KHE6,1
A0A0L7KJE1,1
A0A0L7M119,1
A0A0L7RG06,1
A0A0L8SKF9,2
A0A0M0ELU2,2
A0A0M2HFA3,1
A0A0M3G7Q5,1
A0A0M3KKU5,1
A0A0M3KKU7,1
A0A0M3KKU8,1
A0A0M3KKV1,3
A0A0M3KKV2,1
A0A0M3KKV6,4
A0A0M3KKV7,1
A0A0M3KKV8,1
A0A0M3KKW0,1
A0A0M3KKW1,1
A0A0M3KKW2,1
A0A0M3KKW3,1
A0A0M3KKW7,1
A0A0M3KKW9,28
A0A0M3KKX1,1
A0A0M3KKX3,1
A0A0M3KKX4,1
A0A0M3KKY2,1
A0A0M3KKY6,4
A0A0M3KKY8,1
A0A0M3KKY9,1
A0A0M3KKZ2,1
A0A0M3KKZ3,2
A0A0M3KKZ4,1
A0A0M3KKZ6,1
A0A0M3KKZ8,2
A0A0M3KKZ9,1
A0A0M3KL00,2
A0A0M3KL01,2
A0A0M3KL03,1
A0A0M3KL07,1
A0A0M3KL08,1
A0A0M3KL09,1
A0A0M3KL10,1
A0A0M3KL12,1
A0A0M3KL14,1
A0A0M3KL15,1
A0A0M3KL16,1
A0A0M3KL17,1
A0A0M3KL18,1
A0A0M3KL20,5
A0A0M3KL21,1
A0A0M3KL26,1
A0A0M3KL28,1
A0A0M3KL30,2
A0A0M3KL31,2
A0A0M3KL32,1
A0A0M3KL33,1
A0A0M3KL34,1
A0A0M3KL35,1
A0A0M3KL36,1
A0A0M3KL37,1
A0A0M3KL39,2
A0A0M3KL42,1
A0A0M3KL43,1
A0A0M3KL44,1
A0A0M3KL46,1
A0A0M3KL47,1
A0A0M3KL48,1
A0A0M3KL49,1
A0A0M3KL50,3
A0A0M3KL51,1
A0A0M3KL60,2
A0A0M3KL64,2
A0A0M3KL65,2
A0A0M3KL68,1
A0A0M3PN85,2
A0A0M3PNA2,7
A0A0M3Q1Q3,1
A0A0M3U1T9,1
A0A0M4AMQ0,1
A0A0M4APJ4,1
A0A0M4AUH6,1
A0A0M4AV81,1
A0A0M4DML1,2
A0A0M4FJ81,20
A0A0M4HL56,2
A0A0M4KEQ7,1
A0A0M4U3V7,1
A0A0M4UW33,2
A0A0M5I297,1
A0A0M5J3M0,3
A0A0M6X1Q9,2
A0A0M7CBI0,1
A0A0M7ENE2,1
A0A0M7F7K2,1
A0A0M7FD65,1
A0A0M7H8A9,1
A0A0N0D484,5
A0A0N1MQL5,1
A0A0N7IFL6,1
A0A0N7K4J8,1
A0A0N7KZ58,2
A0A0N8R1B2,1
A0A0N9HQ36,2
A0A0N9JNY6,2
A0A0N9JT91,1
A0A0N9M5Z3,1
A0A0N9NJF3,1
A0A0N9RDU4,2
A0A0N9XBU7,7
A0A0N9XSE6,1
A0A0P0DZ84,1
A0A0P0E482,8
A0A0P0EUM0,1
A0A0P0F756,1
A0A0P0FIE8,3
A0A0P0FKB9,1
A0A0P0FQI4,1
A0A0P0FW82,1
A0A0P0GKX0,1
A0A0P0QFX8,1
A0A0P0QLC4,1
A0A0P0QM28,4
A0A0P1EM06,1
A0A0P6Y0P9,1
A0A0P7R7Y1,1
A0A0Q0XIY0,1
A0A0Q2QQ54,1
A0A0Q2QQL1,3
A0A0Q2XKL6,3
A0A0Q3EUQ3,4
A0A0Q7STC4,1
A0A0Q9HY32,2
A0A0Q9KFZ4,1
A0A0R0IK90,5
A0A0R0LNE8,1
A0A0R0VXX6,1
A0A0R1ZV46,3
A0A0R3W9T8,1
A0A0R4I961,3
A0A0R4I962,1
A0A0R4I963,1
A0A0R4I967,1
A0A0R4I968,1
A0A0R4I970,2
A0A0R4I973,6
A0A0R4I977,1
A0A0R4I978,1
A0A0R4I980,1
A0A0R4I981,3
A0A0R4I985,3
A0A0R4I987,1
A0A0R4I993,2
A0A0R4I995,1
A0A0R4IA99,1
A0A0R4IKJ1,4
A0A0R4IMY7,1
A0A0R4J6H0,1
A0A0R4J6U7,1
A0A0R5NGA4,5
A0A0R5P8X1,3
A0A0R5TVW3,1
A0A0R6L508,12
A0A0R6PCL0,1
A0A0R8HV90,3
A0A0R8PDN4,1
A0A0S0MVI5,2
A0A0S0N8M3,1
A0A0S0VKY7,3
A0A0S1VWZ1,1
A0A0S2C593,1
A0A0S2DN74,2
A0A0S2E5N6,1
A0A0S2GKZ1,50
A0A0S2T163,3
A0A0S2UQQ5,6
A0A0S3AND7,1
A0A0S3QTD0,3
A0A0S4IKF4,1
A0A0S4KUT0,1
A0A0S4TJL4,2
A0A0S4TKQ5,2
A0A0S4TLR1,38
A0A0S4VB05,3
A0A0S4WQH1,5
A0A0S8FF56,1
A0A0T9TPS2,2
A0A0U1AN13,1
A0A0U1C370,1
A0A0U1MUE2,2
A0A0U1MWF9,5
A0A0U1R086,1
A0A0U1R0I0,1
A0A0U1RGY0,2
A0A0U1RIB4,1
A0A0U1WGQ5,1
A0A0U1X4V6,6
A0A0U1ZL01,1
A0A0U2E2J7,1
A0A0U2GPS7,1
A0A0U2T5K7,1
A0A0U2UYC4,3
A0A0U3AGT1,25
A0A0U3AP28,2
A0A0U3FHU0,1
A0A0U3FSM8,1
A0A0U3FVB3,5
A0A0U3H1E6,2
A0A0U3IB62,2
A0A0U3JM87,1
A0A0U3TLJ6,1
A0A0U4DG08,2
A0A0U4ERT5,1
A0A0U4HUZ5,1
A0A0U4N5W4,1
A0A0U5BC76,1
A0A0U5FM15,2
A0A0U5GCU5,1
A0A0U5GHC1,1
A0A0U5IHY9,1
A0A0U5Q247,1
A0A0W0SGS1,1
A0A0W4ZF97,1
A0A0W7VXC1,1
A0A0W8ATM9,12
A0A0W8AU86,1
A0A0W8AWE3,1
A0A0W8FB26,1
A0A0X1KGI7,1
A0A0X1KGP2,3
A0A0X1KHD1,4
A0A0X1KHE5,1
A0A0X1KHE6,1
A0A0X1KHF5,6
A0A0X1KVZ3,1
A0A0X1KYD0,1
A0A0X1L1K5,1
A0A0X8GJ44,6
A0A0X8GM05,1
A0A0X8K1J2,1
A0A0X9JHC1,2
A0A0Y0A4Z5,1
A0A0Y0BMD0,1
A0A0Y0DFX2,4
A0A0Y0S9M3,3
A0A0Y5D4F5,4
A0A0Y9W4B5,2
A0A0Z8EWX1,3
A0A100IBH9,1
A0A100JTL7,1
A0A100XEC2,1
A0A101DCH0,1
A0A101DJ27,1
A0A101ELE3,2
A0A101UQ08,1
A0A108C1V7,1
A0A109NYM0,1
A0A109PRQ3,2
A0A109PTH9,4
A0A109QFA5,3
A0A117IMA6,2
A0A117KMF0,1
A0A117KMK3,1
A0A117KMN5,1
A0A124H109,1
A0A125HFC0,1
A0A125R585,9
A0A125RN64,1
A0A125SA24,2
A0A125SA26,1
A0A125SA29,6
A0A125SJ78,1
A0A125T908,1
A0A125W693,2
A0A125YL73,3
A0A125YMZ8,2
A0A125YN40,1
A0A125YP67,1
A0A125YZ49,2
A0A126P0C4,1
A0A126QV54,1
A0A127ELD1,3
A0A128A3G4,2
A0A130QXX8,2
A0A133CK16,2
A0A133LV16,1
A0A133MWI0,1
A0A133PTK7,1
A0A133UP32,3
A0A135VDL7,1
A0A135VHY8,1
A0A135VIJ8,1
A0A135VL07,3
A0A135VMT5,1
A0A136TBS2,1
A0A137PC97,1
A0A140D8S6,1
A0A140DJY3,6
A0A140DYJ4,1
A0A140E9J7,1
A0A140EDM8,1
A0A140EEF9,1
A0A140EH91,5
A0A140H4W8,1
A0A140H546,2
A0A140HJ20,3
A0A140JXP0,1
A0A140LI67,1
A0A140NAP5,2
A0A140ND86,1
A0A140T913,28
A0A140T955,1
A0A140TAH5,1
A0A140UH28,2
A0A140UH31,3
A0A140UH61,1
A0A140UH76,1
A0A140UH97,3
A0A140UHA7,1
A0A140UHB4,3
A0A140UHB6,1
A0A140UHJ0,1
A0A140UHL2,1
A0A140UHM1,1
A0A140UHM3,1
A0A140UHM9,5
A0A140UHP3,1
A0A140UHQ1,3
A0A140UHX1,1
A0A141SEH2,1
A0A141SEH3,1
A0A142FHB4,1
A0A142J6I6,3
A0A142J8F6,1
A0A142KD02,1
A0A143T1U9,4
A0A143Y4R2,5
A0A143ZZR8,1
A0A144A2H0,2
A0A146CJG7,5
A0A146CJH9,1
A0A147EV52,1
A0A147JZ41,1
A0A150NEL9,1
A0A150VE32,3
A0A150VPP7,1
A0A151EDA9,1
A0A151GCU7,1
A0A152KUZ3,1
A0A154EJU5,3
A0A157L8Q0,1
A0A158RFK9,3
A0A158RFR1,1
A0A158RFS7,2
A0A158RFT6,1
A0A159BDB5,3
A0A160EBC2,1
A0A160HRF0,1
A0A160MIM0,1
A0A160MQL0,1
A0A160P685,2
A0A160T9D2,1
A0A160VTD9,1
A0A161I5N6,1
A0A161KIT4,1
A0A161XU12,10
A0A162EGL7,1
A0A162MUP0,1
A0A164WR66,1
A0A165BBH9,1
A0A165FX75,2
A0A166ACJ5,3
A0A166E508,1
A0A166JNM8,1
A0A166Q2C7,2
A0A166U5H3,1
A0A166URZ0,1
A0A167HII1,1
A0A167V0D5,1
A0A168DBN0,2
A0A169B8J1,1
A0A169NNQ0,1
A0A172J1V3,1
A0A172QPU7,1
A0A172U6X0,6
A0A172UEB3,2
A0A172UPQ1,1
A0A173ADK6,1
A0A173CSP7,4
A0A173FE28,1
A0A173M094,2
A0A173M0G2,2
A0A173N065,3
A0A173VPY3,2
A0A174CNH3,1
A0A174CQK8,5
A0A174EHD1,2
A0A174GN40,1
A0A174GYG1,1
A0A174J845,2
A0A174NUT3,4
A0A174QSL3,1
A0A174TK78,1
A0A175VLQ4,2
A0A175WC91,2
A0A176W124,1
A0A177D2A1,1
A0A178EUH2,5
A0A178LR65,1
A0A178STJ6,1
A0A179D1D1,1
A0A179D3Y0,1
A0A179FZ20,2
A0A179QS89,3
A0A179UGT5,4
A0A179UH34,3
A0A179UL48,1
A0A182DW00,1
A0A182DW06,1
A0A182DW07,1
A0A182DW08,1
A0A182DW09,1
A0A182DW20,6
A0A182DW26,1
A0A182DW87,1
A0A182DWB2,1
A0A182DWC7,2
A0A182DWC8,1
A0A182DWD1,1
A0A182DWD2,1
A0A182DWE0,1
A0A182DWE1,1
A0A182DWE3,5
A0A182DWE5,3
A0A183CD52,1
A0A183FP08,2
A0A183GMB4,1
A0A191KW82,1
A0A191KW96,1
A0A191KWB3,2
A0A192ICX3,3
A0A193AUK9,1
A0A193CDY9,1
A0A193DU83,1
A0A193PKW5,5
A0A199VSS3,3
A0A1A5DB13,2
A0A1A7BFR5,4
A0A1A9TA69,1
A0A1A9TA80,1
A0A1A9TA81,1
A0A1A9TA96,2
A0A1A9TAB8,2
A0A1A9TAD0,2
A0A1A9TAF3,1
A0A1A9TAF4,3
A0A1A9TAH8,1
A0A1A9TAI5,1
A0A1A9TAK5,3
A0A1B0UHJ2,1
A0A1B0UHJ4,6
A0A1B0VBT5,1
A0A1B1ESM0,1
A0A1B1H1K0,2
A0A1B1JH81,2
A0A1B1KJ01,1
A0A1B1M0D5,2
A0A1B1MKD3,2
A0A1B1V585,3
A0A1B1Y2R0,1
A0A1B1Y6G8,4
A0A1B1Y6K9,2
A0A1B1Y771,2
A0A1B1Y779,2
A0A1B2AH37,1
A0A1B2JGH2,1
A0A1B2TT09,2
A0A1B2TT18,1
A0A1B2YLJ4,3
A0A1B3EAY9,1
A0A1B3EB36,1
A0A1B3NHK7,1
A0A1B3SN05,1
A0A1B4ZC85,1
A0A1B8GTG7,1
A0A1B8R7L2,1
A0A1C0U7H2,1
A0A1C3HFI3,1
A0A1C3NEV1,2
A0A1C5ADV9,2
A0A1C5AE13,2
A0A1C5SD84,2
A0A1C5YG41,1
A0A1C7D190,1
A0A1C7D191,2
A0A1C7D193,2
A0A1C7D195,1
A0A1C7D1B2,1
A0A1C7D1B5,1
A0A1C7D1B6,1
A0A1C7D1E2,1
A0A1C7D1E3,1
A0A1C7D1E4,1
A0A1C7D1E5,1
A0A1C7D1G9,2
A0A1C7D1H4,1
A0A1C7DQ98,6
A0A1C9CIU0,1
A0A1C9HA64,2
A0A1C9J6A7,3
A0A1C9V3S9,4
A0A1C9WRL0,2
A0A1D0AST6,3
A0A1D1UCW7,1
A0A1D1UN89,1
A0A1D1V463,3
A0A1D1V896,1
A0A1D1VNB4,1
A0A1D1VPD8,2
A0A1D1VW28,1
A0A1D2IE05,2
A0A1D3HIA2,1
A0A1D3S5H0,1
A0A1D5B367,2
A0A1D5B369,1
A0A1D5B380,1
A0A1D5B387,1
A0A1D5B390,1
A0A1D5B391,1
A0A1D5B395,3
A0A1D5B396,1
A0A1D5P3M9,1
A0A1D5PXA5,3
A0A1D6E5Z5,1
A0A1D6GNR3,1
A0A1D6NVZ6,5
A0A1D6QQD6,1
A0A1D7ZZ64,4
A0A1D8PEJ2,1
A0A1D8PGB7,1
A0A1D8PIS4,1
A0A1D8PJ64,1
A0A1D8PJF9,8
A0A1D8PKA4,2
A0A1D8PKB4,5
A0A1D8PMC5,1
A0A1D8PNF5,2
A0A1D8PQ86,5
A0A1D8PS97,1
A0A1D8PSA9,2
A0A1D8PT56,1
A0A1D8PTI2,1
A0A1D8PTP9,1
A0A1E1FFL0,8
A0A1E1FFL1,1
A0A1E1FFN6,1
A0A1E1GJG5,3
A0A1E3AEY6,2
A0A1E3M3A7,1
A0A1E3M3N6,2
A0A1E3M4M0,1
A0A1E3M5S3,1
A0A1E3M6I3,1
A0A1E3M9R5,1
A0A1E3MC83,1
A0A1E4R1F9,3
A0A1E5TT85,3
A0A1E7PEQ8,1
A0A1E7PHN7,1
A0A1E9VP98,3
A0A1E9VR34,2
A0A1F3DVA5,1
A0A1F4JXW8,1
A0A1F7J4N7,1
A0A1F8A906,5
A0A1G2XP69,1
A0A1G4H5I1,4
A0A1G4HIY1,4
A0A1G7VV58,2
A0A1G8DSF5,1
A0A1G8UKZ8,1
A0A1G8XA46,1
A0A1H1MMX0,1
A0A1H1XA63,2
A0A1H2E9C4,1
A0A1H3NGY9,1
A0A1H3QT72,2
A0A1H4DB11,2
A0A1H5RFX8,1
A0A1H7TQR5,2
A0A1H8IKU3,1
A0A1H8YFL8,1
A0A1H9KM06,1
A0A1H9QK90,2
A0A1I3YTB1,3
A0A1I5P1T3,1
A0A1I6NU60,2
A0A1I7RPU0,1
A0A1I8N8V4,3
A0A1I9GEN8,1
A0A1I9GEN9,1
A0A1I9GEP2,5
A0A1I9GEQ4,1
A0A1I9GEQ5,2
A0A1I9GEQ7,2
A0A1I9GET0,2
A0A1I9RH13,2
A0A1I9RYV3,1
A0A1J0MGR2,1
A0A1J0R317,2
A0A1J1J928,1
A0A1J1JDI6,1
A0A1J1JHR9,4
A0A1J4PXK4,1
A0A1J6PBD5,2
A0A1J6UFJ6,1
A0A1J9WBB5,1
A0A1K2FZ20,1
A0A1L1QJZ7,7
A0A1L1QK06,1
A0A1L1QK12,1
A0A1L1QK13,1
A0A1L1QK15,2
A0A1L1QK16,1
A0A1L1QK30,2
A0A1L1QK36,1
A0A1L1QK37,1
A0A1L1QK38,1
A0A1L1QK39,1
A0A1L1QK40,2
A0A1L1VVY8,1
A0A1L3HS62,1
A0A1L4BK98,3
A0A1L4BKP6,1
A0A1L4BKS3,6
A0A1L5BQA7,1
A0A1L5JEG4,2
A0A1L5PQA4,1
A0A1L5YRA2,1
A0A1L6CE30,2
A0A1L7HA01,1
A0A1L7NQ96,3
A0A1L7NZN4,2
A0A1L8D5Z7,1
A0A1L8ENT6,2
A0A1L8F5J9,4
A0A1L8F832,1
A0A1L8G3Z0,1
A0A1L9Q3M5,2
A0A1L9TCT0,2
A0A1L9WG58,2
A0A1M2CSI6,1
A0A1M2V359,1
A0A1M2VMW7,1
A0A1M2VQ92,1
A0A1M4Y7D5,3
A0A1M4ZWA4,1
A0A1M5ABR5,1
A0A1M5SPD1,1
A0A1M5Z711,1
A0A1M6G673,1
A0A1M6T2I7,1
A0A1M6Y2K1,2
A0A1M7S684,1
A0A1M9A4M7,3
A0A1N5W3X4,1
A0A1N7MFN7,3
A0A1P6BP23,1
A0A1P6CBU1,3
A0A1P8CWN8,2
A0A1P8FCM7,1
A0A1P8JNE7,1
A0A1P8L018,1
A0A1P8L021,1
A0A1P8NWC2,3
A0A1P8PEY0,1
A0A1P8VKA0,2
A0A1P8VSI6,4
A0A1P8VSL7,3
A0A1P8YXI8,2
A0A1Q1PNC6,1
A0A1Q2M1X9,1
A0A1Q3QTC5,1
A0A1Q4NVM7,2
A0A1Q5KRT3,1
A0A1Q6BKH4,1
A0A1Q9N7W7,1
A0A1Q9NLL0,1
A0A1R0MXM9,1
A0A1R1AV52,3
A0A1R1S5L5,1
A0A1R2HMX1,1
A0A1S1R073,1
A0A1S2FVD8,2
A0A1S2VYK0,2
A0A1S2XQ25,1
A0A1S2ZE25,1
A0A1S2ZIM2,1
A0A1S3C4H6,1
A0A1S3KNQ3,1
A0A1S3THR8,3
A0A1S3W9A1,1
A0A1S4CVP6,2
A0A1S4E5V9,2
A0A1S4F020,2
A0A1S4F0I0,1
A0A1S4FIB3,4
A0A1S4K3K8,1
A0A1S4NYD4,3
A0A1S4NYD7,1
A0A1S4NYE1,2
A0A1S4NYE2,1
A0A1S4NYE3,1
A0A1S4NYE4,1
A0A1S4NYE5,5
A0A1S4NYE6,1
A0A1S4NYE7,1
A0A1S4NYE9,1
A0A1S4NYF2,3
A0A1S4NYF7,3
A0A1S4NYF8,1
A0A1S4NYF9,1
A0A1S5NV50,1
A0A1S5PRR0,1
A0A1S5SHT2,1
A0A1S6K8S9,1
A0A1S6KGE5,1
A0A1S6PUA4,2
A0A1S6QFV5,1
A0A1S6YJF3,1
A0A1S7IWI8,1
A0A1S8KJG1,1
A0A1S8QGT2,1
A0A1S9DH83,4
A0A1S9DK56,10
A0A1S9DRB1,1
A0A1T3DDI2,1
A0A1T3HI54,1
A0A1T3IZT7,1
A0A1T3V7R2,2
A0A1T4J289,1
A0A1T4KK94,2
A0A1U7FVV6,1
A0A1U7N2Z8,4
A0A1U7Q1S7,2
A0A1U7Q1U3,5
A0A1U7Q1Y9,1
A0A1U7Q1Z0,1
A0A1U8X168,1
A0A1U8YI81,1
A0A1U9AK63,4
A0A1U9W5E8,2
A0A1U9Y7T8,2
A0A1V0QH64,1
A0A1V0QSQ1,1
A0A1V1IGJ9,2
A0A1V1P2N3,1
A0A1V1VDL8,1
A0A1V1W347,1
A0A1V2APZ1,1
A0A1V2VU04,1
A0A1V2W6E8,3
A0A1V3AA65,1
A0A1V3U2Z4,1
A0A1V3WIE5,3
A0A1V3XDT0,2
A0A1V4D079,1
A0A1V4VDZ9,1
A0A1V6L5G6,1
A0A1V6NH53,1
A0A1V6SMJ6,1
A0A1V8MYF4,1
A0A1V9TQZ2,1
A0A1W0CH45,1
A0A1W1IVY1,1
A0A1W1IW87,1
A0A1W1Q5B1,1
A0A1W2VMW5,2
A0A1W2VMZ5,2
A0A1W2VMZ8,1
A0A1W2VMZ9,2
A0A1W6AW68,1
A0A1W6I4R7,2
A0A1W6L588,3
A0A1W6R555,1
A0A1W6R556,9
A0A1W6R583,1
A0A1W6TB41,1
A0A1W7GKH4,1
A0A1W7GKH6,1
A0A1X0ZT96,2
A0A1X7D696,1
A0A1X8XL85,1
A0A1X8XL86,1
A0A1X8XLE9,4
A0A1X8XLG1,1
A0A1X8XLG2,1
A0A1X9LWZ7,1
A0A1X9T5X9,2
A0A1X9WEN9,3
A0A1Y0CH10,1
A0A1Y0DDB3,1
A0A1Y0K711,5
A0A1Y0PY16,1
A0A1Y1BQV9,2
A0A1Y1BW66,3
A0A1Y1BW67,3
A0A1Y1BWQ0,1
A0A1Y1CAU9,1
A0A1Y1CQ89,1
A0A1Y1CVU5,1
A0A1Y2HEJ3,2
A0A1Y2TH07,4
A0A1Y3PXT7,1
A0A1Y4JW59,1
A0A1Y4PXW9,1
A0A1Y6JJH6,2
A0A1Y9G8D0,1
A0A1Z0YU11,1
A0A1Z0YU12,1
A0A1Z0YU24,1
A0A1Z0YU25,2
A0A1Z0YU59,1
A0A1Z0YU84,1
A0A1Z0YU85,1
A0A1Z0YU86,2
A0A1Z1F9L9,2
A0A1Z1FG87,1
A0A1Z1MZ81,1
A0A1Z1SX23,1
A0A1Z1XCF6,1
A0A1Z2RUD1,1
A0A202B6V5,1
A0A212FM92,1
A0A218KCJ1,1
A0A218KRF6,1
A0A218P4J1,1
A0A218QMM7,1
A0A218ZZ45,1
A0A219C8F5,2
A0A219T3Y8,2
A0A220NTE5,1
A0A221ZS22,8
A0A222NNM9,2
A0A222NYA8,1
A0A222YV61,1
A0A223A5J4,1
A0A223E5F5,1
A0A223GEC9,4
A0A223KLJ1,1
A0A223MA21,1
A0A224AU14,4
A0A224B0L3,1
A0A225DNX9,1
A0A229FJD3,1
A0A229Y8Y1,1
A0A238LNS4,1
A0A239NBQ6,2
A0A241XEQ7,2
A0A241ZGM3,1
A0A242DI27,1
A0A246BSD0,2
A0A246NXR9,1
A0A247D6V8,1
A0A247D6X3,1
A0A247D6X4,1
A0A247D6X5,1
A0A247D6Y2,5
A0A247D6Y4,1
A0A248QE08,12
A0A249JQG5,1
A0A249T061,2
A0A250J6H4,1
A0A251RPF5,1
A0A251YBN8,1
A0A254U4M1,1
A0A256XLS3,3
A0A256XQM7,1
A0A285UWY4,1
A0A286FIB6,1
A0A286R227,1
A0A286R7K5,2
A0A286RIX1,6
A0A286S0G7,1
A0A286SBY7,2
A0A286Y9D1,3
A0A287AGU7,1
A0A288DKP7,1
A0A290MK63,1
A0A290S6P3,1
A0A290YXM6,1
A0A291L8F4,6
A0A292DHH8,2
A0A2A2C800,2
A0A2A2CAY5,1
A0A2A2MA06,1
A0A2A4GXB5,1
A0A2A5MQ98,1
A0A2C9TMM3,1
A0A2C9ZNI9,1
A0A2D0TC04,1
A0A2D0TC51,2
A0A2D0TC52,3
A0A2D0TC86,1
A0A2D0TC87,1
A0A2D0TC88,1
A0A2D0TC93,1
A0A2D0TC97,5
A0A2D0TC98,5
A0A2D0TC99,5
A0A2D0TCA6,5
A0A2D0TCB4,5
A0A2D0TCB9,5
A0A2D0TCC8,1
A0A2D0TCC9,2
A0A2D0TCD1,1
A0A2D0TCD2,1
A0A2D0TCD3,2
A0A2D0TCD6,2
A0A2D0TCG3,1
A0A2D0TCG5,2
A0A2D0TCG6,1
A0A2D0TCG9,2
A0A2D0TCH1,1
A0A2D0TCI3,1
A0A2D0TCJ6,2
A0A2D0TCJ8,1
A0A2D0TCK0,1
A0A2D1CM82,6
A0A2D2CWX5,2
A0A2D2CY67,1
A0A2D2D0T0,11
A0A2D2D105,2
A0A2D2D5X7,11
A0A2D2PYL0,1
A0A2E9CEV6,1
A0A2G0QDP0,1
A0A2G1XAR5,1
A0A2G1XAX5,1
A0A2G1XAZ9,1
A0A2G5I8P4,2
A0A2G5I8W0,3
A0A2G6ZQ46,2
A0A2G8ZEZ1,1
A0A2G9AFU7,1
A0A2H0ZD48,1
A0A2H0ZDA4,1
A0A2H0ZWN3,1
A0A2H1A4Z6,1
A0A2H1A6V9,1
A0A2H1BUS1,1
A0A2H1G421,1
A0A2H1VI03,1
A0A2H1VTZ0,1
A0A2H2ZFD4,1
A0A2H3FS34,1
A0A2H3G405,1
A0A2H4A2U9,7
A0A2H4A2Y5,1
A0A2H4A2Z3,1
A0A2H4A311,1
A0A2H4A315,2
A0A2H4PMI3,1
A0A2H4T920,1
A0A2H4TGG5,3
A0A2H4Y8Z8,1
A0A2H4Y915,1
A0A2H4Z949,5
A0A2H5B8Z8,2
A0A2H5BN17,1
A0A2H5Z9R5,1
A0A2H9SU66,2
A0A2I0LZR8,2
A0A2I1BSX0,3
A0A2I1C3W8,5
A0A2I2UQ80,1
A0A2I4HXH5,2
A0A2I4PGE9,2
A0A2I4PGZ0,4
A0A2I5T5Y7,1
A0A2I5TIB4,1
A0A2I5TIN5,1
A0A2I6B3F9,1
A0A2I6B3N5,1
A0A2I9D0D5,1
A0A2I9DAN1,1
A0A2I9DQ46,1
A0A2I9E2I0,1
A0A2K1ICJ7,3
A0A2K3CTN8,1
A0A2K3CU42,1
A0A2K3CYA1,1
A0A2K3D5Z7,5
A0A2K3D6R4,2
A0A2K3DSC9,1
A0A2K3E888,2
A0A2K5IAM2,1
A0A2K6KCS5,2
A0A2K6TQH4,2
A0A2K6VKP7,1
A0A2K8BQT2,1
A0A2K8JN75,4
A0A2K8JQ66,1
A0A2K8K5C5,1
A0A2K9P019,1
A0A2K9UV39,1
A0A2K9Y515,1
A0A2L0EBJ5,1
A0A2L0GN64,1
A0A2L0VUJ4,3
A0A2L1TND5,1
A0A2M8J4C7,2
A0A2M8K1U8,1
A0A2N0UJ68,1
A0A2N5LLK3,1
A0A2N5NNS3,1
A0A2N6JFX7,3
A0A2N9BBV4,1
A0A2N9BKY0,1
A0A2N9YEY8,1
A0A2P0N9K8,1
A0A2P0NE26,3
A0A2P0QGK5,3
A0A2P1BT02,1
A0A2P1BT29,1
A0A2P1C6N4,1
A0A2P1EHJ0,1
A0A2P1G738,1
A0A2P1G739,1
A0A2P1GIW2,1
A0A2P1GIW3,1
A0A2P1GNT2,4
A0A2P1IQ80,1
A0A2P1N6U9,1
A0A2P2GK84,5
A0A2P4SYK2,4
A0A2P5JFB2,1
A0A2R2JFH0,1
A0A2R2JFI5,18
A0A2R2JFJ2,1
A0A2R2JFJ4,2
A0A2R2JFJ6,1
A0A2R2JFJ7,1
A0A2R2JFN0,1
A0A2R2JFS1,1
A0A2R2JFS5,2
A0A2R2JFU5,2
A0A2R2JFU6,2
A0A2R2JFW7,2
A0A2R2JFW8,1
A0A2R2Q2I2,1
A0A2R2W8Z3,2
A0A2R3BZ02,1
A0A2R4P333,1
A0A2R4S913,2
A0A2R7Z5J3,4
A0A2R8QUC0,2
A0A2R8RKV0,1
A0A2R8Y7D0,1
A0A2R8Y7R8,1
A0A2S0CUG6,1
A0A2S0PEL5,5
A0A2S1GUX0,1
A0A2S1JJX2,1
A0A2S1JZI9,1
A0A2S1TM86,1
A0A2S1TZT6,1
A0A2S2B4P9,1
A0A2S3R7M0,3
A0A2S3XLU2,1
A0A2S5TB63,1
A0A2S6PN47,4
A0A2S7K3M2,8
A0A2S7P8J3,2
A0A2S8XV37,1
A0A2S9PCG6,1
A0A2S9PDM1,1
A0A2S9PFA1,1
A0A2S9PFE9,1
A0A2S9PH42,2
A0A2S9PLG4,4
A0A2T3H499,1
A0A2T4AR08,1
A0A2T4BZZ5,2
A0A2T4VDM4,1
A0A2T5Q5G6,3
A0A2T6C3M6,1
A0A2U1Q018,1
A0A2U1QAU9,1
A0A2U1VUZ9,3
A0A2U2GUN8,1
A0A2U2GWH2,1
A0A2U2GZI4,1
A0A2U2GZL1,1
A0A2U2GZX0,2
A0A2U2H0K6,1
A0A2U2H2N4,1
A0A2U2H2V6,1
A0A2U2H3H7,1
A0A2U2H3Y1,4
A0A2U3E6B3,1
A0A2U3EYQ2,5
A0A2U7NR52,1
A0A2U8JDD5,1
A0A2U8U2L5,3
A0A2U8UYM6,5
A0A2U8XQ45,2
A0A2U8ZTY7,5
A0A2U9GGW3,2
A0A2U9K2V6,1
A0A2U9PYL8,1
A0A2V0R8Q9,2
A0A2V2Q0Q4,1
A0A2V2RSR1,1
A0A2V2V5V1,2
A0A2V2VRR6,2
A0A2V2W6E9,1
A0A2V2WCI2,1
A0A2V2WZ57,1
A0A2V2XLH9,1
A0A2W0F5X5,1
A0A2X0S7E9,1
A0A2X0SE53,3
A0A2X0TC55,1
A0A2X0THW2,2
A0A2X2BLR9,4
A0A2Z2ESG6,1
A0A2Z4BUZ1,1
A0A2Z4HIM0,1
A0A2Z4K5C4,1
A0A2Z4U0A8,1
A0A2Z4U0D0,1
A0A2Z4U0R6,1
A0A2Z5PF12,1
A0A2Z5V8U8,6
A0A2Z5WH92,3
A0A2Z5WLM1,1
A0A2Z5X7B9,1
A0A2Z5X7U3,4
A0A2Z5XAU0,3
A0A2Z5XWB6,1
A0A2Z6DRN1,1
A0A2Z6DRT1,1
A0A2Z6DSM4,2
A0A2Z6FZW5,1
A0A2Z6G7U3,3
A0A2Z6G7U6,2
A0A2Z6I6U9,1
A0A315GY36,1
A0A315XEK8,3
A0A318JQQ2,1
A0A318JWT9,1
A0A332QZQ2,1
A0A344X7M2,2
A0A345DF50,6
A0A345ILN6,14
A0A345ILN8,1
A0A345XRN6,1
A0A346A6C4,1
A0A346MYW6,1
A0A346RP16,1
A0A348A8R7,1
A0A348ACF3,1
A0A348FUE1,1
A0A365NIL9,1
A0A367K070,1
A0A367MEJ5,1
A0A368XMX8,1
A0A369R1N0,5
A0A369S2N9,1
A0A369S334,2
A0A370V6P8,1
A0A370V6R2,1
A0A371E4L6,1
A0A377JKY9,2
A0A377KDY3,1
A0A377Z5F6,4
A0A378K488,2
A0A380DQV1,2
A0A380PV03,3
A0A380YR22,1
A0A380YRY7,1
A0A380YTY6,1
A0A380YV80,1
A0A380YW85,1
A0A380YY03,1
A0A380Z3E8,1
A0A381D6S6,1
A0A381HBN1,1
A0A383R4X5,1
A0A383UZH9,1
A0A383V1B5,1
A0A383ZFX3,1
A0A384E0M2,1
A0A384E0M3,1
A0A384E0N4,3
A0A384E0N5,1
A0A384E0U0,1
A0A384E0U3,1
A0A384E106,1
A0A384E107,2
A0A384E113,1
A0A384E125,1
A0A384E126,2
A0A384E135,1
A0A384E136,1
A0A384E145,11
A0A384E149,2
A0A384E158,2
A0A384E160,1
A0A384JQC9,1
A0A384K246,1
A0A384K8I9,1
A0A384KCF1,1
A0A384KG77,2
A0A384KGX8,1
A0A384KJX3,1
A0A384L319,1
A0A385H8D7,1
A0A385MEG6,4
A0A386KZ50,3
A0A386YIZ1,1
A0A395TF31,2
A0A395V874,1
A0A397XUN4,1
A0A3A0FWV3,1
A0A3A1SW14,1
A0A3A3ATA4,1
A0A3A4VWA2,3
A0A3A5LBF0,1
A0A3A6SJA6,1
A0A3A6V1D8,1
A0A3A6V665,1
A0A3A6VNK6,3
A0A3A9W2N2,1
A0A3B3I7P0,1
A0A3B5KEF3,2
A0A3B6DKZ2,1
A0A3B6LXD6,1
A0A3B6UE85,1
A0A3B6UEE9,2
A0A3B6UEF4,1
A0A3B6UEF5,1
A0A3B6UEK8,3
A0A3B6UEP6,3
A0A3B6UEP7,1
A0A3B6UEQ0,2
A0A3B6UEQ1,2
A0A3B6UEQ2,2
A0A3B6UEQ6,1
A0A3B6UER2,3
A0A3B6UES5,1
A0A3B6UES8,1
A0A3B6UET4,1
A0A3B6UEU0,2
A0A3B6UEU1,2
A0A3B6UEU3,7
A0A3B6UEU4,6
A0A3B6UEW8,1
A0A3B8MYE1,1
A0A3C0QUR5,2
A0A3C0TX30,4
A0A3D0LE54,1
A0A3D7VE02,1
A0A3E0H050,2
A0A3E0WVY1,1
A0A3E2YLT4,4
A0A3E3DY42,2
A0A3E3DY87,3
A0A3E5GM45,1
A0A3F2YKH3,1
A0A3F2YLN4,1
A0A3F2YLT8,1
A0A3F2YLU5,1
A0A3F2YLV2,1
A0A3F2YLV4,1
A0A3F2YLV5,1
A0A3F2YLV6,1
A0A3F2YLX0,1
A0A3F2YLX1,3
A0A3F2YLX2,1
A0A3F2YLY8,1
A0A3F2YLZ0,1
A0A3F2YM16,1
A0A3F2YM17,1
A0A3F2YM24,1
A0A3F2YM25,1
A0A3F2YM27,2
A0A3F2YM29,2
A0A3F2YM31,1
A0A3F3RNU4,3
A0A3G1NFN9,1
A0A3G1TVH2,1
A0A3G2C3I4,1
A0A3G2WJY4,1
A0A3G4RHU4,1
A0A3G4ZNY6,9
A0A3G5BRZ6,1
A0A3L6L5Q1,1
A0A3L6LBE5,1
A0A3L6SKP5,1
A0A3L7D5Q2,1
A0A3L7D5Y5,1
A0A3L8ACH3,1
A0A3M0S906,1
A0A3N1P0S2,3
A0A3N1Q704,1
A0A3N4B0Q2,4
A0A3N4B564,1
A0A3N4B5I2,1
A0A3N4B738,1
A0A3N4BCC7,1
A0A3N4BLI0,6
A0A3N4ZHX0,3
A0A3N6GKP3,1
A0A3N6MJI3,1
A0A3N7FVG6,1
A0A3N9RU39,2
A0A3P1U8K3,1
A0A3P1UCA6,7
A0A3P7XL18,1
A0A3P7ZMV6,1
A0A3P8MUS3,1
A0A3Q0KDV9,2
A0A3Q0KFL1,9
A0A3Q0KJ78,3
A0A3Q0KQY7,1
A0A3Q0KSG2,9
A0A3Q0KYH6,1
A0A3Q0L063,1
A0A3Q0L1E1,1
A0A3Q0L222,1
A0A3Q0L3P3,1
A0A3Q1M5H7,1
A0A3Q3W9R3,1
A0A3Q7EK40,1
A0A3Q7HTY9,4
A0A3Q8CBV3,1
A0A3Q8GLE8,1
A0A3Q8I8I6,3
A0A3Q8ITZ9,1
A0A3Q8IW45,1
A0A3Q8Q3X3,1
A0A3Q9WUX0,1
A0A3Q9WXL1,1
A0A3R0U328,1
A0A3R7J519,3
A0A3R7QX74,1
A0A3S5H5N2,1
A0A3S5Y3Q1,1
A0A3S6I186,1
A0A3S7X0F5,4
A0A3S7X3C0,4
A0A3S8TIH3,1
A0A3S8UVN5,2
A0A3S9HEG3,1
A0A3S9QNX5,1
A0A3T0V9Y5,5
A0A3T0ZHG5,1
A0A3T1D3V8,2
A0A3T2BSC5,1
A0A3V0J4I0,1
A0A3Z8NCW8,1
A0A3Z9IF87,2
A0A401MXE6,1
A0A402C2Q3,1
A0A402C2V4,1
A0A410TAW0,2
A0A410UCT3,3
A0A411CW45,1
A0A411CW95,1
A0A411J078,3
A0A411MR89,2
A0A412SRH5,1
A0A413IVG5,1
A0A418T8G4,1
A0A422MHI3,1
A0A422WJQ0,1
A0A423U5Z1,3
A0A425B395,2
A0A425B3G2,4
A0A426W059,1
A0A429XVX4,1
A0A443VNT1,1
A0A447EB45,6
A0A447RTX7,1
A0A452CS62,3
A0A452CSL6,1
A0A452CSM2,1
A0A452CSM4,1
A0A452CSM5,1
A0A452CSN9,1
A0A452CSP2,1
A0A452CSQ0,3
A0A452CSQ2,2
A0A452CSS7,1
A0A452CST9,1
A0A452CSU8,1
A0A452CSW8,4
A0A452CSY5,2
A0A452CSY7,1
A0A452E9Y6,11
A0A452F7K4,1
A0A454A0X5,1
A0A454GEH4,1
A0A454WD44,1
A0A455K4F1,2
A0A468ZWJ6,1
A0A480PG39,2
A0A482A9N4,1
A0A482G4C5,1
A0A482LMF4,1
A0A482LRD5,6
A0A482LWB1,3
A0A482N9T7,1
A0A482PFX0,2
A0A485PVH1,12
A0A493R6M0,1
A0A493R6X0,3
A0A493R6X2,1
A0A494V3J7,1
A0A499S0B6,1
A0A499UB99,1
A0A499W357,2
A0A4C3GMC1,1
A0A4D6AQM2,1
A0A4D6I9J0,2
A0A4D6WFR4,1
A0A4E0W6L3,1
A0A4J2B4U9,2
A0A4M6CQT5,1
A0A4P1LUD8,1
A0A4P1LXE0,3
A0A4P1LYB6,1
A0A4P1LYC9,1
A0A4P1LYG1,1
A0A4P1LYH5,2
A0A4P1LYH6,2
A0A4P1LYH7,2
A0A4P1LYH8,1
A0A4P1LYI6,1
A0A4P1LYI7,1
A0A4P7N8E2,2
A0A4P7TTK5,1
A0A4P8ESF9,1
A0A4P8EW36,3
A0A4P8J8E1,1
A0A4P9I8G4,3
A0A4Q4GPX4,2
A0A4Q4UBE4,1
A0A4R2M5S2,7
A0A4S2B4D9,3
A0A4S7G0W1,1
A0A4S8L4Q5,2
A0A4U3MLJ4,2
A0A4U7I1I9,2
A0A4U7IGH6,1
A0A4V1Q376,5
A0A4V1YUP8,1
A0A4V4ND72,1
A0A4V8GZK8,2
A0A4V8GZK9,1
A0A4V8GZL3,1
A0A4V8GZL4,1
A0A4V8GZQ7,1
A0A4V8GZQ8,1
A0A4V8GZQ9,1
A0A4V8GZR7,2
A0A4V8GZV8,1
A0A4V8GZW5,1
A0A4V8GZY0,1
A0A4V8GZY3,1
A0A4V8GZY4,1
A0A4V8GZY5,1
A0A4V8GZY6,1
A0A4V8GZY7,1
A0A4V8GZY8,1
A0A4V8GZZ0,1
A0A4V8GZZ1,1
A0A4V8H012,2
A0A4V8H013,1
A0A4V8H014,1
A0A4V8H018,1
A0A4V8H022,1
A0A4V8H023,1
A0A4V8H024,1
A0A4V8H030,1
A0A4V8H034,2
A0A4V8H037,1
A0A4V8H038,1
A0A4V8H039,1
A0A4V8H040,1
A0A4V8H042,3
A0A4V8H044,1
A0A4V8H045,1
A0A4X1VCH4,1
A0A4Y1VMZ7,2
A0A4Y1WAP5,7
A0A4Y3JPW3,3
A0A4Y3JSQ6,1
A0A4Y3NDN0,1
A0A4Y5JTU1,4
A0A4Y5PW22,2
A0A4Y5PW23,2
A0A4Y5R032,4
A0A4Y5R087,4
A0A4Y5RXX8,1
A0A4Y5TJX4,1
A0A4Y5TR47,1
A0A4Y5UXE1,1
A0A4Y8GT61,1
A0A4Z1DIH6,1
A0A505MWF2,2
A0A509AHB6,1
A0A509AR49,1
A0A509AST0,1
A0A509GUM5,1
A0A509GUZ8,1
A0A509GUZ9,1
A0A509GV09,5
A0A509GV45,1
A0A509GV46,1
A0A509GV48,2
A0A509GV61,1
A0A509J8D5,1
A0A510NXC4,2
A0A514S208,2
A0A517NMB4,3
A0A517QXI7,5
A0A520EUU7,1
A0A522DD61,2
A0A524F8J2,1
A0A535FEC2,1
A0A540VG95,2
A0A545BBS8,1
A0A551Z2V8,1
A0A554HE32,1
A0A559KX76,1
A0A561UC02,4
A0A562MSV3,2
A0A562R7W5,1
A0A578,1
A0A580,1
A0A583ZB34,6
A0A583ZBQ2,1
A0A584,1
A0A592,1
A0A5A3,3
A0A5A4PV77,2
A0A5A4RHH5,1
A0A5A4WN00,1
A0A5B0MRS6,1
A0A5B0PMB3,1
A0A5B4,2
A0A5B6,3
A0A5B7RB63,1
A0A5B7Y0Z3,1
A0A5B8RNS7,3
A0A5B8RQF4,1
A0A5B8WHG9,1
A0A5B8X6B5,1
A0A5B9,26
A0A5B9DB24,1
A0A5B9DBI1,1
A0A5B9DBT7,3
A0A5B9DC34,1
A0A5B9DD18,1
A0A5C0B1L0,1
A0A5C1IY53,4
A0A5C2GBJ8,1
A0A5C3EAQ1,1
A0A5C6D8T6,3
A0A5C7ETD9,8
A0A5D0ENI3,4
A0A5G2QTN4,1
A0A5H1ZR28,1
A0A5H1ZR29,1
A0A5H1ZR30,1
A0A5H1ZR32,1
A0A5H1ZR35,1
A0A5H1ZR36,1
A0A5H1ZR38,2
A0A5H1ZR40,1
A0A5H1ZR41,1
A0A5H1ZR43,1
A0A5H1ZR51,2
A0A5H1ZR53,1
A0A5H2UYS3,12
A0A5J6BJN2,1
A0A5J6CYI5,1
A0A5J6G7S2,1
A0A5J6VBC3,2
A0A5J6VLZ7,4
A0A5K1K910,1
A0A5K4ESD7,2
A0A5M3MXY8,1
A0A5N5GUE7,1
A0A5N7XFM8,2
A0A5N8UHV3,1
A0A5P1UDB1,2
A0A5P2XKZ4,1
A0A5P3XKQ1,1
A0A5P8YBY3,1
A0A5P8YCA3,1
A0A5P8YCM0,1
A0A5P8YHM7,1
A0A5P8YI04,1
A0A5P8YI66,1
A0A5P8YIA2,2
A0A5P8YIK0,1
A0A5P8YJ13,1
A0A5P8YJX5,2
A0A5P8YL10,1
A0A5P8YL96,1
A0A5Q0MTV0,1
A0A5Q0MV05,1
A0A5Q2WX04,1
A0A5Q5ADH9,3
A0A5R8NCK8,1
A0A5S4TPK8,8
A0A5S4U0C2,1
A0A5S8WF47,1
A0A5S8WF49,1
A0A5S8WF54,1
A0A5S8WF56,1
A0A5S8WF57,1
A0A5S8WF61,1
A0A5S8WF63,2
A0A5S8WF70,2
A0A5S8WF71,1
A0A5S8WF73,2
A0A5S8WF76,3
A0A5S8WFA0,1
A0A5S8WFA1,1
A0A5S8WFA2,1
A0A5S8WFA6,5
A0A5S8WFA7,1
A0A5S8WFA8,1
A0A5S8WFA9,1
A0A5S9CYM0,1
A0A5T0GL42,1
A0A5T1PRU5,1
A0A5Z1H273,1
A0A640KTL4,1
A0A646QV53,2
A0A646SQW7,1
A0A649V088,1
A0A650AJ72,1
A0A650FAD5,1
A0A653EQ34,1
A0A654KG07,1
A0A654KG21,1
A0A654L513,1
A0A656D8B6,1
A0A656PMZ5,1
A0A679DLY7,1
A0A679G4U8,2
A0A6A5BRA8,1
A0A6B1Y4H4,1
A0A6B2HLC6,1
A0A6B2YUX8,2
A0A6B3V8A6,1
A0A6B7HFJ9,3
A0A6B9HEB8,3
A0A6B9HEI0,2
A0A6B9KSL0,1
A0A6B9TNK2,10
A0A6B9UEV8,1
A0A6B9UN24,1
A0A6C0PR31,2
A0A6C0RQ44,1
A0A6C0TB04,1
A0A6C1F1G5,3
A0A6D2YCT9,1
A0A6F8RQ06,1
A0A6F8TFE1,4
A0A6F8Z6Y2,2
A0A6F9D674,1
A0A6G4ZAI6,1
A0A6G6IRK3,3
A0A6G7MAL8,1
A0A6G7S6L7,1
A0A6G7XAP5,1
A0A6H0TJ16,1
A0A6H0WK49,2
A0A6H3A5D1,1
A0A6H3A658,1
A0A6H3A7J7,1
A0A6H3AA11,1
A0A6H3ACK0,1
A0A6H3ACS3,1
A0A6H3ADM7,1
A0A6H3ADX7,1
A0A6H3AI29,1
A0A6H3AIE5,1
A0A6H3AJL8,1
A0A6H3AKG3,1
A0A6H3AMF3,2
A0A6H3AND8,1
A0A6I0SRL5,1
A0A6I3XBB3,1
A0A6I7U6Y2,5
A0A6I8SCP2,2
A0A6I8TL34,1
A0A6I8WFK8,1
A0A6I8WFK9,1
A0A6I8WFL8,1
A0A6I8WFM0,1
A0A6I8WFN2,3
A0A6I8WFP2,1
A0A6I8WFP3,2
A0A6I8WFP8,1
A0A6I8WFQ0,1
A0A6I8WFT5,1
A0A6I8WFT6,1
A0A6I8WFT7,1
A0A6I8WFW1,4
A0A6I8WFW9,1
A0A6J0CLW1,1
A0A6J1T1Q2,1
A0A6J4CX17,6
A0A6L0XH39,1
A0A6L7GXV7,1
A0A6L7GYV0,1
A0A6L7GZQ8,1
A0A6L7GZS1,1
A0A6L7H0J7,1
A0A6L7H165,2
A0A6L7H199,1
A0A6L7H1P2,1
A0A6L7H2K2,3
A0A6L7H2K3,1
A0A6L7H2K5,1
A0A6L7H2S4,1
A0A6L7H340,3
A0A6L7H4C2,1
A0A6L7H5L6,1
A0A6L7H6L8,5
A0A6L7H6N0,1
A0A6L7H7X4,3
A0A6L7H8L3,1
A0A6L7H965,3
A0A6L7HA71,4
A0A6L7HAY4,1
A0A6L7HC45,3
A0A6L7HCR9,1
A0A6L7HDR0,1
A0A6L7HE29,2
A0A6L7HJ56,1
A0A6L7HJ72,1
A0A6L7HJC4,8
A0A6L7HKL6,1
A0A6L7HM74,1
A0A6L7HMK7,4
A0A6L7HMQ8,1
A0A6L7HN72,1
A0A6L7HNW1,1
A0A6L7HPZ9,1
A0A6L7HQ02,1
A0A6L7HQJ3,1
A0A6L7HR41,1
A0A6L7HRJ6,1
A0A6L7HSV1,3
A0A6L8NTZ6,1
A0A6L8NUA5,1
A0A6L8NXE0,1
A0A6L8P0X7,1
A0A6L8P1L2,3
A0A6L8P2U9,9
A0A6L8P3N5,2
A0A6L8P8I1,1
A0A6L8PBX8,1
A0A6L8PCC3,1
A0A6L8PDF4,1
A0A6L8PDI9,2
A0A6L8PEJ3,1
A0A6L8PEJ7,9
A0A6L8PES2,1
A0A6L8PH04,1
A0A6L8PH16,1
A0A6L8PKK6,1
A0A6L8PL20,2
A0A6L8PLA6,1
A0A6L8PLB2,1
A0A6L8PLE1,1
A0A6L8PM89,1
A0A6L8PP74,1
A0A6L8PPD0,1
A0A6L8PPP9,1
A0A6L8PQE4,1
A0A6L8PR48,1
A0A6L8PRK4,1
A0A6L8PRR7,1
A0A6L8PVA4,2
A0A6L8PVU3,1
A0A6L8PVW7,3
A0A6L8PXC8,1
A0A6L8PXK0,1
A0A6L8PXZ2,2
A0A6L8PY92,2
A0A6L8PZ12,1
A0A6L8PZN3,1
A0A6L8PZR0,3
A0A6L8Q0G8,1
A0A6L8Q3B5,1
A0A6L8Q3J2,1
A0A6M0U600,1
A0A6M5J4S0,1
A0A6M5K904,2
A0A6M8B984,1
A0A6M9BP13,1
A0A6N0JVZ6,2
A0A6N1CBH0,1
A0A6N1CCF7,1
A0A6N2RW51,1
A0A6N2X8R5,1
A0A6N3BKT0,2
A0A6N4SL16,1
A0A6P1C618,1
A0A6P1EFQ2,1
A0A6P2DXK2,2
A0A6P3CW41,2
A0A6P3CW42,1
A0A6P3CW43,1
A0A6P3CW54,1
A0A6P3CW55,1
A0A6P3CW66,1
A0A6P3CW71,1
A0A6P3CW73,1
A0A6P3CW87,1
A0A6P3CWF7,1
A0A6P3VN15,2
A0A6P5Y0F4,2
A0A6P5Y0V4,1
A0A6P5Y1F9,2
A0A6P5Y2I1,2
A0A6P6VUE3,1
A0A6P6YM67,1
A0A6P8AP13,1
A0A6S6PLJ6,3
A0A6V7ALX9,1
A0A716AET8,1
A0A716TY65,4
A0A718C6E5,1
A0A7C5VFX3,2
A0A7C6A739,3
A0A7D0QVD8,2
A0A7D7FB99,1
A0A7E5WTY7,1
A0A7E5WUT2,1
A0A7G1KW31,1
A0A7G1MBT0,3
A0A7G2HK26,1
A0A7G3URI3,1
A0A7G5CHT1,1
A0A7G5K3Z4,1
A0A7G8IT05,1
A0A7H0DN46,1
A0A7H0DN74,1
A0A7H0DN89,1
A0A7H0DN96,1
A0A7H0DNF0,2
A0A7H0LPJ3,3
A0A7I6N400,1
A0A7I8AV45,2
A0A7I9C8Z1,6
A0A7J5BGR1,1
A0A7J6JUK2,8
A0A7J6KBZ0,2
A0A7J6KD88,1
A0A7K2YFL1,2
A0A7K4AG75,1
A0A7K4AGC1,1
A0A7L2V2T6,2
A0A7M3UF22,1
A0A7M4DUB5,2
A0A7M4DUB6,1
A0A7M4DUC1,1
A0A7M4DUC4,1
A0A7M4DUE2,3
A0A7M4DUE4,1
A0A7M4DUE9,1
A0A7M4DUF3,2
A0A7M4DUG7,1
A0A7M4DUG8,1
A0A7M4DUG9,1
A0A7M4DUH0,1
A0A7M7GUY7,4
A0A7M7KVA6,2
A0A7N4P457,1
A0A7R6RYX0,1
A0A7R6WUD2,1
A0A7R7E052,1
A0A7R8L7W4,1
A0A7R9KAR8,1
A0A7R9MYH2,1
A0A7R9MYM1,1
A0A7R9MZV2,1
A0A7R9N4A5,1
A0A7R9N4Z1,2
A0A7R9N5A2,1
A0A7R9N9K9,1
A0A7R9R4U5,1
A0A7R9R4V6,1
A0A7R9R6T0,2
A0A7R9R773,1
A0A7R9R780,2
A0A7S6G7I6,1
A0A7S6K8E4,1
A0A7S7RG57,1
A0A7S8WCK1,1
A0A7S9SVX7,1
A0A7T1BYC5,3
A0A7U1BAR4,1
A0A7U2MGR8,2
A0A7U3H5H9,1
A0A7U3TBV3,1
A0A7U3TBV6,1
A0A7U3XWE2,1
A0A7U3XWM9,1
A0A7U3Y110,2
A0A7U5Y2I6,1
A0A7U9DT46,14
A0A7U9HFU5,12
A0A7U9HVH2,1
A0A7V1CY72,1
A0A7V8UEX6,1
A0A7X2FZN4,1
A0A7X7XXZ0,1
A0A7Y0N2V2,1
A0A7Y0SGI3,1
A0A7Y0XG39,1
A0A7Y1Q2L1,2
A0A7Y5Z1U6,1
A0A822ZZF9,1
A0A823AEM5,1
A0A825BAZ6,1
A0A828SNY0,1
A0A832VZ83,1
A0A834RHR6,1
A0A837NXJ2,1
A0A840P3H4,7
A0A859GWA9,1
A0A861B387,5
A0A861B9Z9,4
A0A869KY97,1
A0A8A5L0G9,1
A0A8A5XRG7,1
A0A8B1JK87,1
A0A8B1JNT2,1
A0A8B2VIR8,2
A0A8B3DGT3,1
A0A8B6R9L9,2
A0A8B6RLU5,1
A0A8B6RWT5,1
A0A8B7DWS6,1
A0A8B7MWH5,1
A0A8B9ZF11,2
A0A8C0PP93,2
A0A8C3UBZ3,1
A0A8D1DEN9,1
A0A8D5AJ83,1
A0A8E4UR43,1
A0A8E4ZAK5,1
A0A8E6CMP0,1
A0A8F0WPM9,1
A0A8F6XWV1,1
A0A8F7LEJ5,3
A0A8F9WUQ1,1
A0A8H4QK56,2
A0A8I1DKW0,1
A0A8I3AZB8,1
A0A8I3AZD3,1
A0A8I3AZS7,1
A0A8I3AZS8,3
A0A8I3AZT1,1
A0A8I3AZT2,1
A0A8I3AZT3,1
A0A8I3AZT4,1
A0A8I3AZT7,5
A0A8I3AZT8,2
A0A8I3AZU2,1
A0A8I3AZU6,1
A0A8I3AZU9,2
A0A8I3AZV2,1
A0A8I3AZV6,1
A0A8I3AZV8,1
A0A8I3AZV9,1
A0A8I3AZW2,1
A0A8I3AZW3,1
A0A8I3AZW4,1
A0A8I3AZW5,1
A0A8I3AZW6,1
A0A8I3AZZ2,2
A0A8I3B016,1
A0A8I3B022,1
A0A8I3B027,2
A0A8I3B028,1
A0A8I3B029,1
A0A8I3B032,1
A0A8I3B033,1
A0A8I3B038,1
A0A8I3B043,5
A0A8I3B047,1
A0A8I3B048,6
A0A8I3B056,1
A0A8I3B064,3
A0A8I3B065,1
A0A8I3B084,1
A0A8I3N7V2,3
A0A8I3NIH9,4
A0A8J0PCI3,1
A0A8J0PCK0,1
A0A8J0PCK2,1
A0A8J0PCK3,2
A0A8J0PCK4,1
A0A8J1MPX0,1
A0A8J4BWA0,1
A0A8J7ZFD1,1
A0A8J9SKQ8,1
A0A8K0WD55,1
A0A8K1DE77,1
A0A8K1XY81,1
A0A8M0FGD4,1
A0A8M0FGL8,1
A0A8M0FGN6,1
A0A8M0FGQ7,1
A0A8M0FGQ9,1
A0A8M0FGR3,1
A0A8M0FGR7,1
A0A8M0FGR8,1
A0A8M0FGS3,1
A0A8M0FGS8,1
A0A8M0FGT0,1
A0A8M0FGU9,1
A0A8S0FHK2,1
A0A8S0GSD4,6
A0A8S0W5G6,2
A0A8S4G4Y6,1
A0A8T0N7A2,1
A0A8T0PQ54,2
A0A8T8HXW2,3
A0A8V0YAS0,1
A0A8V0Z8P0,4
A0A8V0ZED1,4
A0A8V1ABE9,2
A0A8X6EGT9,1
A0A8X6EGU0,1
A0A8X6EGX8,2
A0A8X6EGY4,1
A0A8X6EGY5,1
A0A8X6EH03,1
A0A8X6EH08,1
A0A8X6EH09,1
A0A8X6EH14,1
A0A8X6EH16,2
A0A8X6EH17,1
A0A915Q983,1
A0A915Q9A9,1
A0A915Q9D1,3
A0A915Q9D3,2
A0A915Q9D7,1
A0A915Q9E4,2
A0A915Q9E7,2
A0A917YWB9,1
A0A918GRY4,1
A0A923XHR8,1
A0A934NG65,1
A0A977K7H6,2
A0A978T1Y9,1
A0A979HMN8,1
A0A979HMP0,1
A0A9E7MJ36,1
A0A9J4REW8,1
A0A9J7EMB9,1
A0A9J9HGY6,3
A0A9K2KQ72,2
A0A9P3ZKE6,2
A0A9P6DGH0,1
A0A9W3JUC0,2
A0A9X4Y9G9,1
A0A9X6F2S5,1
A0A9X6QBI1,1
A0A9X7GJJ5,1
A0A9X7GT53,2
A0A9X9ZA09,1
A0A9X9ZA84,5
A0A9Y2E427,1
A0A9Y2YA38,1
A0A9Y2YA40,1
A0A9Y2YA81,3
A0AA37FDV0,1
A0AA45ZPU1,2
A0AA46ST83,1
A0AA46WUS1,1
A0AA46WYF7,1
A0AA49QDK5,1
A0AA91GIP4,1
A0AAB0B2A1,1
A0AAB0B2A3,2
A0AAC8Q9Y2,1
A0AAD0TQY4,1
A0AAD2UT50,1
A0AAD3RSW3,2
A0AAE4G800,5
A0AAE7VUR1,1
A0AAI7ZGB3,1
A0AAI9NE89,1
A0AAJ6N664,1
A0AAJ6N6I6,3
A0AAJ6N6I8,2
A0AAJ6N6J2,5
A0AAJ6N6J4,2
A0AAJ6N6J9,1
A0AAJ6N6K0,1
A0AAJ6N6K4,1
A0AAJ6N6K5,1
A0AAJ6N6K8,1
A0AAN0NP89,3
A0AAN0NP91,1
A0AAN0NP99,1
A0AAN0NPA3,1
A0AAN0NPA4,1
A0AAN0NPA6,3
A0AAN0NPA7,2
A0AAN0NPA8,1
A0AAN0NPC4,2
A0AAN0NPC6,1
A0AAN0NPD1,1
A0AAN3A5R0,4
A0AAN3A6N4,1
A0AAN5KVK2,2
A0AAP7DJ10,1
A0AAP7ZHZ3,7
A0AAT8XT72,1
A0AAT8XT73,1
A0AAT8XT80,1
A0AAT8XUB3,2
A0AAT8XUB5,1
A0AAT8XUD0,1
A0AAT8XUD6,1
A0AAT8XUD7,1
A0AAT8XUE2,1
A0AAT8XUE4,1
A0AAT8XUG9,2
A0AAT8XUH4,1
A0AAT8XUH5,1
A0AAT8XUH6,1
A0AAT8XUI2,1
A0AAT8XUI6,1
A0AAT8XUI9,1
A0AAT8XUJ0,1
A0AAT8XUJ6,1
A0AAT8XUK0,1
A0AAT8XUK1,3
A0AAT8XUK2,3
A0AAT8XUK7,3
A0AAT8XUL0,1
A0AAV2WF13,1
A0AAX1ITK9,1
A0AAX2EFQ7,1
A0AAX3ZKT3,3
A0AAX7FLQ9,1
A0AAX7FLT0,1
A0AAX7FLT5,1
A0AAX7FLU3,1
A0AAX7FLU4,1
A0AAX7FLU5,1
A0AAX7FLX8,3
A0AAX7FM35,1
A0AB36XDR5,1
A0AB38TX38,1
A0ACI9,1
A0AEF3,2
A0AEF4,3
A0AEF5,3
A0AEF6,2
A0AQQ7,1
A0AQQ8,1
A0AW19,1
A0B567,1
A0B5R2,1
A0B690,1
A0B757,3
A0C7I4,1
A0EL75,2
A0ELI2,1
A0F6C5,1
A0FFQ6,1
A0FGR8,2
A0FKN5,1
A0JD37,1
A0JN36,1
A0JP82,2
A0JR48,1
A0JSJ2,1
A0JVA7,1
A0JVT3,1
A0JWG4,1
A0JYP2,1
A0K1X3,2
A0KEJ7,1
A0KF03,2
A0KF84,2
A0KGU9,4
A0KHJ5,2
A0KHX4,1
A0KIZ1,2
A0KJC7,1
A0KLE2,2
A0KLG5,1
A0KMJ5,1
A0KNW4,3
A0KPA6,1
A0KW73,1
A0KWY4,1
A0L5S6,8
A0L8G4,1
A0L8G5,1
A0L9W2,1
A0LNN5,6
A0LSH8,2
A0LSI1,1
A0LU48,6
A0LU49,4
A0LVW8,1
A0LWM4,1
A0M709,1
A0MCW0,2
A0MHA3,1
A0MK70,2
A0MMD0,2
A0MNG2,3
A0MNZ3,1
A0MTA1,1
A0N262,4
A0N6Y3,1
A0N7J2,1
A0N8J3,6
A0NA69,1
A0NFU8,2
A0NGL9,1
A0NLY7,2
A0NP48,1
A0NXQ8,1
A0P0F0,2
A0PKT3,2
A0PL01,1
A0PLZ7,1
A0PMN1,1
A0PQD8,1
A0PQG8,13
A0PQS3,1
A0PUS8,1
A0PV47,1
A0PZS2,1
A0Q0N1,1
A0Q2D8,1
A0Q436,1
A0Q494,1
A0Q5Y3,4
A0Q625,2
A0Q664,1
A0Q7H2,2
A0Q7H7,2
A0Q7Q2,1
A0Q7V5,1
A0Q7W8,1
A0Q7Y0,1
A0QHY4,1
A0QI26,1
A0QJI1,8
A0QLL2,1
A0QLU8,2
A0QND6,2
A0QNE0,3
A0QNK4,1
A0QNL1,4
A0QNT0,1
A0QP43,8
A0QP46,2
A0QP47,1
A0QP49,1
A0QP50,1
A0QP52,1
A0QP85,1
A0QP93,1
A0QPD6,1
A0QPE7,2
A0QPL0,1
A0QPL1,1
A0QPL3,1
A0QPR6,1
A0QQ04,1
A0QQ38,1
A0QQ45,2
A0QQ47,1
A0QQ72,2
A0QQF4,1
A0QQG1,1
A0QQG7,1
A0QQJ6,1
A0QQK1,1
A0QQY7,1
A0QR29,1
A0QR77,5
A0QRC4,2
A0QRS5,1
A0QS86,2
A0QS88,1
A0QST4,1
A0QSU7,1
A0QSY0,2
A0QSZ0,3
A0QT11,1
A0QT42,1
A0QT50,3
A0QT90,1
A0QTG2,5
A0QTN8,3
A0QTQ5,3
A0QTQ6,4
A0QTT2,2
A0QTW7,1
A0QTY3,1
A0QU01,3
A0QU89,1
A0QUH3,3
A0QUY6,1
A0QUZ2,18
A0QV09,2
A0QV40,2
A0QV68,1
A0QVJ7,1
A0QVM3,1
A0QVM9,1
A0QVP0,1
A0QVP7,2
A0QVS8,1
A0QVU1,1
A0QWG5,3
A0QWG6,2
A0QWJ0,1
A0QWN3,1
A0QWT2,7
A0QWX6,3
A0QX16,1
A0QX37,1
A0QX65,1
A0QX69,2
A0QX93,1
A0QXB7,12
A0QXD6,1
A0QXM5,1
A0QXP8,1
A0QXQ8,1
A0QY10,1
A0QY29,1
A0QY90,5
A0QYB3,2
A0QYB5,1
A0QYE8,1
A0QYG2,3
A0QYH7,2
A0QYQ0,1
A0QYW6,1
A0QYY6,1
A0QYZ2,2
A0QZC8,1
A0QZY0,1
A0R003,1
A0R066,3
A0R089,1
A0R0G0,1
A0R0V0,1
A0R0X2,1
A0R198,1
A0R1C4,1
A0R1E8,3
A0R1H6,1
A0R1R4,1
A0R1T8,1
A0R1X0,1
A0R1Z9,1
A0R238,1
A0R291,1
A0R2B1,18
A0R2E2,1
A0R2E9,1
A0R2I8,1
A0R2K6,8
A0R2U8,1
A0R2U9,2
A0R2V4,1
A0R351,1
A0R3C8,1
A0R3D3,2
A0R3E2,1
A0R3F3,1
A0R3F9,3
A0R3G9,2
A0R3J1,2
A0R4F7,2
A0R4I6,1
A0R4K9,1
A0R4P1,1
A0R4Q6,4
A0R4R9,1
A0R4Y3,2
A0R4Z8,1
A0R559,1
A0R560,2
A0R5B5,2
A0R5M8,11
A0R5M9,3
A0R5N2,1
A0R5R2,1
A0R5T1,3
A0R5U2,2
A0R5U7,2
A0R5X0,1
A0R607,2
A0R618,3
A0R629,3
A0R6D0,2
A0R6E0,2
A0R6E4,1
A0R6F1,2
A0R6I8,2
A0R6V6,1
A0R723,2
A0R724,1
A0R731,1
A0R747,1
A0R760,1
A0R7C6,2
A0R7F4,1
A0R7I9,1
A0S6A2,1
A0S864,1
A0S865,1
A0SML3,2
A0T1L9,1
A0YXD2,1
A0ZNP3,1
A0ZNP5,1
A0ZPR8,1
A0ZPR9,1
A0ZT93,1
A0ZZH6,7
A0ZZM4,1
A0ZZZ7,1
A1A0I0,1
A1A1Z1,1
A1A237,1
A1A2B5,1
A1A2F5,1
A1A2J8,2
A1A2L3,2
A1A2P2,1
A1A323,1
A1A399,1
A1A3G9,1
A1A4T2,4
A1A6H3,3
A1AA28,1
A1ADJ6,1
A1AY86,1
A1AYL4,2
A1B060,3
A1B198,3
A1B1N4,1
A1B2F3,4
A1B2F4,1
A1B5I2,2
A1B5Y0,1
A1B7S1,1
A1B802,3
A1B8N8,1
A1B8P0,1
A1B8Z1,1
A1B9E3,1
A1BB97,25
A1BBA0,10
A1BBK7,1
A1BYM8,1
A1BZ87,1
A1CII2,2
A1CJQ5,2
A1D2G7,1
A1DN30,1
A1DRD5,2
A1E266,1
A1E280,9
A1E3K5,1
A1E4A3,11
A1E8I9,3
A1E8J1,3
A1E9A6,2
A1EAI1,1
A1HPQ5,2
A1HT30,1
A1IIX4,1
A1ILL9,4
A1IQ68,1
A1JJJ9,1
A1JK11,1
A1JLH5,1
A1JMA5,1
A1JMF7,2
A1JML9,1
A1JMX7,1
A1JNA0,1
A1JQU0,1
A1JRF3,1
A1JSR8,1
A1JSS7,2
A1JSS8,3
A1JTF3,1
A1JTG0,2
A1JTP8,1
A1JTX8,1
A1KQS1,1
A1KRY4,1
A1KRY9,1
A1KT11,1
A1KUS8,1
A1KVD0,1
A1KVH5,2
A1KVU8,3
A1KXI0,1
A1KYE3,1
A1L0Z0,5
A1L1Q4,2
A1L259,3
A1L260,1
A1L314,1
A1L3X0,1
A1L565,1
A1R0W1,1
A1R118,1
A1R4M8,1
A1R562,1
A1R6X9,1
A1R8G0,1
A1RAA6,1
A1RB88,1
A1RCJ9,3
A1RDF1,2
A1RUM9,1
A1RZU2,1
A1S1Q5,1
A1S356,1
A1S3D0,1
A1S3H7,1
A1S420,1
A1S4A6,1
A1S6W5,1
A1S8W8,1
A1S9Q7,1
A1SAQ1,1
A1SBA1,1
A1SPF2,1
A1SR00,1
A1SR01,3
A1SUU0,1
A1SZA3,3
A1T351,1
A1T557,3
A1TH50,3
A1TSQ3,1
A1TX06,1
A1TY67,1
A1TY68,1
A1TY82,2
A1TYC0,1
A1TZ69,1
A1TZQ9,1
A1U0I5,1
A1U1C4,1
A1U3A9,1
A1U3W3,1
A1U4G2,1
A1U4I5,1
A1U4R9,1
A1U5H9,1
A1U5W8,1
A1U6M1,1
A1VZ59,1
A1WJM2,1
A1WL96,1
A1WPV4,2
A1WU94,1
A1X1V8,1
A1X808,2
A1XDS9,1
A1XQQ8,1
A1XQR0,1
A1YBQ4,1
A1YIY2,1
A1YIY3,24
A1YTN0,1
A1YTN7,1
A1YYW7,3
A1YZD2,1
A1YZP4,1
A1Z092,1
A1Z093,1
A1Z1Q3,4
A1Z651,2
A1Z6E0,2
A1Z6I7,2
A1Z8R1,1
A1Z9P1,1
A1ZAC4,2
A1ZAW5,1
A1ZB14,1
A1ZB71,1
A1ZB72,1
A2A136,1
A2A8L5,2
A2AR50,1
A2ASQ1,1
A2BFX2,1
A2BID8,1
A2BK54,1
A2D7D7,2
A2DAL5,1
A2DC48,1
A2DLL4,3
A2DT06,2
A2DUN8,2
A2DW27,1
A2DXT4,2
A2EGX9,9
A2ENQ8,1
A2EU62,12
A2F9N1,2
A2FEV4,1
A2FNQ6,2
A2FT29,3
A2FTT0,4
A2FWC8,1
A2I2W2,2
A2IAB2,1
A2IAD2,1
A2IC68,1
A2ICH1,3
A2KBC1,1
A2KD57,3
A2KD59,2
A2N494,1
A2NAI0,6
A2NHM3,34
A2NN81,1
A2NTU7,1
A2NTY6,12
A2NU21,8
A2NUE8,2
A2NUT2,3
A2P1G9,3
A2PYQ6,1
A2PZA5,3
A2Q6L5,1
A2QAN3,6
A2QFV7,1
A2QHE5,43
A2QIR3,1
A2QKT4,1
A2QS62,2
A2QZC8,1
A2R2V4,2
A2RI36,25
A2RI47,2
A2RIP9,1
A2RJ53,8
A2RJT9,11
A2RLJ5,7
A2RMJ9,1
A2RP81,2
A2RQE2,1
A2RT67,1
A2SI32,1
A2SJH7,1
A2SL15,1
A2SL37,1
A2SQK8,1
A2SZS3,1
A2T1W7,2
A2T3S5,1
A2T3T2,2
A2T8Y3,1
A2TBB4,1
A2TC31,1
A2TC87,1
A2TC88,1
A2TLS9,2
A2V759,3
A2V8B8,1
A2VA43,3
A2WPN7,1
A2YPH1,4
A2ZEX7,1
A3BLS0,1
A3CM35,1
A3CM52,8
A3CM53,1
A3CNR0,1
A3CPB5,1
A3CPB6,2
A3CR20,1
A3CS79,1
A3CUL0,1
A3CYS0,1
A3CZ62,1
A3D088,1
A3D092,1
A3D5G6,1
A3D7B7,1
A3D842,1
A3D8P6,1
A3DBC8,1
A3DBG4,1
A3DBH1,1
A3DBX3,1
A3DC27,1
A3DC29,3
A3DC31,1
A3DC45,1
A3DC59,1
A3DC75,1
A3DCH2,3
A3DCJ4,4
A3DCL1,1
A3DCZ0,1
A3DD30,4
A3DD66,1
A3DDA2,1
A3DDB7,1
A3DDK4,1
A3DDQ3,1
A3DDW1,1
A3DDW2,1
A3DDY9,1
A3DEX4,2
A3DEX6,2
A3DF10,3
A3DF72,1
A3DFK9,2
A3DGE8,2
A3DGR1,1
A3DHB8,1
A3DHD2,2
A3DHG6,5
A3DHJ7,1
A3DHS7,1
A3DIC9,1
A3DIH0,2
A3DIL8,4
A3DJ21,2
A3DJ30,3
A3DJ37,4
A3DJ38,13
A3DJ68,1
A3DJ82,1
A3DJS9,9
A3DJX6,2
A3DK02,1
A3DK52,1
A3DK57,2
A3DM20,1
A3DM60,1
A3DQM7,1
A3DTD8,1
A3E7Z7,2
A3EX94,1
A3EXD0,1
A3EXD3,1
A3EXG6,1
A3EYF7,6
A3EYI7,1
A3EZR7,1
A3F715,1
A3F718,5
A3F986,3
A3FBE6,1
A3FEV7,2
A3FEV8,1
A3FJ48,1
A3FJ49,1
A3FJ51,1
A3FJ64,3
A3FM73,1
A3FMN7,3
A3FNZ8,2
A3FQ16,7
A3FQ68,2
A3FQ69,1
A3FQ79,1
A3FQ86,1
A3FQA7,2
A3JB27,1
A3K0X1,2
A3KPE8,1
A3LNL5,2
A3LT82,4
A3LWG4,4
A3M4Z0,2
A3M692,5
A3MSH1,3
A3MSP1,1
A3MTM6,1
A3MU08,4
A3MUJ4,3
A3MVR4,1
A3MW14,1
A3MWN5,1
A3MWN6,1
A3MX09,1
A3N294,4
A3NWD9,1
A3NZL3,1
A3PC74,2
A3PDP9,1
A3QAQ5,2
A3QAS1,1
A3QAV3,3
A3QB00,1
A3QB43,1
A3QCW5,2
A3QDQ3,1
A3QGX4,1
A3QHM0,1
A3QHM2,1
A3QHR8,1
A3QI43,1
A3QIY5,1
A3QJE4,1
A3QJH3,1
A3QMF6,2
A3RFZ7,1
A3SI50,1
A3SKA6,1
A3SLM3,4
A3SMJ4,1
A3SNF7,2
A3SNF8,1
A3SNG0,2
A3SNG1,1
A3T0D1,2
A3TPB6,1
A3UNN4,4
A3XHF9,3
A3XHN1,1
A3YCB7,1
A4AFX2,3
A4CYJ6,2
A4D0H5,3
A4D126,1
A4D1P6,10
A4D2B0,1
A4D7H3,1
A4DA29,1
A4DA31,3
A4DA32,3
A4E8S4,1
A4ECA9,2
A4F1R4,3
A4F7B2,1
A4F980,1
A4F9A2,1
A4FNP6,1
A4FS04,1
A4FTK7,2
A4FUT8,1
A4GE69,1
A4GE70,1
A4GRB2,1
A4GRC7,3
A4GRE3,3
A4GTA5,1
A4GWL5,1
A4GWM6,1
A4GYF9,4
A4H2J0,1
A4H9Q9,1
A4HE05,1
A4HFB4,2
A4HPA0,1
A4HSF7,1
A4HWV2,1
A4HYJ9,1
A4I093,4
A4I3C9,1
A4I3S4,1
A4I5U9,1
A4I8P2,1
A4IDL0,1
A4IK89,2
A4IKE4,1
A4IKE6,2
A4IKE7,2
A4IL26,18
A4IM41,2
A4IM54,1
A4IMB4,1
A4IPE6,1
A4IQU1,7
A4ISU9,1
A4ISV0,3
A4IU28,1
A4IYN5,1
A4JBA9,1
A4JC15,1
A4JCS6,1
A4JE13,1
A4JGH3,2
A4JGS8,1
A4JIB1,2
A4JIV2,2
A4JJY8,1
A4JKB1,1
A4JL30,2
A4JLG9,1
A4JLJ7,1
A4JN42,1
A4JP73,1
A4JQA0,1
A4JQH6,1
A4JR51,1
A4JT02,1
A4K9Z8,2
A4KCE5,1
A4KUD2,1
A4KWA1,1
A4L2V5,1
A4L9V2,1
A4PB64,3
A4PEU6,8
A4PHM8,1
A4PHY4,3
A4PI98,1
A4PIA0,1
A4PIH9,1
A4Q8F7,2
A4Q998,1
A4Q9E8,4
A4QUT2,5
A4SIK7,1
A4SNL2,2
A4SXU0,1
A4TSJ5,1
A4TUL6,1
A4TVL0,47
A4UA16,1
A4UGR9,1
A4UVR2,1
A4UVY1,1
A4UWM5,1
A4UWN6,1
A4V2Z1,2
A4VME5,2
A4VVI4,1
A4VWG9,1
A4W515,6
A4W7D6,1
A4WW08,1
A4WYU7,7
A4X3Q0,4
A4XDU4,1
A4XEC0,1
A4XEF6,1
A4XEL3,1
A4XEN7,1
A4XF23,5
A4XF70,1
A4XGA6,5
A4XGP2,1
A4XHB2,1
A4XHQ4,1
A4XIG7,2
A4XMB7,1
A4XRL3,1
A4XXY9,3
A4Y035,1
A4Y1H6,2
A4Y1H9,1
A4Y4H5,1
A4Y8J9,1
A4Y8K1,1
A4YDF6,2
A4YG49,1
A4YGX6,2
A4YHC5,1
A4YI54,2
A4YI89,1
A4YVM8,2
A4ZDL6,1
A4ZF98,3
A4ZKE4,2
A4ZKM1,5
A4ZNG7,1
A4ZPY8,3
A4ZQ87,1
A4ZQ95,1
A4ZVL3,2
A5A513,3
A5A520,1
A5A523,2
A5A665,1
A5AB48,1
A5CAL1,1
A5CLK3,3
A5D4Z9,1
A5DMN1,1
A5E0V2,1
A5E437,1
A5EVD0,1
A5EXI3,2
A5F384,2
A5F5P5,1
A5F5R2,2
A5F5Y3,2
A5F5Y7,1
A5F686,1
A5F692,1
A5F850,1
A5F8G9,2
A5F934,2
A5F9C1,1
A5FB54,1
A5FB55,1
A5FB64,1
A5FB66,1
A5FBI0,3
A5FBI1,3
A5FBJ5,4
A5FC88,1
A5FCJ5,3
A5FET8,1
A5FFU4,2
A5FJK8,1
A5GZW8,1
A5H025,3
A5H0J8,1
A5H1I6,4
A5H660,34
A5H6E1,1
A5H7H0,1
A5H7Q8,2
A5HAK0,1
A5HBR7,1
A5HC98,2
A5HEI4,1
A5HII2,4
A5HJW8,1
A5HMM7,2
A5HUL4,1
A5HUM9,1
A5HUP6,1
A5HZZ4,1
A5HZZ5,1
A5HZZ6,1
A5I055,1
A5I3U9,2
A5I6N2,1
A5IGB8,1
A5IKD4,2
A5IL00,2
A5IMX7,8
A5J299,3
A5JJT3,1
A5JSJ3,1
A5JTM5,2
A5JUY8,3
A5JZ09,1
A5JZC2,1
A5K000,1
A5K093,1
A5K0N4,4
A5K1A2,28
A5K1H0,1
A5K2B2,4
A5K302,3
A5K3M1,1
A5K3N8,2
A5K3U9,1
A5K3Y7,2
A5K421,3
A5K4Q6,1
A5K4U6,7
A5K4Z2,1
A5K6T9,3
A5K709,1
A5K736,3
A5K867,2
A5K893,1
A5K8L9,17
A5K8X6,5
A5K9M4,1
A5K9Y2,3
A5KAC3,1
A5KB03,1
A5KBB4,1
A5KBL5,2
A5KBP6,1
A5KDW3,4
A5KE01,5
A5KUH4,3
A5KUH7,1
A5LHX0,1
A5N1B8,1
A5PHA6,1
A5PJH9,2
A5TYT6,7
A5TYW8,1
A5TZL1,1
A5U150,2
A5U1Y4,1
A5U2B7,3
A5U4M0,6
A5U5L6,1
A5U5N4,1
A5U6B6,4
A5U6C6,2
A5U6I5,1
A5U6I9,1
A5U6L5,5
A5U6Z7,2
A5U9I4,4
A5U9P2,1
A5UK83,1
A5UMY5,1
A5UZ69,2
A5VM92,1
A5VMB3,1
A5VRH5,1
A5VWI3,2
A5VZY6,2
A5W059,1
A5W1A6,1
A5W3Z9,1
A5W4E3,3
A5W4E9,3
A5W4F0,2
A5WF35,1
A5WWA0,2
A5XB26,1
A5Y2E1,1
A5YBJ8,2
A5YBL8,2
A5YKK6,8
A5Z0S9,1
A5Z226,3
A5Z5V6,1
A5Z657,1
A5Z9C0,1
A5Z9E1,1
A5ZMD8,1
A5ZUL4,1
A5ZY13,10
A6BLW4,1
A6BM74,1
A6BMJ3,3
A6G411,1
A6G7B1,1
A6GV51,2
A6GWM2,1
A6H6Y4,2
A6KWT9,3
A6KX05,1
A6KX32,1
A6KXB7,1
A6KXE4,1
A6KXE5,1
A6KY15,1
A6KYC4,1
A6KZ44,1
A6KZ57,1
A6KZB0,1
A6KZB9,1
A6KZN2,1
A6KZT0,1
A6KZZ2,1
A6L054,1
A6L094,1
A6L0Y5,1
A6L195,1
A6L1M8,1
A6L2B2,1
A6L2D9,1
A6L2E5,3
A6L2F0,1
A6L2G8,2
A6L2G9,1
A6L2I4,1
A6L326,1
A6L337,1
A6L340,1
A6L3L5,1
A6L3N2,1
A6L3P9,1
A6L3Z9,1
A6L4E1,1
A6L4L1,1
A6L4U0,1
A6L587,1
A6L5C0,3
A6L615,1
A6L6K5,1
A6L7K2,1
A6L7P8,1
A6L7P9,1
A6L7S9,3
A6L7X2,1
A6L916,1
A6L9A1,1
A6L9L2,1
A6L9R1,1
A6LA98,1
A6LAN0,1
A6LAZ9,1
A6LB22,1
A6LB40,1
A6LB94,1
A6LBC8,1
A6LBD9,1
A6LBR3,1
A6LC72,1
A6LCA7,1
A6LCL9,2
A6LCM3,1
A6LCN0,1
A6LCR1,1
A6LD40,1
A6LD44,1
A6LD74,1
A6LDE6,1
A6LDI0,1
A6LDL3,1
A6LDR8,1
A6LE66,2
A6LES9,1
A6LF58,1
A6LF92,1
A6LFX0,1
A6LG40,1
A6LGF6,1
A6LGH6,1
A6LGH7,1
A6LGH9,1
A6LGL1,1
A6LGN3,1
A6LGW3,1
A6LH12,1
A6LH36,1
A6LHD8,1
A6LHQ4,1
A6LHQ6,1
A6LHQ9,1
A6LHT4,1
A6LHZ0,1
A6LIG9,1
A6LIL3,1
A6LIT1,1
A6LIT8,1
A6LIX4,1
A6LM39,3
A6LM40,3
A6LR04,1
A6LW07,3
A6LW08,2
A6LX94,8
A6M2W4,2
A6M946,2
A6M964,1
A6NCL1,1
A6ND01,3
A6NED2,3
A6NGG8,1
A6NHC0,1
A6NHQ4,1
A6NHR9,1
A6NI73,1
A6NIH7,1
A6NK06,1
A6NK44,1
A6NNK5,1
A6NQU6,1
A6P4T5,1
A6P7M9,1
A6PZ97,2
A6Q234,2
A6Q8U6,1
A6QD58,1
A6QDA0,4
A6QG59,2
A6QHR2,1
A6T4W3,1
A6T526,2
A6T5R0,13
A6T6J6,1
A6T6R4,1
A6T6Z0,5
A6T7M3,1
A6T7Q7,1
A6T882,1
A6T8F5,2
A6T8J6,1
A6T8P4,1
A6T8V7,1
A6T8V8,3
A6T8Z3,1
A6T8Z4,1
A6T923,3
A6T925,5
A6T926,1
A6T989,2
A6T990,1
A6T9E8,3
A6T9G8,1
A6T9H1,4
A6T9N5,1
A6TAP7,1
A6TB43,1
A6TB44,1
A6TB72,1
A6TB83,2
A6TBJ8,1
A6TBN1,1
A6TBY7,1
A6TCS9,1
A6TD90,1
A6TDE9,5
A6TE44,1
A6TE93,1
A6TE95,1
A6TED5,1
A6TEE6,1
A6TEL6,1
A6TF31,1
A6TF32,2
A6TF35,1
A6TFN2,1
A6TFZ6,1
A6TGD6,2
A6TGH9,1
A6TGK6,1
A6TGL0,1
A6TGW7,1
A6TH02,1
A6TH30,1
A6THC4,1
A6THE6,1
A6THF7,1
A6THQ8,1
A6THR5,1
A6THR9,1
A6THW4,1
A6TJ50,1
A6TJ72,1
A6TJ73,1
A6TKU5,1
A6TWT6,1
A6UIY7,1
A6UPF5,1
A6UQ44,1
A6UVT1,3
A6V1E4,6
A6V267,1
A6VD57,1
A6VIT4,1
A6VKP1,1
A6VKT0,1
A6VKV4,2
A6VL88,1
A6VLF7,1
A6VLM7,1
A6VQF1,1
A6VQF6,3
A6WG04,1
A6WVC6,2
A6WW16,1
A6X5L9,1
A6X5N0,1
A6X5V3,1
A6X7C5,1
A6X980,1
A6XH05,1
A6XNC5,1
A6XNC6,2
A6XNE6,3
A6YEI2,3
A6YID9,1
A6ZKP4,1
A6ZQL5,1
A6ZSR0,24
A6ZU46,1
A6ZUJ9,1
A6ZUP2,1
A6ZWK1,1
A6ZY62,1
A7A7R9,2
A7ANF8,1
A7ASX7,4
A7ATL3,1
A7AV51,1
A7AZY1,1
A7AZY4,1
A7B039,1
A7B1J1,1
A7B2S7,1
A7B4B4,1
A7B4J8,1
A7B4L9,1
A7B555,3
A7B557,3
A7B6A6,3
A7B6P0,2
A7BBB2,1
A7BFV6,1
A7GBG3,4
A7HD43,3
A7HNC0,3
A7HU16,1
A7IGZ0,1
A7IIH0,2
A7IKN6,1
A7IKQ4,1
A7ILT8,1
A7IQH5,2
A7IXR1,1
A7IZR5,1
A7J283,1
A7J936,1
A7KAX9,1
A7KH27,2
A7KMF0,6
A7KT36,1
A7KT63,2
A7KV39,1
A7KWZ1,1
A7L302,2
A7LAI8,2
A7LBL3,1
A7LBW5,2
A7LCX1,1
A7LI11,1
A7LI25,1
A7LIK7,1
A7LM80,2
A7LXT0,2
A7LXT3,1
A7LXT4,2
A7LXT5,2
A7LXT7,1
A7LXT8,3
A7LXU0,1
A7LXU3,1
A7M4E1,1
A7M6E7,2
A7MAQ2,2
A7MB62,4
A7MQK9,2
A7MSF4,2
A7N805,1
A7NNM5,2
A7RCB1,1
A7RNF3,1
A7RS11,1
A7RZU9,1
A7SDD2,1
A7SLZ2,5
A7T0H5,1
A7TM80,4
A7TMA9,1
A7TR32,2
A7TUE6,2
A7TUX7,1
A7U694,1
A7UD81,6
A7UMQ4,2
A7UNK4,4
A7UPX0,2
A7UQX3,1
A7UR55,1
A7UX13,2
A7UZ95,1
A7VL37,1
A7VN14,1
A7VSG2,1
A7VV38,1
A7VV57,1
A7VWX7,1
A7WK53,1
A7WYM2,1
A7X0K2,1
A7X1N2,2
A7X435,1
A7X522,1
A7XNI2,3
A7XUK7,2
A7XWN5,1
A7XX65,1
A7XXB9,1
A7XXR1,4
A7XXR3,2
A7XXR5,1
A7Y407,1
A7Y7W1,5
A7YCM0,2
A7YK37,2
A7YKL0,1
A7YT55,2
A7YYL1,2
A7Z2A9,2
A7Z428,2
A7Z474,1
A7Z6E3,1
A7ZAJ3,2
A7ZHQ1,1
A7ZHV1,1
A7ZKI9,2
A7ZS61,2
A7ZSW5,2
A7ZVS7,1
A8AB33,1
A8ABX8,1
A8AC72,3
A8AF35,2
A8ALU5,1
A8AR30,2
A8ASG6,1
A8AST9,1
A8ATR6,3
A8ATW7,2
A8AW49,4
A8AWU7,7
A8AXC5,1
A8AZP5,1
A8B1V5,1
A8B2K2,1
A8B2U2,5
A8B3A8,1
A8B8N3,1
A8BB85,2
A8BFP4,1
A8BGX6,1
A8BKD1,1
A8BMJ0,1
A8BR89,1
A8BZ95,2
A8C927,4
A8CDU0,1
A8CF72,3
A8CF85,4
A8CFR3,3
A8D6S6,1
A8D8P8,1
A8DG50,25
A8DP67,1
A8DS27,2
A8E0K8,3
A8E1U5,3
A8E6E2,1
A8E7C6,1
A8EVM5,2
A8F7U7,1
A8F7X5,1
A8FAR5,3
A8FDC4,3
A8FEK3,1
A8FFI9,2
A8FNH9,1
A8GBZ7,2
A8GFD6,6
A8GG78,2
A8GG79,2
A8GTI9,1
A8H0C8,1
A8H6D2,1
A8H7M5,1
A8H9D1,1
A8HBN5,1
A8HDA9,1
A8HTB8,1
A8HUA2,2
A8I0K9,1
A8IAN1,2
A8ID55,1
A8IKW6,1
A8ILA3,1
A8INQ0,2
A8IP97,1
A8IRQ1,1
A8ISN6,2
A8ITN7,1
A8IW39,1
A8IYH1,2
A8IYS5,1
A8J0Q8,1
A8J7D3,1
A8J8W0,25
A8JAR4,2
A8JBY2,1
A8JF99,2
A8JKF9,1
A8JZR7,1
A8K008,6
A8K0B5,3
A8K7I4,1
A8K979,2
A8KRL3,1
A8LP63,6
A8LPS1,1
A8LRC0,1
A8LS88,1
A8M0K5,1
A8M6W6,3
A8MI53,5
A8MJH2,2
A8MT69,6
A8MUM7,3
A8MW92,6
A8MW95,1
A8N286,1
A8NI40,2
A8NRB3,1
A8P0V4,3
A8PPN3,1
A8PUY1,3
A8PUY5,1
A8QYL1,1
A8QZK6,2
A8R0K5,2
A8R5D9,1
A8R5V3,1
A8R7E6,2
A8TXX2,3
A8TYI5,1
A8UDR1,2
A8ULG6,1
A8W790,3
A8W891,3
A8W893,1
A8W8K8,2
A8WBX8,3
A8WFV1,6
A8WHX9,2
A8Y5U5,1
A8YBP8,1
A8YBS4,1
A8YJ50,2
A8YJW1,1
A8YPQ5,2
A8YPQ6,2
A8YPQ8,1
A8ZMJ4,1
A8ZMJ5,1
A9A1T2,2
A9A1Y2,1
A9A2G4,1
A9A2G5,1
A9A2L1,1
A9AE46,1
A9B055,1
A9BGZ9,1
A9BHL2,2
A9BPK4,1
A9BQX8,3
A9CB85,2
A9CB96,4
A9CBG5,1
A9CEJ9,1
A9CEK0,1
A9CEL1,1
A9CEQ7,1
A9CEQ8,2
A9CEQ9,1
A9CEY6,4
A9CEY9,4
A9CEZ0,3
A9CF87,1
A9CFB2,2
A9CFG3,1
A9CFJ8,1
A9CFJ9,2
A9CG24,3
A9CG77,1
A9CG82,1
A9CGA4,1
A9CGA5,2
A9CGI0,5
A9CGZ4,1
A9CH28,2
A9CH39,4
A9CH74,1
A9CHD2,1
A9CHE9,1
A9CHF5,1
A9CHH7,1
A9CHJ4,1
A9CHM9,3
A9CHN1,1
A9CHP3,1
A9CHP8,1
A9CHQ7,1
A9CHR2,1
A9CHU9,1
A9CI16,1
A9CI22,1
A9CI25,1
A9CI53,1
A9CI62,2
A9CI81,12
A9CI91,1
A9CI98,1
A9CID8,1
A9CID9,1
A9CIE0,1
A9CIG0,1
A9CIG4,1
A9CIH8,1
A9CII5,1
A9CII6,1
A9CIK7,1
A9CIQ1,1
A9CIT6,1
A9CJ11,1
A9CJ26,1
A9CJ36,4
A9CJ43,1
A9CJ63,1
A9CJ67,1
A9CJC9,1
A9CJF9,1
A9CJQ0,1
A9CJR4,1
A9CJS5,1
A9CJW3,1
A9CJY8,1
A9CK16,1
A9CKA1,1
A9CKD6,1
A9CKE9,2
A9CKF0,1
A9CKF1,1
A9CKG4,1
A9CKI6,1
A9CKI7,1
A9CKJ2,1
A9CKK7,2
A9CKP1,1
A9CKP4,1
A9CKT4,1
A9CKT8,1
A9CKY2,1
A9CL57,1
A9CL58,2
A9CL63,2
A9CLJ4,1
A9CLM6,1
A9CLP4,1
A9CLR1,2
A9CQL4,12
A9D2J3,1
A9D857,7
A9D9D1,2
A9DF82,6
A9DKW4,2
A9DSJ8,2
A9ERX9,2
A9FDB7,4
A9FFA1,1
A9GEI3,1
A9GMG4,1
A9H275,1
A9H324,1
A9H5W5,1
A9H5W8,1
A9IH93,2
A9IWP7,1
A9J573,1
A9J7N5,1
A9JQL9,24
A9JTH8,1
A9KIC5,1
A9KIX1,1
A9KJQ6,1
A9KJS6,4
A9KN57,3
A9KQP6,1
A9KT46,1
A9LI60,2
A9LID6,1
A9LIE0,2
A9LNK9,1
A9MA73,1
A9MB96,1
A9NFJ2,1
A9NXU5,1
A9PCL4,1
A9PFX3,1
A9PHH6,2
A9PKC6,4
A9Q1Y3,1
A9RB27,1
A9S498,1
A9SG07,1
A9SQZ2,1
A9SS48,3
A9ST85,2
A9UT73,3
A9V7E4,1
A9VCZ3,3
A9W386,1
A9W9U6,1
A9W9V0,1
A9WBH0,1
A9WC34,1
A9WCA2,1
A9WCL5,1
A9WCM4,1
A9WDE7,1
A9WDG5,1
A9WDY0,1
A9WFT0,1
A9WGF5,1
A9WHE0,1
A9WHX7,1
A9WYA5,1
A9X6P7,1
A9X9K8,2
A9XG43,15
A9XI30,1
A9XK88,2
A9XRG9,1
A9XWD7,1
A9Y8R7,1
A9YN63,6
A9YTQ3,1
A9YTT0,1
A9ZMR8,1
A9ZPJ6,1
A9ZSX9,3
B0B0V1,4
B0B999,1
B0B9A0,7
B0BA40,1
B0BAN6,3
B0BFQ1,1
B0BGB0,1
B0BGV9,1
B0BHE4,1
B0BUC2,1
B0BXR4,2
B0CGS2,1
B0CIA7,1
B0CL43,1
B0CN28,2
B0CZL6,2
B0F9F6,4
B0FXI7,1
B0FXJ2,1
B0I3E0,1
B0I3E2,1
B0JDW3,3
B0JFB8,1
B0K2C2,2
B0K2C3,4
B0K969,1
B0KAH1,2
B0KAW2,2
B0KBZ7,2
B0L7B0,6
B0LF88,1
B0LKZ4,1
B0LPL6,1
B0LUZ5,1
B0MAG5,1
B0MKR4,1
B0MNI4,1
B0NC68,1
B0R2U4,4
B0R5M0,11
B0R5N9,2
B0R5R2,1
B0R748,1
B0R9W3,1
B0RM05,1
B0RM26,1
B0RN69,1
B0RT03,2
B0RT42,1
B0RTN2,3
B0RUA2,1
B0RXY9,1
B0S4P3,2
B0S4Q0,3
B0SN40,2
B0SR19,1
B0STJ8,2
B0SUI1,1
B0SWV2,6
B0T0B1,1
B0TAT4,1
B0TQ91,1
B0TX44,3
B0TZL4,1
B0TZW0,5
B0V1H4,1
B0V2N1,1
B0V8I3,1
B0V8J1,1
B0VDX7,1
B0VHH0,4
B0VJ11,3
B0VKR7,1
B0VKS3,1
B0VLR7,1
B0VML7,2
B0VNL8,5
B0VP98,1
B0VPC9,1
B0VTH7,2
B0X223,1
B0XMC1,2
B0XPI4,1
B0XRM8,1
B0XZD3,1
B0Y2F5,2
B0Y2Y2,3
B0Y813,14
B0YD89,7
B0YDN6,1
B0YIU5,5
B0YPL1,1
B0ZE06,2
B0ZE32,1
B1A9P1,1
B1A9P6,1
B1ASB6,1
B1AYC9,1
B1B1U5,1
B1B3N7,1
B1B4V9,1
B1C2R2,1
B1FPK4,1
B1FXZ2,2
B1FZ96,3
B1G1H7,1
B1GB42,1
B1H267,2
B1I9H6,2
B1IBM3,1
B1INP8,1
B1IS70,6
B1IV40,1
B1J385,1
B1JJ73,3
B1JL34,1
B1JQG4,1
B1JRD8,1
B1K378,1
B1L3C9,9
B1L4V6,3
B1L576,1
B1L7P8,9
B1M0X3,1
B1MAQ5,1
B1MB31,1
B1MC30,2
B1MC45,1
B1MC71,1
B1MCI3,1
B1MCW0,1
B1MD46,1
B1MD68,1
B1MD69,1
B1MD73,8
B1MDI3,56
B1MDL6,12
B1MDQ6,1
B1ME52,1
B1MEE0,1
B1MFF5,1
B1MFK2,2
B1MG17,1
B1MGB2,1
B1MGI6,1
B1MHW4,13
B1MIA8,1
B1MIQ9,1
B1MIR1,1
B1MJ43,1
B1MJ53,1
B1MJ88,1
B1MJN9,1
B1MJU8,1
B1MK49,2
B1MK77,1
B1MKD5,3
B1MKP6,1
B1ML12,1
B1ML27,1
B1MLR7,1
B1MLU6,1
B1MLZ4,1
B1MM02,1
B1MM63,1
B1MMM4,1
B1MMZ4,4
B1MNM2,1
B1MPB5,1
B1P0S1,1
B1P3E1,3
B1PJU7,3
B1PJV3,4
B1PNC0,2
B1PNC3,1
B1PND0,3
B1PPP0,2
B1PUC6,1
B1PWB9,10
B1Q017,1
B1Q236,4
B1Q2B6,1
B1Q3G1,3
B1Q4V2,2
B1V1R3,4
B1VB62,2
B1VB78,1
B1VBB0,11
B1VC43,1
B1VZT1,2
B1W019,1
B1W1N0,2
B1WBD6,1
B1WBP0,3
B1WPD5,1
B1WPM8,12
B1WTS6,4
B1WVN5,2
B1XB85,1
B1XJV9,1
B1XKC6,4
B1XLD2,1
B1XMM6,6
B1XMP1,1
B1Y9Q9,2
B1YAL1,5
B1YEL3,1
B1YEL6,2
B1YEV7,1
B1YFH3,1
B1YFV8,1
B1YG32,1
B1YHC8,1
B1YJ68,1
B1YJX4,1
B1YK61,1
B1YKD7,1
B1YKJ9,1
B1YKR8,1
B1YL86,1
B1YM69,1
B1YMF4,1
B1YNR3,1
B1YNX3,2
B1YPY7,1
B1YQ53,1
B1YQF4,1
B1YRH1,1
B1YRI5,1
B1YSH1,1
B1YSR8,1
B1YSS6,1
B1YT10,1
B1YU47,1
B1YVV9,1
B1YW99,1
B1YX81,1
B1YXI0,1
B1Z136,1
B1Z4S0,1
B1Z4S6,1
B1ZMF4,11
B2ACC7,1
B2AM55,1
B2B3C0,1
B2B9C5,1
B2BKB1,1
B2BM43,1
B2BM46,1
B2BM50,1
B2C331,1
B2C3H7,1
B2C3H9,1
B2C3I1,1
B2C3I4,1
B2CCB8,1
B2CKP3,1
B2CMA5,1
B2CP37,1
B2CXZ0,1
B2CY50,1
B2CZF3,5
B2CZF4,2
B2CZL6,1
B2DCZ6,1
B2DFG5,8
B2FHI7,1
B2FHL8,7
B2FHQ4,1
B2FJG3,1
B2FJJ6,1
B2FKF0,1
B2FL24,1
B2FN79,1
B2FNL5,1
B2FNY1,1
B2FNY6,1
B2FP37,1
B2FQ63,1
B2FQ84,1
B2FQJ0,1
B2FR92,1
B2FRP5,1
B2FRX1,1
B2FS04,1
B2FSF8,7
B2FT06,1
B2FT30,1
B2FT35,1
B2FT38,1
B2FT93,1
B2FTM1,12
B2FU10,1
B2G3C8,4
B2G3C9,1
B2GM84,2
B2GUB3,1
B2HD26,1
B2HD64,1
B2HDS7,1
B2HDU6,1
B2HE09,1
B2HE62,1
B2HEA7,1
B2HEF4,2
B2HF11,1
B2HFD6,1
B2HHI0,1
B2HHT4,3
B2HHT9,1
B2HI06,1
B2HI47,2
B2HIH3,1
B2HIZ6,3
B2HJL5,1
B2HKH2,1
B2HKM3,1
B2HKN3,1
B2HL85,1
B2HLX2,1
B2HM00,1
B2HM22,1
B2HMF7,1
B2HMK0,1
B2HMZ1,1
B2HN47,1
B2HN69,2
B2HN70,1
B2HNE1,2
B2HNX0,1
B2HP50,1
B2HPZ3,1
B2HQD1,1
B2HS63,1
B2HSG1,1
B2HSK3,1
B2HSU5,1
B2HSY2,1
B2HT54,1
B2HUN5,2
B2HWK9,1
B2I1J3,1
B2I5L9,1
B2IF78,2
B2ILS5,1
B2IUW9,1
B2IVH9,1
B2IY64,1
B2IZS7,1
B2J066,5
B2J0D8,1
B2J0I0,9
B2J1M1,1
B2J2S4,1
B2J3U5,1
B2J528,1
B2J6L8,1
B2J821,6
B2J846,1
B2J933,1
B2J981,3
B2J9B4,2
B2JAN5,1
B2JCQ1,1
B2JE32,1
B2JEF9,1
B2JET9,1
B2JEW3,1
B2JF16,1
B2JF31,2
B2JFC5,1
B2JGP2,1
B2JH95,1
B2JKH6,1
B2JKI6,1
B2JLJ0,1
B2JNW3,1
B2JPK4,1
B2JQF9,1
B2JR29,1
B2JVC5,1
B2JYH9,1
B2KPR3,2
B2L3G9,2
B2L3N7,1
B2L9C1,3
B2LME8,2
B2LWN3,1
B2MZC6,1
B2NHN2,2
B2RGZ7,1
B2RH54,1
B2RH75,1
B2RHG1,2
B2RHG3,1
B2RHG4,1
B2RHG5,2
B2RHQ2,1
B2RID1,24
B2RK02,1
B2RK03,2
B2RKN6,2
B2RKU3,1
B2RLE7,1
B2RLE8,2
B2RM04,1
B2RUJ5,1
B2RXC2,1
B2RXH2,1
B2S5B9,1
B2T2U6,2
B2T4I1,1
B2TEP5,1
B2TEQ2,2
B2TEV0,1
B2UCA8,2
B2UHR8,4
B2UIZ1,1
B2ULI1,1
B2UN02,3
B2UNU8,1
B2UP57,3
B2UPR7,1
B2UQG6,2
B2UQL7,1
B2UR15,2
B2UR41,1
B2UR43,1
B2UR60,4
B2VCC3,3
B2VLU9,1
B2VLW8,1
B2VNK2,4
B2VNP1,1
B2WW42,1
B2WW47,1
B2WW50,1
B2Y2M9,1
B2YGA4,1
B2Z3V8,4
B2ZB02,19
B2ZGS7,4
B2ZHY7,3
B2ZRS9,3
B2ZSY4,1
B2ZUN0,1
B2ZWE9,6
B3A043,2
B3A0S5,1
B3BM80,1
B3BM81,1
B3C5J6,2
B3C613,1
B3C777,1
B3C969,2
B3C975,1
B3CET1,1
B3CET4,2
B3CVM3,3
B3D6W2,2
B3DIN1,2
B3DQP5,5
B3DUR4,7
B3DUZ1,2
B3DUZ7,3
B3DVC3,2
B3ECE3,11
B3EWH9,1
B3EWJ2,2
B3EWQ9,3
B3EWR1,2
B3EY95,14
B3EYL5,1
B3EYL7,2
B3EYM8,6
B3EYM9,7
B3EYN2,4
B3EYN9,2
B3F2X4,1
B3F9D7,1
B3FHP0,7
B3FIS6,1
B3FK34,1
B3FK35,1
B3FNT1,1
B3FQS5,3
B3G2E1,1
B3GA02,2
B3GGB1,1
B3GVH9,1
B3GVK1,5
B3GVS7,3
B3GWA1,1
B3H7I1,1
B3IUB3,1
B3IVI6,1
B3IXK1,1
B3JI28,1
B3LEP7,1
B3LGC5,1
B3LNW5,1
B3LRE1,44
B3PBD9,1
B3PBE0,10
B3PC73,5
B3PD52,6
B3PD60,2
B3PDB1,2
B3PDE5,1
B3PEE6,12
B3PGI1,2
B3PIB0,1
B3PJ79,1
B3PKK9,4
B3PLJ6,1
B3R1C1,1
B3R1C2,1
B3R6T4,1
B3RMM6,1
B3RXX2,1
B3S3X5,1
B3S7S5,1
B3TFG2,1
B3TKQ3,2
B3TLD6,6
B3TMQ9,3
B3TMR1,2
B3TMR8,6
B3U4H7,5
B3V224,1
B3VBK9,2
B3VGI6,1
B3VH91,2
B3VHM9,3
B3VI55,6
B3VI58,4
B3VMP4,2
B3VPZ9,1
B3VQJ7,1
B3VQP5,3
B3VS76,3
B3XNW8,1
B3XPQ7,2
B3Y002,11
B3Y018,10
B3Y653,14
B3Y8K5,1
B3Y8K6,1
B3Y963,1
B4DV12,4
B4E3L4,1
B4E589,1
B4E5F5,2
B4E5P7,1
B4E5S2,1
B4E5V4,1
B4E5Y6,1
B4E5Z6,1
B4E6Q3,1
B4E6Z1,1
B4E730,1
B4E794,1
B4E7B5,2
B4E7W8,1
B4E8B7,1
B4E8W7,1
B4E926,1
B4E9I9,1
B4E9P3,1
B4E9Q5,1
B4E9U7,1
B4EA21,1
B4EA43,6
B4EA88,1
B4EA96,1
B4EAU4,2
B4EAZ8,1
B4EB17,1
B4EC22,3
B4ECX4,1
B4ECY9,4
B4EDA2,1
B4EDC1,2
B4EDY7,1
B4EEE3,2
B4EEF2,1
B4EEQ5,1
B4EEU0,1
B4EEX4,1
B4EFK1,2
B4EFL1,1
B4EFS5,1
B4EFS9,1
B4EFV2,1
B4EG08,1
B4EGA9,1
B4EGC8,1
B4EH14,1
B4EH86,9
B4EH87,3
B4EHA1,1
B4EII9,1
B4EIN4,1
B4EJL9,2
B4EJX1,1
B4EKB3,3
B4EKM5,1
B4EKU2,1
B4EL08,1
B4EL89,1
B4EMD1,1
B4EN46,1
B4EPK2,1
B4EPS2,1
B4ETT2,2
B4EUK6,2
B4EUU9,2
B4EV20,1
B4EV21,2
B4EV65,2
B4EVM3,4
B4EXV8,2
B4EY22,1
B4EYH7,1
B4EZ68,3
B4EZY4,1
B4EZY7,2
B4F258,1
B4F366,2
B4F6I0,4
B4FCI7,11
B4FFH8,2
B4FG90,1
B4FK49,1
B4FNK8,1
B4FUM2,1
B4G043,15
B4JUF1,1
B4KM86,1
B4RIY7,1
B4RJ46,1
B4RJH7,1
B4RKE7,2
B4RKU9,1
B4RL16,1
B4RL22,1
B4RLV9,1
B4RLY3,1
B4RMG0,1
B4RNT1,11
B4RPN9,1
B4RPP8,1
B4RQ29,1
B4RQ30,1
B4RQJ2,1
B4SII9,4
B4SL31,1
B4SLK2,4
B4UMX2,2
B4UN32,1
B4UPF7,2
B4UPH9,4
B4V386,2
B4X9Q4,1
B4XC07,1
B4XH91,1
B4XMC6,2
B4XN22,1
B4XT64,1
B4XVN1,4
B4XYA6,2
B4XYC8,1
B4Y380,4
B4Y381,4
B4YAJ6,1
B4YB07,1
B4YSU1,1
B5A6J1,1
B5A7L9,2
B5ABT1,3
B5AJT1,2
B5ARZ9,1
B5B0E6,1
B5BP20,1
B5BQ05,1
B5BRC3,1
B5BSA0,2
B5BTR4,1
B5BTR7,6
B5BTT5,2
B5CY74,3
B5CY86,1
B5CY92,1
B5CY96,1
B5CYA5,2
B5DCA0,5
B5EU32,1
B5F9P4,1
B5GLB3,1
B5GLC0,2
B5GMG2,2
B5GPM3,2
B5HDJ6,2
B5HKU0,1
B5HND8,1
B5HNG5,1
B5HSR1,10
B5I4P8,2
B5II98,6
B5ILN4,1
B5KM66,2
B5KVR9,1
B5L013,2
B5L5V5,1
B5L6K6,10
B5LY47,1
B5LYJ9,1
B5M9L6,6
B5MDL5,1
B5MGF8,1
B5MGN7,1
B5MGN9,1
B5R541,3
B5SYS5,1
B5T007,1
B5THG7,1
B5THI3,3
B5TYU1,1
B5U3A1,1
B5U8Q1,1
B5UBC1,3
B5XAZ0,1
B5XIP6,1
B5XS64,1
B5XTG2,2
B5XTS6,1
B5XU49,14
B5XVG7,1
B5XYG3,3
B5XZJ6,1
B5Y097,1
B5Y388,1
B5YBJ6,14
B5YFE0,1
B5YGD6,1
B5Z6F2,1
B5Z6I2,1
B5Z6J9,1
B5Z6T1,1
B5Z6U8,1
B5Z7B9,1
B5Z7D6,1
B5Z7D7,1
B5Z7R4,1
B5Z8D8,1
B5Z8I0,1
B5Z8Y5,1
B5Z9J2,3
B5Z9V7,1
B5Z9W3,1
B5Z9W9,1
B5ZA44,2
B5ZA76,1
B5ZAD9,5
B5ZZ34,2
B6A876,1
B6A879,1
B6A880,2
B6A882,1
B6AA20,3
B6BQB2,3
B6CDL6,1
B6CHW7,2
B6D7J9,1
B6DMH6,16
B6DRA0,5
B6E129,1
B6EI04,1
B6ENP9,1
B6EQJ6,1
B6ETQ5,1
B6EWZ1,1
B6F0T7,6
B6F143,1
B6GXZ8,3
B6H6L7,4
B6HJU2,1
B6HN76,2
B6HNK6,1
B6HWK0,3
B6I985,1
B6JH23,1
B6JLE2,4
B6JPK4,4
B6K598,1
B6K6D6,2
B6K9M7,1
B6KAM0,5
B6KAS6,1
B6KDY1,1
B6KP12,1
B6KQU6,1
B6KV60,2
B6RCQ2,1
B6RGK2,3
B6SBM0,2
B6SBV8,2
B6SCH3,1
B6SEE8,1
B6SEG4,2
B6SEG5,1
B6T1C9,1
B6T563,2
B6THD4,4
B6TPH0,4
B6U9L0,3
B6V2Y3,1
B6V311,4
B6V7E4,4
B6VDJ7,1
B6VGX5,1
B6VTD5,1
B6WQE2,1
B6WRT5,1
B6WUJ7,1
B6WX57,1
B6XIT1,1
B6YT87,3
B6YTB8,1
B6YTD6,3
B6YTD8,5
B6YTT4,1
B6YTZ3,1
B6YU74,2
B6YW62,1
B6YWB8,2
B6YWC1,1
B6YWC3,6
B6YWU6,1
B6YX36,1
B6YXG0,1
B6YXQ1,2
B6ZHE7,1
B6ZK72,2
B7BGD3,1
B7FGU6,1
B7FJK3,1
B7FJU0,1
B7FR28,1
B7FR29,3
B7FRW2,1
B7G9J2,1
B7GAW6,1
B7GMZ0,1
B7GN78,2
B7GNK7,1
B7GNN8,3
B7GNP9,1
B7GNQ3,1
B7GNS6,1
B7GQA3,2
B7GS97,1
B7GTV0,4
B7GUI0,3
B7GV74,1
B7GY71,1
B7H1U5,1
B7H226,1
B7ICV3,1
B7IE18,2
B7IEN1,1
B7IR02,1
B7J3C9,1
B7J4S3,1
B7J5E4,1
B7J6R7,1
B7J8Z8,1
B7J952,1
B7JA34,1
B7JA91,1
B7JBP8,14
B7JX99,4
B7K4Z0,1
B7KDN5,1
B7KMS4,2
B7KXB5,2
B7L3S9,1
B7L3Y3,1
B7LFS8,1
B7LG64,1
B7LGE4,1
B7LRA7,1
B7M7I1,1
B7MIY4,1
B7MLQ3,1
B7NZB1,1
B7PKZ1,2
B7Q097,1
B7QK46,14
B7R5K0,1
B7SBL4,1
B7SCI5,3
B7SNP8,1
B7SY86,1
B7T0U6,1
B7T1D7,2
B7T1P0,1
B7TVP1,3
B7TYB2,2
B7UCZ5,2
B7UCZ6,1
B7UI21,2
B7UL96,1
B7UL97,1
B7UL98,1
B7UM99,2
B7UMA6,2
B7UMC8,1
B7UN63,1
B7UTD4,1
B7UZI4,7
B7VFI6,1
B7WQT1,1
B7WRJ7,1
B7X4S7,1
B7X8M2,6
B7X9Z0,4
B7X9Z2,4
B7XC04,3
B7XCV4,5
B7XH69,3
B7YZK8,1
B7Z0E2,1
B7ZWN4,1
B7ZYP9,5
B8AC38,1
B8ALM5,1
B8AVF0,3
B8CQB6,1
B8CYA8,3
B8CZ51,1
B8CZ54,3
B8CZV1,1
B8D3P7,1
B8DIL5,1
B8DV56,1
B8DWA9,1
B8F151,1
B8F653,1
B8FRE0,1
B8FRW3,1
B8FRX2,1
B8FSC7,1
B8FSW0,1
B8FUJ5,1
B8FUR2,7
B8FVL4,1
B8FW00,3
B8FW11,5
B8FX10,1
B8FYU2,1
B8FZ96,1
B8G0E7,1
B8G5D6,1
B8GAY9,17
B8GD81,1
B8GW30,1
B8H4R9,4
B8H997,1
B8HDZ1,6
B8HNS6,13
B8I1W6,1
B8I8F1,1
B8I944,6
B8J100,1
B8J364,2
B8J3A4,2
B8J605,3
B8JK68,1
B8K244,1
B8KQT8,1
B8M9J8,4
B8MX95,2
B8NBN5,2
B8NJH3,10
B8NM72,1
B8NQF0,2
B8PWH5,1
B8QGZ7,1
B8QIQ9,2
B8R1T8,1
B8XA40,5
B8XCM7,2
B8XCN6,1
B8XX90,4
B8Y553,1
B8Y562,1
B8Y6I0,1
B8YAC7,3
B8YLW0,2
B8ZKS5,3
B8ZSN3,1
B8ZT86,1
B8ZUN3,1
B8ZXI1,4
B8ZY56,3
B8ZYW1,2
B9A0T7,1
B9A1J6,1
B9A5B9,2
B9A5C1,5
B9A5F5,2
B9A7V6,1
B9A875,1
B9BS30,1
B9DFX7,1
B9DL91,2
B9DUT7,2
B9FNW2,1
B9G207,3
B9GQ64,1
B9HM14,1
B9I0G5,1
B9J8G8,1
B9JE48,1
B9JK80,4
B9JKX8,1
B9JM84,1
B9JNP7,2
B9JQP8,1
B9JQV3,1
B9JRF8,1
B9JYM4,1
B9JYS2,1
B9K0B2,1
B9K0E0,1
B9K0Q5,2
B9K0T2,1
B9K4G4,1
B9K6W9,1
B9K712,4
B9K7M5,1
B9K884,1
B9KAM3,1
B9L0K9,1
B9L163,1
B9LLP6,1
B9LW38,1
B9MKT4,9
B9MKT7,3
B9MKU7,4
B9MMA5,3
B9MNH4,1
B9MWW0,1
B9NY46,1
B9PJE6,1
B9PKK4,1
B9PW60,1
B9PZ33,1
B9PZH8,1
B9Q0K5,1
B9Q287,2
B9RU15,5
B9RWR5,1
B9T8Q5,1
B9TU22,2
B9TXF7,1
B9U139,3
B9U359,1
B9UIZ4,2
B9V0E2,3
B9V8P5,1
B9V973,1
B9VMI2,1
B9VUU3,1
B9VWB2,1
B9VX79,2
B9W4V6,19
B9W5G6,13
B9WJ66,1
B9WZW9,1
B9ZW32,5
B9ZZP0,1
B9ZZZ6,1
C0H4F3,1
C0H519,1
C0H8I4,1
C0HJB3,2
C0HJX1,2
C0HJY1,1
C0HK20,1
C0HK27,1
C0HK49,1
C0HK81,1
C0HKE1,2
C0HLN8,3
C0HM11,1
C0HM14,1
C0HM45,2
C0HM55,1
C0HM62,5
C0HMD9,1
C0IR58,6
C0IR59,1
C0J8G7,1
C0JF81,1
C0JJ97,1
C0JPK1,4
C0JRE5,1
C0JRF5,4
C0JRY3,1
C0JV69,6
C0JWR6,2
C0KTJ6,3
C0LA97,1
C0LMU0,1
C0LT34,2
C0LT35,1
C0LT38,1
C0LTM6,1
C0LTT5,1
C0LU01,1
C0LU17,1
C0LZL5,1
C0M0N5,2
C0MHL9,2
C0P4K9,2
C0P9J6,1
C0QQ26,1
C0QRB5,2
C0RBM0,1
C0RH19,1
C0RJA8,1
C0RJU5,1
C0RKH4,2
C0RKU3,1
C0RL96,1
C0RVT5,1
C0SPA0,3
C0SSE7,2
C0STD7,1
C0STU6,5
C0STX7,4
C0STY1,2
C0SUJ9,3
C0SUK3,2
C0SVZ6,2
C0VHC9,2
C0VN42,1
C0W7K4,1
C0XPZ5,2
C0ZGQ3,2
C0ZGQ4,1
C0ZGQ5,1
C0ZGQ6,1
C1B3E9,1
C1CB04,2
C1CIR8,1
C1CKI0,1
C1CYP4,2
C1D318,1
C1D7P6,1
C1DFH7,1
C1DGZ6,1
C1DH03,1
C1DH04,1
C1DHE4,1
C1DI23,1
C1DI24,1
C1DI25,1
C1DI30,1
C1DK95,1
C1DK98,1
C1DLC3,2
C1DM33,2
C1DMX5,4
C1DMY1,2
C1DN94,1
C1DTU5,1
C1EBN1,4
C1F2K5,14
C1FUH4,1
C1FUH7,1
C1GM11,1
C1I202,2
C1I209,1
C1I210,1
C1IC19,2
C1IFD2,3
C1IPK2,1
C1JI15,8
C1JZ07,8
C1K0Y1,5
C1K5M2,5
C1K9J9,3
C1KBQ3,3
C1KG39,1
C1KHN2,1
C1KIK8,6
C1L336,1
C1PHG1,1
C3JYL7,6
C3K795,2
C3K802,2
C3K8K1,4
C3KFM9,2
C3L5T6,3
C3LTH7,1
C3LUP3,1
C3MWA1,2
C3PNQ7,1
C3PR70,7
C3PTT2,2
C3RVP0,1
C3RVP5,2
C3RVQ0,2
C3RYL0,2
C3SBW0,5
C3SE17,1
C3SHQ8,1
C3SLN3,1
C3SQJ7,2
C3SWD2,2
C3SZN7,1
C3T3U2,2
C3T5M2,1
C3TAR7,1
C3TLT2,1
C3TPH2,1
C3TPM7,2
C3TPN7,1
C3TQA2,1
C3TR70,2
C3TUR9,1
C3U5A3,2
C3UVB0,2
C3UWD1,2
C3VEV9,1
C3W5S0,74
C3W5S1,7
C3W5S3,5
C3W5X5,4
C3W5X6,4
C3W611,2
C3W6G3,6
C3W6M3,1
C3W947,1
C3X8T2,1
C3X9N1,1
C3XA61,1
C3YKQ3,1
C3YRA1,2
C3YRA2,2
C3YRA3,1
C3YZ59,1
C3ZN36,2
C4B4T9,2
C4B644,5
C4B7M5,1
C4B8B8,5
C4B8B9,1
C4B8C2,3
C4IEM5,3
C4IX13,1
C4KGY0,1
C4L2G9,1
C4LSE7,4
C4LSS0,3
C4LU64,3
C4LUC7,3
C4LUI8,1
C4LV00,1
C4LVZ4,3
C4LW95,6
C4LWU6,1
C4LWZ7,1
C4LXB8,1
C4LXG4,1
C4LXK0,1
C4LXL1,2
C4LXT9,3
C4LYI2,3
C4LYV4,1
C4M036,1
C4M1C3,1
C4M1P9,7
C4M387,1
C4M4E9,1
C4M4M6,1
C4M4P4,1
C4M4T9,1
C4M5C6,1
C4M5P9,1
C4M5T2,1
C4M760,2
C4M7X7,1
C4M9R9,1
C4MBE2,1
C4MGG9,1
C4N147,2
C4NT42,1
C4P582,1
C4P954,1
C4PK56,1
C4QH88,2
C4R0S8,1
C4R2D7,2
C4RA89,1
C4RSQ3,1
C4RUF0,1
C4TP09,1
C4TPE0,1
C4TPG1,3
C4XPJ9,3
C4XZV9,1
C4YDZ9,1
C4YFL7,1
C4YJ02,2
C4YKK8,1
C4YM68,1
C4YMW2,2
C4Z2B5,1
C4Z2H9,1
C4Z938,1
C4ZBG5,1
C4ZCC6,1
C4ZCS9,1
C4ZEB7,1
C4ZEZ9,1
C4ZGB7,1
C4ZHW1,1
C5A3Z3,2
C5A5N6,4
C5A7E3,1
C5AP93,3
C5ATQ9,2
C5AX46,1
C5B113,1
C5B122,1
C5B159,5
C5BJ89,4
C5BKQ9,1
C5BN23,1
C5BNC6,3
C5BSV8,2
C5BY10,1
C5C3L1,1
C5C3W0,1
C5C6I1,1
C5CAR9,1
C5CFI0,1
C5CSP2,11
C5CWE2,1
C5DB94,1
C5DN49,1
C5DSD6,1
C5DU83,1
C5H429,4
C5H6X3,2
C5HDG5,2
C5HUY1,1
C5HV10,2
C5IAW5,1
C5ILC1,1
C5IXN7,1
C5IYE8,2
C5J4P1,1
C5M4J8,1
C5M7K9,1
C5MCQ7,1
C5MK56,13
C5MQT7,1
C5MR76,3
C5NSW6,6
C5NYF3,1
C5PGB4,1
C5RAK4,1
C5RBT0,2
C5XC49,1
C5XXB7,2
C5XXT8,1
C5YH12,1
C5Z4W3,1
C5ZW00,1
C5ZW02,3
C5ZW06,1
C6A190,2
C6AAT5,1
C6BHF2,1
C6BHF3,1
C6BW16,1
C6BWG5,1
C6C297,1
C6CBG9,1
C6CRV0,3
C6D9S0,1
C6F339,1
C6F3U5,4
C6FI44,1
C6FI48,2
C6FX40,1
C6FX50,1
C6FX51,5
C6H0Y9,16
C6K2H9,1
C6K3Z5,1
C6KFA3,1
C6KFA4,2
C6KGV3,1
C6KHT4,1
C6KNC6,1
C6KP13,2
C6KRM7,3
C6KSR6,1
C6KSV3,1
C6KSX0,1
C6KSX1,1
C6KSZ2,3
C6KT01,1
C6KT25,1
C6KT64,3
C6KT68,3
C6KTB6,1
C6L8R0,1
C6S7X6,2
C6S978,1
C6S9R8,1
C6SUZ2,1
C6UYL8,1
C6VV20,1
C6VVW9,1
C6VW01,1
C6VYE5,1
C6W4J3,1
C6W5A4,1
C6W709,1
C6XF58,9
C6XGT2,3
C6XID6,5
C6XII3,1
C6XJ17,1
C6XW09,2
C6XZB6,4
C6Y1J8,2
C6Y1N7,1
C6Y4D0,2
C6Y633,1
C6ZCR8,2
C6ZCS6,1
C6ZK72,1
C7AJA4,3
C7B6Y3,1
C7B6Z3,1
C7BEA8,1
C7BG48,1
C7BKP9,2
C7BKQ5,1
C7BLE4,12
C7BUG6,2
C7C419,1
C7C422,101
C7C425,2
C7DIA5,1
C7E5X4,4
C7ED31,1
C7F3P9,2
C7F6X3,2
C7F6X5,1
C7FF04,1
C7FF18,1
C7FH46,1
C7FZZ0,1
C7G3I3,1
C7G528,1
C7G6F8,2
C7G9B5,1
C7GAN4,1
C7GJH6,1
C7GP29,2
C7GRQ3,1
C7H408,1
C7H4D2,1
C7H5K9,2
C7LN88,6
C7LV29,1
C7LYW9,1
C7MC15,1
C7MEP1,2
C7MT25,4
C7MVX3,2
C7MW73,1
C7MWN7,1
C7N6X3,1
C7N7V8,1
C7N9Q9,1
C7NCS6,1
C7NCX6,1
C7NDE2,1
C7NZX0,2
C7P2E9,1
C7PVH9,2
C7PWR4,1
C7PY34,1
C7Q5P8,3
C7Q893,1
C7QHQ7,1
C7QJ42,4
C7QYG7,1
C7R2I1,1
C7R2I5,1
C7R301,1
C7R4I0,2
C7RDZ3,1
C7RF86,1
C7RFG6,1
C7RG54,1
C7RH50,1
C7S226,6
C7SQG1,1
C7SWF3,3
C7U112,2
C7U313,1
C7YJY3,1
C7YSL3,1
C7YVL8,2
C7ZKN4,2
C8BD48,4
C8CCG0,1
C8CHL4,4
C8CHL5,2
C8CIL7,3
C8CP57,6
C8PR54,2
C8V0B5,2
C8VJQ3,1
C8VMF9,2
C8VTS4,1
C8VTV4,1
C8W8H7,8
C8W9X3,1
C8WHB0,1
C8WJY2,1
C8WPP1,1
C8WQ56,1
C8WQP8,1
C8WQT1,1
C8WQZ7,1
C8WR67,1
C8WS74,1
C8WSF5,1
C8WSG3,1
C8WSI1,1
C8WT89,1
C8WTE4,1
C8WUR3,1
C8WUX4,1
C8WV06,2
C8WVD6,1
C8WVE1,1
C8WX00,1
C8WZ86,1
C8X7A4,1
C8XA43,1
C8YR92,1
C8ZIW7,1
C8ZKB3,1
C8ZKC7,1
C8ZZN2,1
C9DRU9,9
C9E261,2
C9E3B4,2
C9K1X5,16
C9RCK9,1
C9REA0,1
C9RKY6,1
C9V488,2
C9WU77,1
C9WWY7,1
C9X1G5,2
C9XTL5,4
C9Z6T8,10
C9ZDC6,5
C9ZI73,1
C9ZP98,4
C9ZQX6,1
C9ZUV7,4
C9ZVV9,1
D0A053,1
D0A3H5,1
D0A7P1,3
D0A8L1,1
D0AAZ5,1
D0AB09,1
D0AB41,2
D0C6Q8,1
D0C7F3,1
D0C7J2,1
D0C9D6,1
D0C9L6,29
D0C9N6,1
D0C9P9,1
D0CAD5,2
D0CAF1,1
D0CAH3,1
D0CAL6,1
D0CB74,2
D0CBC8,3
D0CBL3,1
D0CCF6,1
D0CDT4,1
D0CF46,1
D0CFC3,7
D0CG85,1
D0CY60,4
D0E0C6,5
D0E7M2,2
D0E8E2,1
D0E8I5,3
D0E9M1,2
D0ELH5,1
D0EM60,2
D0EM77,4
D0EMB6,1
D0EVD3,1
D0EWJ0,2
D0EXD3,1
D0FHA3,1
D0FZX2,1
D0G7Q3,1
D0G7Q4,1
D0KMY9,1
D0KNS6,1
D0KRX8,1
D0KSP7,1
D0KT28,2
D0KTH8,1
D0L035,1
D0LHE3,2
D0LID5,2
D0LID6,1
D0LJL3,1
D0LMJ0,1
D0LNN2,1
D0LNW1,1
D0LR31,1
D0LV02,1
D0LZ73,1
D0MDJ8,2
D0MDR1,10
D0MFQ0,1
D0MGF4,1
D0MGT2,1
D0MHY8,1
D0MI02,1
D0N0Z8,1
D0N2F7,1
D0N3N0,1
D0N6D2,1
D0NBE6,1
D0NIN5,1
D0P3W1,1
D0PY27,1
D0QF43,2
D0QJ68,5
D0U2E4,1
D0UFA8,1
D0UHC8,1
D0UYB8,1
D0VMS8,2
D0VP31,2
D0VUS3,3
D0VV09,7
D0VWP7,1
D0VWP8,3
D0VWP9,2
D0VWQ0,8
D0VWQ1,5
D0VWQ2,1
D0VWQ8,1
D0VWR1,21
D0VWR2,21
D0VWR3,21
D0VWR4,21
D0VWR5,21
D0VWR7,21
D0VWR8,21
D0VWS1,2
D0VWS2,1
D0VWS3,3
D0VWS4,1
D0VWS5,1
D0VWS7,1
D0VWS9,1
D0VWT0,1
D0VWT1,1
D0VWT2,1
D0VWT3,1
D0VWT5,1
D0VWT6,1
D0VWT7,1
D0VWT9,1
D0VWU0,1
D0VWU1,1
D0VWU2,1
D0VWU3,2
D0VWU5,1
D0VWU6,1
D0VWU7,1
D0VWU8,8
D0VWU9,7
D0VWV0,1
D0VWV1,1
D0VWV2,1
D0VWV3,4
D0VWV4,1
D0VWV6,1
D0VWV7,1
D0VWW0,3
D0VWW1,1
D0VWW2,8
D0VWW3,13
D0VWX2,1
D0VWX3,1
D0VWX4,6
D0VWX5,1
D0VWX6,1
D0VWX7,2
D0VWX8,3
D0VWX9,1
D0VWY1,1
D0VWY2,1
D0VWY5,2
D0VWY6,1
D0VWY7,1
D0VWY8,1
D0VWY9,8
D0VWZ0,7
D0VWZ1,13
D0VWZ2,1
D0VWZ3,1
D0VWZ4,2
D0VWZ7,1
D0VWZ9,2
D0VX00,1
D0VX01,6
D0VX02,1
D0VX03,1
D0VX04,1
D0VX05,1
D0VX06,2
D0VX07,2
D0VX08,1
D0VX09,1
D0VX10,1
D0VX12,1
D0VX13,1
D0VX14,2
D0VX16,1
D0VX17,1
D0VX18,1
D0VX19,1
D0VX20,2
D0VX21,3
D0VX22,2
D0VX23,1
D0VX33,8
D0W8X3,1
D0WGK0,2
D0X4R4,3
D1A230,10
D1A3K7,2
D1A3K8,2
D1A4H0,1
D1A4H1,1
D1A7C3,11
D1A7M7,1
D1A807,2
D1A9M1,1
D1AB74,1
D1AB76,2
D1AB77,1
D1AB78,2
D1AC29,4
D1ADF2,9
D1AJN4,1
D1ALR7,1
D1AMR0,1
D1AWE0,6
D1AWX5,1
D1AZL7,1
D1B2F0,1
D1B4R1,1
D1B7C2,1
D1B956,1
D1BJM2,1
D1BWR1,1
D1C159,1
D1C1L1,1
D1C210,1
D1C218,1
D1C2D8,1
D1C4A9,1
D1C4T7,1
D1C5R0,1
D1C6A8,1
D1C6B4,1
D1C6B5,1
D1C798,1
D1C7D8,5
D1C7H4,1
D1C967,1
D1C982,1
D1C9F1,1
D1CAK9,1
D1CCW1,4
D1CDN2,1
D1CGD0,1
D1CIY7,1
D1CIZ1,1
D1CIZ5,2
D1D8L6,1
D1GCC6,1
D1GLU5,2
D1JBK2,1
D1JBK3,1
D1JBK4,1
D1JST6,1
D1L2W4,1
D1L2X1,1
D1LHF8,1
D1LP63,1
D1LZK0,1
D1MEN9,2
D1MNG6,1
D1MPT1,1
D1MPT2,1
D1MPT3,11
D1MPT4,1
D1MPT5,1
D1MX73,1
D1MYQ6,1
D1PD12,2
D1PD14,2
D1YK18,2
D1Z0H5,1
D1Z0H7,1
D2ARB3,1
D2B7Z8,1
D2CIU1,1
D2CVN6,3
D2CVN7,2
D2D3B2,2
D2D3B6,1
D2DEB8,1
D2DXN5,2
D2E265,1
D2J2T6,6
D2JIV0,1
D2JZX8,2
D2K7Z0,5
D2K8B3,3
D2K8B4,1
D2KPJ6,2
D2KW09,6
D2PL27,2
D2PPM7,3
D2PPM8,10
D2PT67,1
D2PTS5,1
D2PU28,1
D2PUG5,1
D2PV11,1
D2PVF8,1
D2PVI4,1
D2PVT0,1
D2Q084,1
D2Q1L0,1
D2Q2I7,1
D2Q399,1
D2Q3N2,1
D2Q7B1,5
D2QIK7,1
D2QNN3,1
D2QU30,1
D2RIQ2,2
D2RIQ3,2
D2RL84,1
D2SNF7,2
D2TJN9,1
D2TPI3,1
D2UAL4,1
D2UDM3,3
D2UG58,2
D2V6G7,1
D2W142,1
D2W2Z5,15
D2WL63,1
D2XKK9,2
D2XML9,2
D2Y3F4,3
D2YW37,2
D2YW38,3
D2YW43,2
D2YW46,1
D2YW47,1
D2YW48,2
D2YYD7,2
D2YYD8,1
D2YYE1,4
D2YZL2,2
D2Z025,11
D2Z027,2
D2Z028,2
D2Z030,1
D2Z0P1,1
D2Z0P2,1
D2Z0P3,1
D2Z0P5,1
D2Z0P9,1
D3AU79,1
D3DFG8,2
D3DFS4,1
D3DIV8,1
D3DJ42,3
D3DKA9,2
D3DZZ6,2
D3E027,1
D3E402,1
D3E4S5,1
D3EI84,1
D3EID5,7
D3EKC1,5
D3F6W3,1
D3F7P7,1
D3F9N7,1
D3FSP1,1
D3G5J5,1
D3G6S4,8
D3GU37,1
D3GUV9,1
D3GUW0,1
D3GUW1,2
D3H0F7,2
D3HJY4,4
D3INY1,1
D3IV24,1
D3JCC5,3
D3K0N8,1
D3K177,1
D3K5I7,2
D3KFX9,1
D3KTZ6,2
D3KU53,1
D3KVM3,6
D3KYU3,2
D3P639,1
D3PPS9,2
D3PRD8,1
D3Q1D9,1
D3Q3R0,2
D3RV26,1
D3RV29,1
D3RVD4,9
D3RW14,1
D3T4E0,1
D3T7F1,1
D3TEK8,1
D3TI84,1
D3TTC1,1
D3TTC2,1
D3U1A6,1
D3U1A7,1
D3U1H8,3
D3U1H9,3
D3UXR2,3
D3UXR3,3
D3V0W1,1
D3V6L5,1
D3VB22,1
D3VKV1,1
D3VMM1,1
D3VV84,2
D3W065,3
D3W0F1,5
D3WZ85,1
D3X610,1
D3XFN7,1
D3Y1I2,4
D3YEX6,6
D3YPL0,1
D3YRZ5,1
D3Z7P3,2
D3ZAR1,1
D3ZDG4,1
D3ZHH1,1
D3ZKP6,1
D3ZRN2,1
D4A055,1
D4ABJ2,1
D4AEP7,1
D4GJ14,1
D4GTC1,1
D4GTL2,2
D4GUF6,2
D4GVD7,1
D4GW82,1
D4GYL4,1
D4GZE7,1
D4HIS2,1
D4HRI2,1
D4HRI3,1
D4HRL0,4
D4I047,2
D4I194,1
D4I245,1
D4I247,1
D4I3X5,1
D4INH0,1
D4L313,4
D4LAX7,2
D4LE58,1
D4N3K6,3
D4N500,2
D4NXH5,1
D4P8C6,2
D4QAP3,1
D4QAP5,2
D4S0D1,3
D4Z2G1,17
D4ZE39,2
D4ZGZ2,1
D5APT5,1
D5ARY7,1
D5AT91,5
D5AUW0,1
D5AV00,1
D5AV08,3
D5AV11,1
D5BXZ3,3
D5CBA0,1
D5CN26,1
D5DC07,5
D5DF35,1
D5DH82,1
D5DKI8,3
D5DRI0,1
D5DUS2,1
D5E1T0,1
D5E1T1,2
D5EHC5,4
D5EK51,1
D5F6K1,2
D5FKJ3,4
D5GA36,2
D5IEZ9,4
D5JGF6,2
D5K9E3,1
D5K9G7,1
D5KM69,3
D5L9G5,6
D5MAL3,1
D5MC19,1
D5MNX3,1
D5MNX4,1
D5MNX7,2
D5MNX8,1
D5MNX9,1
D5MP61,2
D5Q364,2
D5QFC5,2
D5SL65,2
D5SL78,2
D5SLU6,1
D5SMT1,1
D5SMY7,1
D5SNV8,1
D5SP81,1
D5SQH6,1
D5SQK4,1
D5STP0,2
D5STZ7,1
D5SUM3,1
D5SUT9,1
D5SVJ2,1
D5SW38,1
D5SXE5,1
D5SZ41,1
D5SZ58,1
D5U596,1
D5U661,1
D5VKJ8,1
D5VRB9,3
D5VUA1,1
D5X329,5
D5X340,1
D5X843,1
D5XBK3,1
D6CQJ8,1
D6CYU7,3
D6D1V7,28
D6MSV6,1
D6MSX4,2
D6N9X1,2
D6NKF4,2
D6NSN2,1
D6PAH1,8
D6PBM7,4
D6PT85,1
D6PXK5,1
D6QLY0,3
D6QLY1,5
D6QLY2,1
D6QWI0,1
D6QWK5,1
D6QY02,1
D6R410,1
D6R7L2,1
D6R938,1
D6RDG8,5
D6RP27,2
D6RU56,2
D6TR79,1
D6WI29,1
D6WJ77,1
D6WWN1,1
D6XHE1,3
D6XIY7,1
D6XW60,1
D6XZ22,2
D6Y4Z8,1
D6Y502,2
D6Y599,2
D6Y7Y6,3
D6Y8L8,1
D6ZJ92,1
D6ZTY6,1
D7A5Q8,1
D7A6E5,2
D7A8L2,2
D7C0E5,3
D7CJ24,1
D7DTD6,4
D7F7M7,2
D7GNB4,2
D7GXF9,1
D7GXG0,2
D7GXG4,1
D7GXG5,1
D7PC21,3
D7PM05,1
D7PM14,1
D7RFJ9,1
D7RFL7,1
D7RK32,3
D7S2G1,1
D7SFB8,1
D7SLA9,2
D7TY99,1
D7U7T8,2
D7UER1,2
D7UT17,3
D7UWR6,1
D7WEP7,1
D7Y2H2,2
D7Y2H3,1
D7Y2H5,3
D8DVU6,1
D8DY16,1
D8DY19,2
D8IYL4,1
D8J1G5,1
D8JT26,1
D8KS88,1
D8R6G2,2
D8S128,3
D8UFB5,1
D8VN48,1
D9I2F9,1
D9IEF7,26
D9IR22,1
D9ISE0,3
D9IWL3,1
D9J034,6
D9J0D7,1
D9J2T9,56
D9J307,3
D9J353,1
D9MPF2,5
D9MPF3,1
D9MWI4,1
D9N164,3
D9N167,2
D9N168,21
D9N170,12
D9N172,1
D9N551,1
D9PVS9,1
D9PXZ6,1
D9PY12,2
D9PY35,1
D9PYF6,1
D9PYF7,1
D9PYF9,1
D9PZ08,2
D9Q0R7,1
D9QA55,3
D9SIP4,2
D9SV64,1
D9TQ02,1
D9TSN9,1
D9TT09,1
D9UBW0,8
D9WMQ6,2
D9WMR2,1
D9XKI5,1
D9ZDQ9,4
D9ZNF3,2
E0A3B3,1
E0CX00,1
E0CX06,1
E0D207,1
E0D2V6,1
E0DH37,1
E0N688,1
E0NE46,2
E0QAF3,1
E0QN07,2
E0RQU0,2
E0RU15,1
E0RVY7,2
E0RXM0,1
E0RYY0,1
E0S1Z9,1
E0SCP7,2
E0SM39,1
E0SRA9,3
E0TW95,4
E0TXX3,2
E0TY72,2
E0TYN8,2
E0U3U4,2
E0U497,1
E0U503,1
E0UV84,1
E0UVR5,1
E0UY46,2
E0W4T1,1
E0WVU4,1
E0WWC7,1
E0X765,1
E0X767,2
E0XN39,6
E0YCS2,6
E0YFW1,3
E0YNJ7,2
E1ACR6,1
E1ANH6,2
E1APK1,1
E1AQY1,1
E1AXT8,1
E1AXU1,1
E1BHM0,5
E1BIQ4,2
E1BSW7,4
E1C0Z4,1
E1C9K5,29
E1C9K6,1
E1C9K8,1
E1C9L1,1
E1C9L3,1
E1C9L4,1
E1CG36,1
E1CIQ3,2
E1K247,4
E1K248,4
E1QJV5,1
E1QU22,1
E1R245,1
E1V7W1,3
E1V913,1
E1VBK1,3
E1VBK4,1
E1VFE0,1
E1WGG9,3
E1XUJ2,8
E1YD54,3
E1ZRW6,1
E2DI02,1
E2E2L9,2
E2EA82,3
E2EKP5,7
E2ESL7,6
E2FYL5,2
E2GHW5,2
E2GIN1,1
E2I7G7,1
E2JB04,1
E2JF22,1
E2N721,2
E2N9B1,1
E2N9D0,2
E2NI36,1
E2NM07,1
E2PZ87,1
E2QFN4,2
E2QI13,1
E2QJP6,1
E2QPF5,1
E2QR95,1
E2QR96,2
E2QR97,2
E2QR98,1
E2QR99,1
E2QRA0,1
E2RA18,2
E2RN10,1
E2RU99,1
E2RV62,3
E2RVJ1,1
E3BK13,1
E3BK14,1
E3CNF6,1
E3D8A3,2
E3E6L0,1
E3G817,1
E3G9I4,1
E3GXV7,1
E3GZ29,2
E3JD18,1
E3L7F9,1
E3M3V1,1
E3NZ06,6
E3P6K5,2
E3P6S0,1
E3PJ86,1
E3PPC4,5
E3PQQ9,1
E3PQS3,1
E3PY95,2
E3PY96,2
E3Q1H1,2
E3Q9X3,2
E3QHV8,2
E3SAZ9,2
E3SET7,5
E3SLL2,2
E3SMK9,1
E3SVR4,2
E3T1W8,7
E3T1X0,1
E3T2G3,1
E3TFZ1,1
E3TMG8,1
E3U904,1
E3U905,1
E3ULB4,1
E3USM3,1
E3VTL0,2
E3VWI3,9
E3WDK7,1
E3YBA4,2
E4MYY0,2
E4N096,5
E4N6B3,2
E4N8S5,2
E4NIM4,2
E4Q2A4,1
E4Q7C4,1
E4QC33,2
E4QP00,4
E4S6E9,4
E4SDB5,1
E4SK47,3
E4THH1,1
E4TN31,1
E4WM77,1
E5A6Z5,2
E5ASS2,1
E5ATN9,4
E5AV36,1
E5BBQ0,2
E5BDC6,4
E5D0X5,3
E5D8F2,2
E5DV50,2
E5EVW2,4
E5F0S0,2
E5FNE5,1
E5G0U4,1
E5KIY2,11
E5KJ94,1
E5KWG9,3
E5L2F2,1
E5L2L3,1
E5L4L1,1
E5LR38,1
E5Q9D7,1
E5RPG2,2
E5RPG3,4
E5RSM0,1
E5RVX9,1
E5RWD1,2
E5RWQ0,2
E5RWQ1,2
E5RWQ2,1
E5RXD0,1
E5XP76,6
E5Y378,1
E5Y7I4,1
E6K398,1
E6LHV2,1
E6MVV9,4
E6MVW0,1
E6N697,2
E6N8B8,3
E6N8B9,4
E6SHQ4,3
E6SLT2,1
E6UBR9,2
E6UIS7,2
E6WYZ8,2
E6XTV3,1
E6Y5B1,1
E6Y8B9,3
E6YC17,1
E6YFW2,1
E6YIM5,1
E6YJU0,1
E6YLF3,1
E6YLF5,1
E6YQQ1,1
E6YV77,1
E6Z0R3,3
E6Z0R4,3
E7BLH6,2
E7CH51,3
E7CIP7,1
E7CWP5,2
E7D102,1
E7D8R1,1
E7DJY5,1
E7E2M2,7
E7E815,4
E7EDQ7,2
E7EVC7,1
E7EWM1,1
E7EZF3,1
E7F4N7,1
E7F650,1
E7FAM5,2
E7FAN2,2
E7FCY1,6
E7FDB6,2
E7FE33,1
E7FEV5,2
E7FH75,1
E7FH76,2
E7FH77,1
E7FH78,1
E7FHX4,2
E7FHX6,1
E7FJB9,11
E7FLQ2,1
E7FRT5,5
E7Q664,1
E7S4M0,1
E8KJ17,1
E8ME30,2
E8MF10,3
E8MF12,8
E8MF13,5
E8MGH8,9
E8MGH9,1
E8N6F3,3
E8PLM2,1
E8PLV7,1
E8PRF1,2
E8QWZ4,3
E8RMG8,1
E8RUP5,2
E8RUP8,1
E8T217,1
E8T346,1
E8T502,3
E8URK0,5
E8WYN5,3
E8X8J1,2
E8XBD7,1
E8XDJ8,1
E8XEH9,1
E8XKZ3,1
E8ZAP2,2
E9AC39,1
E9AD06,2
E9ADX4,1
E9AE57,12
E9AES8,1
E9AFQ5,1
E9AFX7,2
E9AGB5,1
E9AI53,2
E9AK51,1
E9AN40,1
E9AND7,1
E9AND8,3
E9ANE0,1
E9API2,1
E9AW84,6
E9AWD4,1
E9AWJ0,1
E9BR69,1
E9BVI9,1
E9EN82,1
E9G5J5,12
E9JES7,1
E9JFX9,1
E9JSA3,1
E9JVD4,2
E9KBU4,1
E9KNV6,2
E9KPB5,5
E9LVH8,1
E9LVH9,3
E9M5R0,1
E9MJX7,1
E9N3T6,1
E9NQ90,4
E9NSK2,1
E9NSU2,5
E9NWK5,4
E9P5T5,6
E9P7B6,1
E9P8D2,3
E9PKB7,1
E9PMV2,1
E9PWQ3,2
E9PYI1,2
E9PZI6,1
E9Q238,3
E9Q401,17
E9Q634,1
E9Q7P9,1
E9Q9W7,1
E9QRF2,1
E9QY26,1
E9QYP0,13
E9RAH5,1
E9RIY6,1
E9RIY7,1
E9RJ22,2
F0EX68,2
F0M433,4
F0NFD3,1
F0NG49,1
F0NH89,2
F0NID4,1
F0Q4R9,2
F0QXN6,3
F0R2T3,1
F0S2B6,2
F0S4Y3,1
F0S763,1
F0S7Y7,2
F0UVX7,1
F0V1E1,1
F0V1E2,1
F0V1E3,1
F0V3Z3,2
F0V9W9,1
F0ZBA6,1
F1AQF9,1
F1BV52,1
F1C939,1
F1CLG9,2
F1CMX0,1
F1CMY8,2
F1CWE4,3
F1CYZ0,1
F1D4K1,1
F1KYX0,2
F1KZZ8,1
F1L0H2,1
F1L3N8,1
F1LJ99,2
F1LML7,1
F1LQ48,1
F1LW30,1
F1M391,2
F1MAD2,1
F1MQJ3,1
F1N9C1,1
F1NBW0,3
F1NHE9,2
F1NPG5,4
F1NWE3,2
F1P963,1
F1Q4W7,1
F1Q5Z9,1
F1Q6N2,2
F1Q9N9,1
F1Q9X9,1
F1QCV2,12
F1QFM5,1
F1QGN2,1
F1QK17,1
F1QR43,2
F1QRB8,1
F1QSF9,2
F1QXD3,1
F1RAX4,1
F1RE08,2
F1RQI7,8
F1SD06,1
F1SH24,1
F1T146,1
F1T6A5,1
F1TBY8,1
F2I8X9,11
F2I8Y0,5
F2JXJ3,3
F2K073,1
F2K074,1
F2K077,1
F2KQE6,1
F2L0W0,2
F2L613,5
F2NNS0,2
F2NWD3,3
F2Q7T0,1
F2QF16,1
F2QVG4,4
F2QY27,1
F2QZA4,1
F2R911,1
F2R912,1
F2RB80,2
F2RB83,2
F2RCL8,5
F2RFR7,1
F2RGC9,4
F2RH01,1
F2TZN0,2
F2UBE5,2
F2UID9,3
F2UL73,1
F2UPG5,1
F2WK69,1
F2WK70,1
F2WP51,1
F2WR39,3
F2WR52,7
F2XBU9,4
F2Y2Z0,1
F2Y337,6
F2YBL9,1
F2YCB6,2
F2YGR7,3
F2YQ19,1
F2YRY7,1
F2Z266,7
F2Z275,1
F2Z284,1
F2Z286,1
F2Z287,1
F2Z288,4
F2Z289,1
F2Z290,1
F2Z292,2
F2Z508,1
F2Z6J5,2
F2Z6J6,3
F2Z7K9,6
F2Z7L1,2
F2ZAL7,1
F2ZAL8,1
F3PPH3,3
F3PPH4,1
F3ZXK6,1
F4B4B0,1
F4F6Q5,1
F4F7F5,2
F4F7F9,1
F4GMX9,1
F4HUD6,1
F4IEM5,1
F4JL28,1
F4K0X5,2
F4K5J1,1
F4KCC2,1
F4KCL7,2
F4KIX0,1
F4KU78,3
F4KWH0,7
F4LTH5,1
F4MEU3,1
F4MI11,2
F4NBQ1,1
F4NBQ8,11
F4NBT2,1
F4Y2B0,4
F4Y423,1
F4Y424,1
F4Y425,4
F4Y426,3
F4Y428,1
F4Y429,1
F4Y432,4
F4YDQ3,2
F4ZCI3,4
F4ZE04,2
F4ZZG4,2
F5B5W8,2
F5B6Y7,1
F5B6Z0,4
F5CAQ9,1
F5H747,1
F5H948,1
F5HDE4,1
F5HF68,2
F5HFA1,2
F5HFZ4,1
F5HR99,2
F5L3B8,3
F5SWR8,1
F5Y2U8,1
F6BCS4,1
F6BL85,17
F6G5W7,1
F6H697,1
F6HGI0,1
F6HT94,2
F6HUG9,1
F6I323,4
F6IEX3,1
F6IQR9,2
F6IQS1,5
F6IQY1,1
F6KMV5,4
F6KTB0,1
F6KV61,7
F6KZJ2,5
F6LNL5,3
F6LNL6,1
F6LNM3,1
F6M8N2,1
F6MIW5,5
F6MZ55,5
F6MZ56,5
F6N9E7,1
F6NGW2,1
F6P1Y9,1
F6Q2R9,1
F6SEU4,1
F6SIY5,2
F6T8I7,1
F6TUL9,2
F6UME2,3
F6VRB7,2
F6XHE4,1
F6YBP7,1
F6Z895,2
F6ZMI5,1
F7AMK3,1
F7ERX8,1
F7IX06,3
F7J0N2,3
F7J213,2
F7J696,3
F7RW09,2
F7V0V1,1
F7WD42,4
F7X6I3,37
F7YBW7,1
F7YBW8,1
F7YXD6,1
F8AEA4,1
F8AFS8,1
F8AFT0,1
F8DQ39,1
F8G0M0,1
F8G0M2,1
F8G0M3,1
F8G0M4,1
F8G0P2,4
F8GV06,1
F8JB59,5
F8JJ04,2
F8QQG5,3
F8QV43,3
F8RC03,3
F8RL29,2
F8TEL4,1
F8TRX0,2
F8TW82,4
F8TW83,4
F8UNI4,1
F8UNI5,4
F8UNJ8,2
F8UU09,2
F8UVJ4,1
F8UWD6,3
F8V325,1
F8W3J5,2
F8W4B7,70
F8W669,6
F8W672,1
F8W674,1
F8WJP6,4
F8WQK8,3
F8WRK9,4
F8WSX2,4
F8X1N1,2
F9RBV9,1
F9UL97,1
F9ULF9,1
F9ULH5,1
F9ULH8,2
F9ULL0,1
F9ULL2,5
F9ULU3,1
F9UM18,1
F9UM74,3
F9UM81,1
F9UMB1,1
F9UMG7,1
F9UMI7,1
F9UMW3,1
F9UMW5,1
F9UNZ6,1
F9UPE4,1
F9UPE7,1
F9UPN6,1
F9UQB2,1
F9UQE3,1
F9URQ7,1
F9URQ8,1
F9US10,4
F9US96,1
F9USK4,1
F9USS0,1
F9USS9,1
F9UST1,3
F9UST4,7
F9USU1,1
F9USZ1,1
F9UT54,1
F9UT68,4
F9UU25,2
F9VMT6,2
F9VN03,1
F9VN45,1
F9VN77,1
F9VN79,2
F9VND5,1
F9VNF4,1
F9VNG5,5
F9VNI5,2
F9VNL8,2
F9VNN8,1
F9VNT4,10
F9VP91,1
F9VPE5,14
F9XHX3,1
F9ZFJ0,6
F9ZTU4,1
G0GE26,1
G0H061,1
G0H062,1
G0KTD9,1
G0KTJ4,1
G0L000,3
G0L004,6
G0L2L9,3
G0L2Y1,1
G0L322,2
G0L5X4,3
G0L713,2
G0L7V6,2
G0L8Z3,2
G0L921,1
G0LAE1,1
G0LAH5,2
G0LCA3,2
G0LWB2,2
G0QG75,1
G0R6T8,2
G0R7E2,5
G0RA32,1
G0RQS7,6
G0RUC2,1
G0RUP7,1
G0RV93,1
G0RVK1,2
G0RXV8,1
G0RY29,1
G0RY38,1
G0RY84,2
G0RYC6,6
G0RYD6,2
G0RYN2,3
G0RZ08,6
G0RZ52,1
G0RZ64,1
G0RZB5,2
G0RZC6,2
G0RZE6,1
G0RZV7,1
G0RZX9,2
G0S0B9,1
G0S0I4,1
G0S0R0,3
G0S0R2,1
G0S0R6,1
G0S0Y3,2
G0S106,1
G0S140,2
G0S143,1
G0S156,3
G0S1F8,1
G0S1I2,3
G0S1N3,1
G0S1P8,4
G0S1V1,1
G0S1V5,1
G0S1Z8,1
G0S2B5,1
G0S381,1
G0S3F2,6
G0S3H6,1
G0S3N2,2
G0S401,2
G0S4F3,1
G0S4M2,1
G0S4S7,1
G0S539,1
G0S583,3
G0S5H7,1
G0S5K3,1
G0S5L1,1
G0S5R3,2
G0S5S6,1
G0S616,1
G0S636,1
G0S683,1
G0S6G2,2
G0S7B6,2
G0S7F3,1
G0S7T0,2
G0S7T3,1
G0S8A3,1
G0S8G9,7
G0S8H7,6
G0S929,1
G0S9I7,1
G0S9M2,1
G0SAG9,5
G0SAK3,3
G0SAK8,1
G0SAW6,7
G0SB31,5
G0SB58,2
G0SBK1,1
G0SBN9,1
G0SBS8,1
G0SC29,2
G0SC54,1
G0SCK6,1
G0SCL7,1
G0SCT7,1
G0SCU4,2
G0SD43,1
G0SD89,1
G0SD94,1
G0SDN1,3
G0SDW4,6
G0SE11,1
G0SE90,1
G0SEA9,1
G0SED1,1
G0SEG4,8
G0SEI1,1
G0SET4,5
G0SF70,4
G0SFB5,2
G0SFC3,1
G0SFD1,2
G0SFF0,3
G0SFF5,2
G0SFF7,2
G0SFN3,4
G0SFP0,2
G0SFY0,1
G0SG42,5
G0SG92,3
G0SGA5,1
G0SGE1,1
G0SGG4,1
G0SGH3,1
G0SGL4,2
G0SGS3,1
G0SGU4,4
G0SHE6,3
G0SHI1,1
G0SHK5,1
G0SHM3,2
G0SHY5,2
G0T4F6,1
G0UVW6,1
G0UXP9,1
G0W5T0,1
G0WVH3,5
G0WXL9,1
G0X8E8,7
G0XNW5,1
G0XSZ1,2
G0Y276,1
G0YP42,3
G0YYQ5,3
G0Z026,1
G0Z7Q1,1
G0Z9B7,1
G0ZGT3,1
G1C1T5,2
G1C2I2,3
G1C794,2
G1ED17,1
G1EUI6,3
G1FCG0,1
G1FNI6,2
G1JUF7,1
G1K2L5,2
G1K3N4,1
G1K3P1,1
G1K3P2,1
G1K3P4,4
G1K3P5,2
G1K3R9,3
G1K3S0,1
G1K3S1,1
G1K3S3,1
G1K3S4,1
G1KBF9,1
G1KTN1,1
G1RH57,3
G1T469,1
G1TIM1,1
G1TM83,1
G1U7S4,1
G1U9Q8,1
G1U9S2,1
G1UA68,1
G1UB44,3
G1UBC6,3
G1UBD5,2
G1UBD9,1
G1UDU7,2
G1UH28,1
G1UII1,5
G1UIZ2,2
G1UIZ3,4
G1XA82,6
G2EA44,1
G2EA45,1
G2EBB4,1
G2FID1,1
G2IKE5,8
G2IN02,2
G2IN12,1
G2IN91,1
G2IN92,1
G2IN93,1
G2IN94,2
G2IPX5,2
G2IQQ5,3
G2IQS7,7
G2IQT9,5
G2LET6,4
G2NEL6,1
G2NFJ9,9
G2NHM6,1
G2NK78,1
G2NRC4,1
G2PVG6,1
G2PXX7,1
G2Q1N4,3
G2Q1Q9,1
G2Q665,1
G2Q7A5,4
G2Q9F7,1
G2QA95,1
G2QAB5,1
G2QDQ9,2
G2QDW1,1
G2QDZ3,1
G2QFM3,1
G2QG31,1
G2QG48,3
G2QJR6,3
G2QL32,1
G2QLD3,1
G2QMS8,1
G2QPI5,1
G2QVG2,1
G2QVH2,1
G2QVH7,3
G2R014,3
G2R207,1
G2R3T1,1
G2RUZ1,1
G2SLH8,2
G2TRN4,1
G2X3Y1,1
G2XKQ0,1
G2XLB0,2
G3BK00,2
G3C7N1,3
G3CEP6,3
G3CFL3,1
G3CR02,2
G3EGL7,1
G3F7G9,1
G3FFN6,7
G3FIN0,1
G3FJ87,1
G3FT00,2
G3G192,11
G3G945,1
G3HK48,48
G3I1H5,3
G3I8R9,13
G3J531,8
G3JPF7,4
G3JWV8,1
G3K399,1
G3LGZ6,1
G3LZH2,2
G3M189,5
G3M190,3
G3M191,2
G3M192,1
G3M8F4,2
G3MEU6,2
G3MPE6,1
G3MQC0,1
G3V7P1,1
G3V845,1
G3XAP7,10
G3XAQ0,1
G3XCQ4,2
G3XCV0,8
G3XCX5,1
G3XCX7,2
G3XCY5,2
G3XCY8,1
G3XCZ0,2
G3XD23,1
G3XD24,3
G3XD28,3
G3XD30,1
G3XD33,24
G3XD43,1
G3XD46,45
G3XD49,1
G3XD64,3
G3XD71,1
G3XD75,1
G3XD76,3
G3XD89,3
G3XD93,2
G3XD98,3
G3XDA1,1
G3XDA2,61
G3XDA5,1
G3XP38,1
G3YAL0,2
G3YFQ1,1
G4A6K5,1
G4FEF4,10
G4FGN8,2
G4MQL4,1
G4MTS7,1
G4MXW3,3
G4N137,1
G4N374,1
G4N991,3
G4NA99,1
G4NAP4,1
G4NCW2,2
G4NEJ8,1
G4NHF4,2
G4RFI7,1
G4RIN4,1
G4T4R7,2
G4TKU4,1
G4U3G8,1
G4V4F9,1
G4V9S0,1
G4VGH9,2
G4VGI0,5
G4VJD6,1
G4VLE5,14
G4VQX9,2
G4XDR8,5
G4XFJ5,1
G4YQ65,1
G4YSM3,1
G4YSM7,1
G5AP74,1
G5AQS2,1
G5CKK8,1
G5CQN7,1
G5CS11,1
G5CSR9,1
G5CT11,1
G5DBH3,1
G5DBH4,1
G5DDB8,1
G5DE28,1
G5DEI1,1
G5DSS1,1
G5EA77,1
G5EAZ0,2
G5EB58,3
G5EBF3,1
G5EBG0,2
G5ECA1,1
G5ECB1,3
G5ECJ4,2
G5ED00,2
G5ED35,1
G5EDX7,1
G5EEF9,1
G5EEG7,1
G5EEM5,1
G5EET8,1
G5EF53,1
G5EF60,1
G5EFG3,1
G5EFZ1,4
G5EGA6,2
G5EH03,1
G5EH10,1
G5EI71,2
G5EKM4,1
G5EKM9,1
G5ELM1,2
G5ELM3,9
G5ZWD6,1
G7CAR0,1
G7CBN9,2
G7CC99,1
G7CDN2,1
G7CDQ2,1
G7CES0,1
G7CF12,1
G7CF24,1
G7CFI3,3
G7CGT2,5
G7CI90,1
G7CIG9,2
G7CIP8,2
G7CL00,1
G7CNA1,1
G7CNE7,1
G7CNL4,14
G7GD18,1
G7I2T8,1
G7IFI7,2
G7IKX3,2
G7ILW0,3
G7ITU5,4
G7IYC1,2
G7J032,1
G7J7Q5,4
G7JEE5,1
G7JFU5,2
G7JT50,2
G7JYL4,6
G7K2D1,6
G7K7K0,1
G7KRM5,4
G7L3W1,1
G7LCC3,1
G7LSK3,4
G7NS93,1
G7P5K7,1
G7VCG0,7
G8B4G1,1
G8B6Y8,2
G8BHG4,2
G8BHG6,3
G8DI69,1
G8EME3,1
G8FL04,6
G8G134,4
G8GLP2,4
G8GV21,1
G8GV69,1
G8IQT5,1
G8JLU6,1
G8JZS4,6
G8JZS6,1
G8JZT0,2
G8LST1,1
G8LU16,2
G8LYV1,1
G8M2Z2,1
G8NTI5,4
G8NVB5,3
G8QM54,4
G8QM55,4
G8T6H8,3
G8TAF2,1
G8TV28,11
G8UIQ1,6
G8ULV1,3
G8ULV2,1
G8UMP8,1
G8UMQ6,2
G8UQH1,1
G8UQH9,2
G8UQY8,3
G8WNK6,4
G8XHD5,1
G8XMJ2,1
G8XR50,1
G9B5E4,1
G9BEX6,3
G9BY57,12
G9BZJ0,1
G9FCX2,1
G9FRD7,1
G9G7I7,2
G9G864,1
G9GAG7,1
G9HS63,2
G9I562,1
G9I929,2
G9I930,2
G9IA38,1
G9JVE6,1
G9M5R4,5
G9MBV2,9
G9MBV4,2
G9MBW2,1
G9MQB8,2
G9MQD3,3
G9N0G3,2
G9NDK9,1
G9NLP8,4
G9NTY1,2
G9QLG5,2
G9VYV4,4
G9YLX2,2
G9YSP4,2
H0GHZ9,1
H0QPL8,2
H0QPL9,2
H0SLX7,20
H0USR8,1
H0USY5,5
H0USY6,1
H0USY8,2
H0USY9,1
H0VTT5,1
H0W0T5,5
H0XPX6,1
H0Y4R8,2
H0ZAB5,2
H0ZQY2,1
H1AAP2,2
H1AD35,1
H1AE14,1
H1XW48,1
H1ZYT7,1
H1ZZ98,1
H1ZZT3,1
H1ZZT7,1
H1ZZU1,1
H2AM12,2
H2AM13,1
H2B3G5,2
H2BCH8,1
H2BD96,1
H2BJN5,1
H2BJN6,2
H2D0G4,1
H2E7Q8,4
H2EMX8,1
H2ERK4,1
H2FH31,5
H2IFX0,1
H2J4R1,4
H2J4R4,1
H2K887,1
H2L2L6,3
H2L2M1,4
H2L2M6,2
H2L2M7,1
H2Q5M0,1
H2QII6,2
H2QL32,1
H2VFG5,4
H3BCW1,8
H3C542,3
H3JQU4,1
H3JQU5,1
H3JQU6,1
H3JQU7,1
H3JQV6,6
H3JQV8,1
H3JQW0,5
H3K096,3
H3K419,8
H3ZKG9,2
H3ZMH8,2
H5V184,1
H6A3H4,1
H6BDX1,5
H6CS64,3
H6D578,1
H6LFT0,1
H6LFT2,1
H6QM75,1
H6QM85,2
H6QM90,3
H6QM91,3
H6QM92,3
H6QM94,1
H6QM95,1
H6QM99,1
H6RQF3,3
H6S0J1,1
H6SG27,2
H6TIB1,1
H6TQN1,1
H6U756,1
H6UQI0,9
H6VGI2,1
H6VGK2,1
H6VWK7,1
H6W1B5,1
H6W8F2,2
H6WCZ0,4
H6WYG2,3
H6WYJ5,1
H6WZS9,1
H7BRJ8,4
H7C0V9,1
H7C664,1
H7C677,1
H7C694,2
H7C6B5,1
H7C6E5,2
H7C745,4
H7C785,2
H7C7K8,1
H7C7P4,1
H7C7Q1,1
H7CGE2,2
H7CGH2,1
H7CHS4,1
H7CHY1,1
H7CHY2,1
H7CRF0,1
H7FWB6,8
H7GE39,1
H8GPE3,1
H8WR05,2
H8XX12,2
H8Y6N2,6
H8Y6P5,2
H8YRY9,4
H8ZKV9,2
H8ZRU2,2
H8ZZK1,2
H9ABL9,1
H9AXM7,1
H9BG66,2
H9BQS1,1
H9BRQ5,1
H9BRQ7,3
H9BRQ8,1
H9BVC9,3
H9C180,1
H9CTH3,1
H9CZL7,2
H9DP89,1
H9E965,1
H9GBW4,1
H9IUR0,2
H9J9M0,2
H9JD76,1
H9JTG9,1
H9KVH3,2
H9L447,1
H9L477,1
H9L478,1
H9L4C1,1
H9L4G5,1
H9L4J2,1
H9L4N9,1
H9M652,1
H9MZI2,2
H9N289,5
H9N290,1
H9NAL3,1
H9T8G6,1
H9T8G7,1
H9TUK5,3
H9TUK6,1
H9U2W6,1
H9UEE9,1
H9UEF1,1
H9XC94,2
H9XCU1,1
H9XIU5,1
H9XIV6,1
H9XP47,3
H9ZNW0,2
I0AZ41,1
I0B503,13
I0B7N4,1
I0BDU9,1
I0BZV0,5
I0CBY7,2
I0DF35,2
I0E093,1
I0HM07,1
I0IV54,1
I0JWN7,2
I0JZ23,1
I0UYD6,1
I0WZP1,1
I0YUS5,1
I1HB13,1
I1JW65,1
I1KHY6,2
I1L6I6,2
I1MJ34,1
I1MYY4,4
I1N521,1
I1RDR8,2
I1REW2,1
I1RH17,1
I1RJZ4,1
I1RWY4,1
I1S2K2,1
I1SB08,2
I1SB09,1
I1SB10,1
I1SB12,2
I1SB14,5
I1SBD9,1
I1VE66,34
I1VWH9,3
I1YZZ5,1
I1ZAZ9,1
I1ZPA1,5
I2APN2,1
I2C645,1
I2D7A8,3
I2DBY1,12
I2E6B7,3
I2FI81,1
I2FL84,1
I2G9G1,1
I2GUG0,1
I2GUG1,1
I2MTW3,1
I2N5E8,6
I2N5H0,1
I2N5H1,1
I3DZK9,1
I3EA59,1
I3EBM6,1
I3IEE4,1
I3IL56,1
I3K8D3,3
I3LK75,1
I3LM39,2
I3NI58,1
I3NID1,1
I3NWV8,2
I3NX86,2
I3P686,5
I3PA93,1
I3R177,1
I3RE04,1
I3RFR5,1
I3RJZ3,4
I3RTU7,1
I3RY46,1
I3TZ89,1
I3U4H4,1
I3UZ52,1
I3V5V6,2
I3V6A7,4
I3V7W8,1
I3V9L6,2
I3VE74,1
I3VE75,5
I3VE77,1
I3VKD5,2
I3VR32,1
I3VS73,1
I3VTR8,3
I3VVC1,6
I3VXG7,10
I3WWD7,1
I3XMW8,1
I3ZN83,2
I3ZN84,7
I3ZN85,1
I4E596,1
I4EG67,1
I4IY26,1
I5AX49,1
I5AX50,1
I6L8L2,3
I6L8L5,1
I6L8L6,2
I6L8L7,1
I6L8L8,2
I6L8L9,1
I6L927,1
I6L958,1
I6L978,1
I6L985,2
I6LNY0,1
I6LRS1,5
I6NAW4,12
I6NNE1,2
I6NW33,3
I6PLH5,2
I6QVT6,2
I6QY72,1
I6R485,1
I6SYK8,2
I6T519,1
I6T9U8,1
I6TFG7,2
I6U471,1
I6U881,2
I6UCL3,3
I6V0B8,1
I6V0C7,1
I6V2C3,2
I6V3Q6,1
I6WJ72,3
I6WU39,9
I6WYY7,5
I6X235,1
I6X486,1
I6X658,1
I6X7F9,3
I6X811,3
I6X8D2,24
I6XD65,1
I6XFS7,3
I6XG39,1
I6XHI4,3
I6XU97,2
I6XZC4,1
I6Y120,3
I6Y204,1
I6Y3Q0,1
I6Y4D2,1
I6Y4E8,1
I6Y8B5,4
I6Y8F7,1
I6Y9J2,35
I6Y9Q3,1
I6YB06,2
I6YBQ3,6
I6YBZ8,1
I6YCA3,1
I6YCI1,3
I6YCP0,1
I6YDK7,1
I6YEE1,1
I6YEH6,1
I6YFL7,1
I6YFP0,12
I6YMS9,1
I6ZQR7,1
I6ZQW6,2
I6ZUH3,2
I7A570,1
I7AL37,3
I7AP60,2
I7B368,2
I7BA99,1
I7BFC3,8
I7EFR1,1
I7EIW6,2
I7F541,6
I7FC10,1
I7FE16,1
I7FED3,1
I7FL16,1
I7FLU3,3
I7FPC4,1
I7FT00,1
I7FVL6,1
I7G195,1
I7GAS0,4
I7H471,2
I7H6W6,3
I7HB71,2
I7HUG0,2
I7HXF9,1
I7HXG2,1
I7I026,2
I7IIA9,1
I7J7V6,1
I7JSB1,1
I7JWA3,1
I7LT74,1
I7M030,1
I7MFJ3,1
I8IVP5,3
I9SUA3,5
J1IY24,2
J2VT77,2
J3BZS6,4
J3F2B0,1
J3HY51,2
J3IU59,1
J3K5Z5,1
J3K8M7,1
J3KFC8,1
J3KJC6,5
J3QMY9,1
J3QQQ8,1
J3QS39,3
J3QW32,1
J3QW35,1
J3QW36,1
J3RTH4,1
J3S7E7,2
J3S802,1
J3WAX0,1
J4WAT9,2
J6I1C8,1
J7GQ11,2
J7H1A1,1
J7H3P9,2
J7H5L9,2
J7HBG8,4
J7HDY4,17
J7HJM3,1
J7I6Y1,2
J7JYU1,1
J7K096,2
J7LCB0,1
J7MFT5,2
J7QA90,1
J7QLC0,1
J7QNS8,1
J7RUA5,2
J7TAF3,1
J8G8J6,2
J9JD66,1
J9PBQ8,2
J9PBR2,2
J9PBR3,1
J9PBR6,1
J9PBR7,1
J9PBR8,1
J9PBR9,1
J9PBS0,3
J9PBS1,3
J9PBT4,1
J9PBT5,1
J9PBT7,1
J9Q529,1
J9S5G3,1
J9U5U9,6
J9UGS3,1
J9ULM6,5
J9UN47,3
J9V9V5,1
J9VFT1,8
J9VGI2,1
J9VI09,2
J9VI50,1
J9VIT7,2
J9VKF2,1
J9VKS8,1
J9VKY2,1
J9VMZ3,1
J9VNH4,2
J9VNP7,1
J9VQ51,2
J9VQ84,1
J9VQQ4,1
J9VRT5,1
J9VRX9,1
J9VS00,1
J9VS02,3
J9VSJ6,1
J9VSX1,1
J9VTB5,1
J9VVA4,4
J9VWY8,1
J9VYP5,2
J9W3A6,1
J9W3X8,1
J9W473,2
J9WMQ1,1
J9XNG9,2
J9XXB7,3
K0BRG7,1
K0BRZ6,1
K0BVM7,1
K0BWD0,14
K0C6T6,1
K0E682,1
K0IB23,1
K0IE77,2
K0IGW6,1
K0IM51,1
K0IUV6,2
K0J0N5,5
K0J3J2,1
K0J4X5,1
K0JCW6,1
K0JNC6,1
K0KBJ2,1
K0NPP0,1
K0UYS3,1
K0V1M6,1
K0V2D8,1
K1JFN7,1
K1QRB6,7
K2DC64,1
K2JXG0,1
K2K6A3,1
K2MB66,5
K2NMS4,2
K3WC47,2
K3YAU1,1
K3YDQ6,1
K4DIE3,8
K4DIE4,1
K4DIE5,1
K4DIE9,1
K4FW35,2
K4FZF8,1
K4G2Q9,1
K4HQE7,2
K4I6L4,1
K4KA16,5
K4KM71,1
K4KQN2,1
K4L7X3,2
K4L8Z7,5
K4L9I6,3
K4LC41,13
K4LM89,9
K4MHV9,5
K4MHW2,2
K4MU32,1
K4P132,1
K4Q2R6,1
K4QXP8,1
K4R812,4
K4REZ6,2
K4RFM2,1
K4ZRC1,1
K5B7F3,3
K5B7Z4,11
K5B926,1
K5BDL0,14
K5BDW2,1
K5BDY6,1
K5BEG2,1
K5BJ73,2
K5VE97,1
K5ZWV5,1
K7CID1,1
K7EMV3,4
K7IM66,3
K7MRE7,1
K7N5L1,1
K7N5L2,4
K7N5L8,2
K7N5L9,1
K7N5M0,3
K7N5M3,9
K7N5M4,12
K7N5M5,2
K7N5M6,2
K7N5M7,1
K7N5M8,1
K7N5N2,6
K7N5N3,5
K7N5N8,1
K7NBW3,5
K7NCP5,1
K7NTP5,8
K7PBY4,1
K7PDC1,1
K7QRJ5,1
K7QVW7,1
K7RJ88,6
K7SA42,1
K7SIG4,4
K7SWE7,1
K7VIQ3,1
K7WDL7,9
K7WEH5,2
K7WQ45,1
K7X601,1
K7ZK39,1
K7ZLW6,2
K7ZP76,7
K7ZP88,6
K7ZUA3,1
K8Y7G8,1
K9J4F7,2
K9K3G6,1
K9L0H1,3
K9L8F3,1
K9LG83,4
K9M8L2,1
K9MST3,5
K9MUA0,1
K9N4V7,2
K9N5Q8,15
K9N5R3,1
K9N638,7
K9N643,7
K9N7C7,16
K9TLZ5,14
K9TVC9,1
K9TVX3,8
K9U6V4,1
K9U8J6,1
K9UUI6,3
K9VSN3,1
K9WT99,2
K9XH36,1
K9Y6N7,1
K9ZTJ6,1
L0DSL2,24
L0E155,9
L0E2M2,2
L0E2Z4,2
L0E4F8,1
L0E4H0,5
L0EGW1,1
L0ELG0,1
L0FY79,1
L0HR89,4
L0I969,1
L0N3Y0,4
L0N7E5,3
L0N8S9,2
L0NMC5,2
L0NML6,2
L0PI28,2
L0R6P9,1
L0RUV7,1
L0RVU0,3
L0T911,6
L0TCG5,1
L1IWQ9,2
L1JFC7,1
L5K3Y9,4
L5LC70,1
L5LUA8,1
L7IX95,1
L7J9X7,1
L7MTK1,1
L7MTK2,1
L7MTK4,1
L7MTL1,1
L7N4Y2,1
L7N519,1
L7N655,1
L7N6B0,1
L7N6B1,1
L7N6B2,3
L7N6F8,1
L7NCQ3,1
L7P7L6,3
L7P7M1,1
L7P7R7,1
L7P845,2
L7P9J4,1
L7PFJ6,2
L7PGA3,2
L7PH55,1
L7PIL3,6
L7PYQ2,5
L7R8Z1,1
L7R9I1,2
L7SVX1,1
L7T0L4,2
L7U9F5,1
L7V1I2,1
L7W5I6,1
L7WC64,1
L7WS61,1
L8AXY8,2
L8B3G2,2
L8B8J6,1
L8DXR9,1
L8E853,1
L8GJB3,1
L8H477,1
L8H6B5,1
L8ICE9,5
L8JC63,1
L8WGI4,2
L9UCI1,1
M0QTV3,1
M0QUM1,1
M0QUV7,1
M0R9A7,1
M1AKE5,4
M1C146,1
M1C5B8,1
M1CSC4,1
M1E1E4,5
M1E1E6,1
M1E1E9,1
M1E1F3,4
M1E1F6,7
M1E1F8,4
M1E1G1,1
M1EAS5,1
M1EBB2,1
M1FPN0,1
M1GME7,2
M1GMS4,1
M1GRN3,3
M1GSK9,4
M1HE54,6
M1JYC8,1
M1LBP0,1
M1MR49,2
M1NLA4,1
M1PKZ3,1
M1Q7R8,1
M1QWM5,1
M1RHE3,1
M1RM73,1
M1SQA1,2
M1SWB3,1
M1UWB5,2
M1UZ70,1
M1V4H9,1
M1VAN7,4
M1VE66,1
M1VFX0,1
M1VUY5,2
M1XHT1,1
M2BPW8,1
M2PH20,1
M2QGN5,1
M2QJS8,2
M2R618,2
M2RAI8,1
M2V3J0,1
M2XAQ9,5
M3AZE0,1
M3C567,1
M3TKH6,1
M3TP73,2
M3WPI7,4
M4AA20,1
M4B6G6,1
M4GGR5,2
M4GGR6,1
M4GGR7,7
M4GGR8,1
M4GGR9,1
M4GGS0,1
M4GGS1,1
M4GWN4,2
M4H3L5,1
M4I1C6,2
M4I2R5,1
M4JT39,1
M4JTK1,1
M4MD44,1
M4PUR5,1
M4Q8P8,2
M4QLY4,2
M4QNL3,1
M4STU1,2
M4SVE7,1
M4T0B2,1
M4T4U9,5
M4T5D3,2
M4VRJ6,1
M4YV75,3
M4ZS15,1
M5A8V4,1
M5AAG8,9
M5B0V2,1
M5BPX4,1
M5T2H2,1
M7TUZ8,1
M7TVE7,1
M7X179,1
M7XC02,1
M9MMP4,1
M9NFI9,1
M9P0Q2,2
M9P7S0,1
M9PC40,1
M9PCL9,2
M9PH32,1
M9PSS0,1
M9QLS3,1
M9QSI0,4
M9QXS1,1
M9SC49,2
M9SEQ1,6
M9TI89,1
M9V3B7,1
M9V5A4,3
M9V5W3,1
M9XB82,2
M9ZT87,2
N0B9M5,2
N0DKS8,27
N1J9C5,1
N1JJ94,1
N1P8Q8,7
N1S495,3
N4U1S7,1
N6UXY4,4
N6YXW4,1
N8X9V6,3
N9T8S1,1
N9TFI9,2
N9TIJ7,1
N9UIU7,1
N9UNA8,5
N9UU15,1
N9UZ59,1
N9V330,1
N9V397,1
O00092,5
O00095,3
O00102,1
O00105,4
O00139,5
O00141,1
O00151,1
O00161,1
O00167,3
O00170,2
O00182,14
O00187,9
O00189,2
O00198,3
O00204,3
O00206,7
O00212,1
O00213,7
O00214,30
O00238,1
O00241,1
O00244,10
O00255,48
O00257,2
O00264,1
O00267,5
O00268,2
O00291,1
O00294,2
O00299,16
O00308,2
O00311,9
O00327,3
O00329,3
O00330,2
O00338,1
O00370,6
O00391,3
O00399,1
O00401,3
O00408,41
O00410,1
O00411,1
O00425,3
O00429,6
O00443,6
O00444,3
O00445,1
O00451,2
O00459,3
O00472,1
O00478,4
O00481,14
O00482,21
O00499,1
O00506,2
O00512,5
O00522,11
O00560,47
O00571,11
O00584,1
O00585,1
O00602,7
O00625,12
O00629,9
O00746,1
O00755,1
O00757,12
O00762,2
O00763,5
O00764,9
O00834,6
O00934,4
O01378,2
O01479,1
O01820,2
O01829,1
O02058,1
O02324,1
O02372,12
O02604,3
O02611,1
O02697,4
O03042,1
O03986,2
O04073,4
O04147,3
O04350,1
O04358,1
O04379,7
O04385,5
O04492,1
O04567,2
O04708,2
O04719,3
O04797,2
O04941,1
O04986,3
O04998,1
O05156,1
O05205,4
O05207,7
O05209,1
O05268,2
O05338,7
O05403,1
O05411,1
O05442,1
O05443,1
O05446,1
O05450,1
O05495,1
O05503,2
O05510,3
O05512,2
O05515,2
O05521,2
O05581,2
O05650,1
O05701,4
O05773,3
O05815,1
O05858,2
O05926,2
O05935,3
O05979,1
O06159,2
O06169,1
O06291,1
O06337,1
O06441,2
O06480,2
O06496,1
O06522,1
O06523,1
O06524,1
O06543,24
O06553,5
O06581,1
O06611,1
O06624,2
O06644,12
O06647,5
O06662,4
O06672,1
O06686,1
O06724,3
O06728,1
O06739,1
O06741,2
O06758,1
O06825,3
O06842,5
O06874,2
O06878,1
O06916,2
O06961,9
O06976,3
O06994,6
O07001,1
O07006,1
O07015,1
O07051,1
O07091,1
O07177,1
O07205,1
O07227,1
O07229,1
O07242,1
O07315,2
O07347,16
O07411,1
O07427,3
O07431,2
O07513,1
O07517,1
O07529,3
O07535,4
O07539,1
O07542,1
O07565,1
O07566,3
O07571,1
O07600,1
O07621,1
O07624,1
O07653,6
O07732,2
O07747,1
O07756,1
O07819,1
O07883,1
O07897,3
O07921,2
O07950,1
O08315,1
O08355,2
O08375,2
O08398,2
O08498,1
O08505,2
O08543,2
O08547,3
O08553,1
O08573,5
O08582,1
O08600,5
O08603,1
O08604,1
O08675,1
O08679,1
O08689,3
O08722,1
O08734,3
O08760,9
O08762,1
O08782,1
O08785,2
O08795,18
O08807,3
O08808,4
O08838,2
O08839,1
O08912,2
O08962,1
O08967,7
O08989,6
O09008,2
O09039,2
O09053,2
O09110,1
O09114,2
O09130,1
O09171,1
O09345,2
O09460,2
O09496,1
O09893,3
O10693,3
O11818,1
O11822,2
O12158,3
O12287,1
O12792,1
O13024,11
O13297,2
O13352,1
O13368,3
O13437,2
O13610,1
O13658,2
O13702,1
O13716,1
O13728,1
O13795,2
O13828,3
O13833,9
O13836,4
O13852,3
O13881,1
O13892,1
O13979,1
O13988,14
O14079,3
O14104,2
O14188,2
O14198,1
O14214,3
O14229,2
O14246,4
O14352,5
O14368,1
O14417,1
O14490,3
O14492,1
O14508,2
O14520,2
O14522,1
O14526,1
O14531,1
O14544,1
O14556,4
O14558,5
O14561,1
O14593,3
O14607,12
O14618,1
O14638,2
O14640,3
O14641,10
O14646,7
O14656,2
O14662,1
O14684,16
O14686,3
O14713,1
O14717,1
O14727,6
O14732,1
O14733,26
O14744,31
O14745,13
O14746,4
O14757,140
O14763,6
O14770,2
O14773,2
O14776,2
O14777,1
O14786,21
O14791,4
O14792,1
O14793,1
O14796,1
O14807,3
O14815,2
O14818,12
O14832,1
O14836,1
O14842,2
O14862,3
O14867,1
O14874,1
O14893,1
O14907,5
O14920,2
O14929,2
O14931,3
O14933,2
O14936,17
O14939,2
O14944,1
O14958,2
O14960,1
O14964,5
O14965,96
O14966,1
O14976,4
O14980,1
O14994,1
O15014,1
O15016,3
O15021,1
O15031,1
O15033,1
O15037,4
O15047,3
O15054,6
O15061,1
O15066,1
O15075,7
O15085,5
O15091,2
O15111,1
O15118,7
O15119,1
O15123,4
O15151,27
O15162,1
O15164,18
O15169,14
O15178,49
O15194,1
O15198,1
O15205,1
O15217,1
O15226,2
O15229,1
O15230,1
O15234,3
O15247,3
O15263,3
O15264,6
O15273,1
O15294,23
O15296,2
O15297,1
O15305,4
O15335,2
O15344,1
O15350,11
O15353,1
O15357,6
O15379,1
O15382,28
O15392,8
O15393,7
O15394,4
O15409,1
O15455,2
O15460,5
O15467,1
O15488,1
O15492,1
O15496,7
O15503,1
O15516,2
O15519,4
O15527,27
O15530,56
O15540,5
O15550,5
O15553,7
O15554,1
O15564,1
O15565,1
O15570,5
O15636,5
O15648,3
O15693,1
O15804,2
O15826,4
O15865,2
O15904,1
O15922,1
O15923,1
O15927,1
O15943,1
O15980,1
O15992,4
O16025,5
O16119,1
O16259,2
O16305,1
O17087,2
O17608,1
O17762,1
O18067,1
O18068,1
O18333,1
O18334,1
O18426,1
O18431,1
O18473,1
O18598,1
O18823,2
O18873,1
O18874,1
O18973,1
O19069,9
O19075,5
O19244,2
O19626,4
O19707,3
O19712,6
O19909,1
O19910,1
O22059,1
O22160,1
O22265,1
O22267,5
O22317,1
O22321,7
O22322,1
O22456,2
O22476,8
O22609,1
O22793,1
O22822,4
O22969,2
O23193,2
O23254,2
O23346,9
O23530,1
O23680,1
O23722,1
O23736,3
O23813,3
O23939,6
O24146,7
O24243,6
O24313,7
O24456,1
O24520,1
O24529,2
O24606,1
O24646,4
O24769,5
O24770,2
O24782,6
O24872,7
O24876,1
O24884,1
O24890,1
O24902,2
O24911,2
O24915,4
O24970,1
O24984,1
O24990,2
O25008,2
O25011,1
O25017,1
O25023,1
O25025,3
O25064,1
O25094,1
O25096,2
O25100,4
O25103,1
O25118,1
O25119,1
O25130,2
O25140,2
O25151,3
O25166,1
O25175,1
O25234,1
O25242,6
O25247,2
O25255,2
O25260,1
O25261,1
O25263,1
O25265,1
O25272,3
O25286,1
O25294,2
O25306,1
O25318,4
O25323,3
O25341,1
O25363,1
O25367,1
O25386,2
O25423,1
O25482,1
O25488,1
O25503,2
O25511,2
O25536,1
O25552,1
O25554,3
O25560,1
O25562,1
O25565,1
O25581,2
O25583,2
O25608,1
O25664,2
O25671,1
O25673,1
O25674,1
O25675,1
O25684,1
O25708,4
O25709,1
O25728,1
O25743,5
O25759,1
O25774,1
O25776,1
O25822,1
O25828,1
O25836,4
O25841,1
O25896,9
O25902,3
O25909,1
O25916,2
O25927,1
O25928,3
O25949,1
O25990,1
O26008,1
O26010,6
O26061,1
O26068,2
O26069,3
O26070,1
O26109,1
O26153,1
O26157,1
O26232,114
O26249,3
O26253,8
O26255,1
O26314,11
O26337,1
O26347,1
O26359,3
O26413,2
O26473,2
O26475,2
O26628,1
O26652,2
O26735,1
O26745,4
O26771,6
O26774,1
O26776,1
O26781,1
O26785,1
O26871,1
O26950,1
O26951,1
O27018,1
O27021,1
O27099,2
O27213,1
O27255,1
O27289,1
O27402,1
O27473,1
O27527,1
O27535,1
O27550,1
O27555,1
O27564,19
O27646,1
O27659,1
O27711,1
O27725,3
O27779,1
O27818,6
O27819,1
O27899,1
O27953,1
O27985,4
O28011,1
O28025,1
O28028,2
O28029,1
O28031,1
O28055,2
O28076,1
O28077,1
O28085,2
O28126,13
O28163,2
O28185,1
O28187,1
O28219,1
O28220,1
O28250,1
O28262,1
O28271,1
O28274,1
O28301,1
O28303,2
O28314,3
O28323,1
O28344,3
O28362,2
O28401,1
O28407,1
O28411,1
O28415,2
O28416,1
O28417,2
O28418,1
O28440,1
O28441,1
O28442,1
O28471,5
O28478,1
O28480,5
O28492,1
O28511,3
O28514,1
O28524,4
O28527,3
O28558,1
O28569,1
O28590,1
O28597,6
O28603,6
O28604,6
O28608,1
O28625,1
O28724,1
O28735,1
O28736,1
O28738,2
O28740,1
O28741,1
O28751,5
O28758,1
O28769,10
O28770,1
O28835,1
O28839,1
O28840,2
O28869,1
O28875,1
O28876,1
O28889,3
O28903,1
O28951,9
O28984,1
O29011,2
O29054,2
O29056,1
O29058,1
O29089,1
O29132,1
O29141,2
O29161,1
O29167,1
O29201,1
O29206,1
O29280,5
O29284,1
O29285,4
O29321,1
O29327,1
O29329,2
O29333,2
O29338,1
O29362,2
O29370,2
O29386,1
O29390,1
O29424,2
O29428,2
O29432,2
O29476,1
O29482,1
O29494,4
O29507,1
O29524,1
O29535,1
O29536,1
O29537,3
O29588,1
O29610,1
O29630,1
O29632,1
O29634,2
O29641,1
O29664,1
O29668,1
O29675,1
O29689,2
O29756,1
O29757,1
O29759,3
O29777,6
O29803,1
O29844,3
O29866,1
O29867,1
O29873,2
O29877,1
O29883,5
O29885,1
O29886,1
O29888,1
O29889,1
O29901,1
O29903,4
O29912,2
O29915,1
O29917,3
O29918,1
O29944,1
O29975,3
O29976,2
O29988,1
O29998,1
O30011,1
O30033,1
O30069,1
O30077,3
O30085,2
O30124,4
O30132,1
O30133,1
O30142,3
O30147,1
O30176,1
O30190,1
O30192,1
O30195,1
O30200,1
O30207,1
O30245,5
O30273,1
O30295,1
O30297,3
O30298,8
O30347,1
O30361,1
O30408,1
O30409,2
O30463,2
O30478,1
O30511,3
O30528,1
O30557,1
O30564,1
O30642,5
O30700,11
O30881,3
O30916,1
O30970,2
O30989,1
O31097,2
O31156,4
O31158,1
O31168,2
O31178,1
O31243,1
O31246,4
O31266,9
O31302,2
O31341,1
O31408,2
O31410,1
O31418,1
O31423,1
O31440,3
O31452,1
O31465,3
O31474,1
O31475,1
O31511,1
O31518,3
O31524,1
O31526,3
O31527,1
O31533,1
O31539,3
O31560,1
O31562,1
O31576,1
O31590,1
O31602,4
O31607,1
O31611,1
O31616,2
O31618,1
O31628,1
O31629,1
O31641,1
O31645,1
O31655,1
O31662,1
O31663,5
O31666,1
O31667,1
O31671,3
O31677,1
O31678,2
O31687,1
O31691,3
O31698,5
O31728,2
O31743,1
O31751,3
O31775,1
O31779,2
O31784,1
O31785,1
O31796,2
O31797,1
O31801,6
O31803,1
O31815,5
O31818,1
O31835,1
O31851,3
O31858,1
O31896,2
O31927,3
O31965,1
O31986,1
O32036,2
O32079,1
O32080,3
O32085,1
O32092,1
O32108,3
O32125,1
O32126,1
O32142,1
O32148,1
O32152,1
O32157,1
O32163,2
O32164,13
O32167,1
O32181,1
O32192,1
O32210,2
O32215,1
O32218,4
O32221,2
O32223,1
O32243,4
O32253,6
O32277,1
O32293,2
O32323,15
O32393,5
O32449,4
O32462,2
O32472,1
O32504,4
O32509,2
O32553,9
O32583,1
O32723,2
O32726,3
O32727,3
O32739,1
O33199,5
O33209,1
O33272,4
O33283,1
O33289,2
O33336,10
O33347,1
O33348,1
O33374,1
O33407,1
O33434,1
O33458,1
O33471,1
O33495,1
O33599,5
O33635,1
O33705,1
O33799,1
O33818,2
O33819,2
O33820,2
O33830,1
O33832,2
O33833,2
O33838,2
O33839,10
O33840,3
O33853,6
O33877,9
O33897,5
O33927,1
O33954,1
O33958,1
O34000,1
O34002,1
O34094,1
O34153,6
O34206,1
O34208,1
O34252,1
O34305,1
O34306,1
O34313,1
O34327,1
O34334,1
O34335,1
O34340,4
O34349,2
O34374,1
O34425,1
O34450,1
O34452,1
O34453,81
O34498,1
O34508,2
O34513,4
O34522,3
O34525,2
O34527,1
O34529,1
O34530,1
O34533,1
O34539,3
O34559,3
O34588,1
O34596,1
O34598,2
O34600,4
O34626,1
O34627,3
O34632,1
O34634,1
O34656,1
O34661,1
O34667,7
O34678,1
O34714,11
O34723,3
O34725,1
O34738,1
O34746,2
O34757,3
O34777,1
O34787,1
O34790,5
O34797,1
O34798,2
O34800,1
O34816,4
O34817,4
O34825,1
O34835,1
O34841,1
O34844,3
O34852,1
O34853,1
O34866,1
O34899,1
O34909,1
O34911,3
O34918,5
O34919,4
O34925,9
O34928,4
O34952,1
O34960,1
O34968,1
O34974,3
O34994,3
O35000,2
O35002,5
O35013,3
O35016,1
O35031,1
O35066,1
O35179,1
O35206,1
O35235,3
O35250,1
O35253,1
O35254,1
O35274,2
O35298,2
O35305,2
O35310,2
O35324,1
O35385,1
O35405,2
O35423,2
O35430,2
O35433,1
O35464,3
O35484,1
O35543,3
O35625,1
O35718,1
O35744,4
O35795,9
O35820,7
O35867,1
O35904,38
O35906,2
O35930,1
O35963,2
O35964,1
O36004,1
O36005,1
O36030,2
O36307,1
O36972,1
O37157,1
O38707,1
O38708,1
O38710,3
O38716,2
O38719,1
O38723,2
O38731,1
O38732,15
O38885,4
O38893,2
O38896,2
O39828,1
O39914,2
O39929,2
O40922,7
O40955,1
O40970,1
O41026,1
O41078,2
O41094,3
O41136,1
O41156,1
O41925,2
O41931,1
O41938,1
O41974,2
O42187,2
O42191,2
O42425,1
O42629,2
O42652,1
O42692,4
O42703,1
O42721,1
O42807,5
O42898,2
O42934,1
O42978,6
O42995,2
O43001,2
O43043,1
O43044,1
O43070,5
O43097,1
O43099,2
O43143,3
O43148,7
O43151,1
O43157,3
O43159,1
O43169,1
O43172,1
O43173,4
O43175,18
O43189,7
O43236,1
O43252,8
O43255,1
O43278,4
O43290,1
O43291,1
O43293,6
O43312,1
O43314,20
O43318,14
O43323,3
O43324,4
O43353,7
O43390,1
O43395,2
O43396,1
O43414,7
O43424,1
O43426,3
O43432,1
O43447,2
O43451,10
O43463,1
O43464,9
O43474,1
O43488,1
O43504,7
O43508,1
O43521,36
O43525,1
O43557,4
O43566,2
O43567,1
O43570,35
O43572,1
O43583,4
O43586,3
O43597,5
O43598,13
O43602,7
O43612,1
O43613,6
O43614,3
O43615,1
O43617,4
O43639,2
O43660,1
O43663,2
O43683,6
O43704,2
O43707,4
O43708,1
O43715,2
O43719,4
O43739,1
O43741,5
O43747,1
O43752,2
O43763,1
O43765,4
O43766,2
O43776,5
O43781,1
O43791,23
O43809,17
O43818,2
O43897,1
O43909,2
O43914,3
O43921,1
O43924,31
O43927,3
O44049,7
O44074,1
O44249,1
O44326,3
O44342,5
O44750,2
O45418,1
O45502,1
O46162,3
O46419,1
O46427,2
O46469,3
O46470,1
O46709,1
O46789,2
O46790,3
O48388,1
O48465,1
O48468,3
O48500,2
O48503,5
O48504,1
O48541,2
O48661,1
O48737,1
O48782,1
O48791,3
O48814,1
O48917,4
O48963,1
O49003,14
O49004,2
O49195,1
O49235,2
O49429,2
O49482,1
O49523,1
O49686,13
O49908,7
O49923,1
O50008,1
O50039,2
O50082,1
O50083,2
O50087,2
O50089,1
O50094,1
O50095,1
O50105,1
O50129,1
O50146,2
O50147,1
O50152,2
O50162,1
O50174,1
O50202,1
O50260,1
O50271,3
O50280,1
O50325,3
O50390,3
O50443,6
O50580,14
O50606,1
O50641,3
O50657,3
O50665,5
O50692,1
O50725,2
O50835,2
O50955,2
O50958,1
O50962,2
O51076,2
O51114,2
O51135,1
O51166,1
O51169,1
O51180,1
O51189,1
O51233,1
O51254,2
O51302,1
O51321,1
O51339,1
O51369,1
O51381,1
O51396,1
O51419,2
O51602,1
O51614,1
O51615,1
O51632,1
O51675,1
O51799,1
O51933,3
O51934,3
O52063,4
O52135,1
O52269,6
O52512,1
O52541,1
O52542,1
O52552,2
O52575,1
O52582,1
O52623,1
O52646,2
O52748,1
O52754,1
O52780,2
O52791,1
O52792,40
O52793,2
O52805,3
O52806,3
O52866,1
O52942,3
O53146,2
O53156,1
O53168,8
O53174,2
O53193,3
O53223,8
O53240,1
O53333,1
O53343,3
O53380,1
O53464,1
O53467,1
O53498,1
O53512,17
O53532,2
O53547,2
O53561,1
O53579,3
O53580,1
O53581,1
O53585,1
O53605,1
O53623,11
O53638,3
O53654,1
O53664,2
O53665,2
O53666,1
O53675,1
O53706,3
O53780,3
O53782,1
O53871,14
O53872,14
O53877,1
O53896,2
O53924,1
O54157,2
O54161,5
O54180,1
O54259,3
O54288,8
O54294,1
O54310,1
O54438,13
O54440,3
O54476,1
O54512,2
O54593,1
O54626,1
O54709,2
O54828,1
O54874,1
O54918,1
O54921,1
O54924,2
O54943,3
O54952,1
O54983,3
O55000,3
O55012,8
O55013,5
O55023,1
O55043,4
O55057,1
O55060,3
O55128,3
O55147,2
O55164,1
O55203,1
O55236,2
O55239,3
O55611,1
O55778,4
O56137,1
O56774,1
O57173,2
O57286,5
O57380,2
O57385,2
O57413,4
O57693,7
O57705,2
O57712,3
O57724,2
O57728,10
O57742,1
O57746,1
O57758,1
O57767,13
O57768,1
O57770,1
O57774,1
O57784,1
O57797,2
O57802,1
O57809,1
O57810,2
O57811,1
O57823,2
O57827,1
O57847,1
O57861,3
O57880,1
O57883,25
O57890,1
O57895,1
O57899,6
O57917,1
O57921,1
O57925,1
O57933,1
O57934,1
O57939,1
O57940,1
O57942,1
O57946,6
O57947,8
O57950,2
O57962,1
O57965,1
O57975,3
O57978,16
O57980,3
O57988,1
O57991,1
O58001,2
O58022,1
O58023,1
O58035,1
O58038,2
O58045,1
O58056,2
O58059,1
O58093,1
O58104,1
O58107,3
O58151,1
O58185,1
O58187,1
O58193,1
O58212,1
O58214,1
O58216,8
O58231,1
O58235,4
O58236,4
O58246,3
O58255,1
O58256,1
O58271,1
O58277,1
O58307,3
O58316,3
O58320,2
O58321,1
O58323,2
O58328,3
O58335,1
O58346,1
O58368,2
O58376,3
O58389,2
O58403,3
O58404,2
O58429,6
O58433,1
O58456,77
O58461,1
O58462,4
O58465,1
O58467,1
O58493,1
O58523,3
O58532,1
O58552,1
O58558,1
O58562,1
O58586,4
O58651,1
O58677,2
O58689,3
O58690,2
O58691,2
O58698,1
O58714,1
O58715,1
O58720,6
O58727,2
O58732,1
O58738,1
O58739,1
O58740,1
O58762,6
O58764,3
O58781,1
O58788,1
O58796,3
O58799,1
O58802,2
O58810,1
O58832,4
O58836,3
O58843,3
O58863,1
O58866,1
O58873,1
O58877,1
O58885,1
O58888,1
O58925,11
O58965,1
O58966,3
O58996,1
O59000,1
O59010,1
O59021,6
O59028,1
O59029,2
O59033,1
O59046,1
O59053,1
O59071,2
O59072,2
O59096,3
O59128,3
O59147,2
O59150,1
O59153,3
O59172,1
O59174,1
O59179,5
O59180,2
O59188,3
O59196,3
O59198,2
O59205,1
O59230,1
O59245,6
O59248,2
O59257,3
O59272,1
O59278,1
O59282,1
O59284,1
O59300,1
O59312,1
O59346,1
O59351,1
O59354,1
O59355,2
O59393,1
O59412,1
O59413,6
O59416,1
O59425,2
O59452,1
O59475,1
O59483,1
O59485,2
O59487,4
O59493,3
O59494,1
O59521,2
O59523,1
O59543,2
O59578,1
O59580,5
O59581,1
O59595,1
O59596,1
O59611,1
O59622,1
O59640,1
O59651,8
O59767,1
O59791,4
O59893,3
O59945,1
O59952,24
O60015,1
O60016,4
O60041,1
O60059,2
O60158,1
O60200,4
O60216,13
O60218,20
O60229,12
O60232,1
O60234,1
O60235,2
O60239,1
O60241,1
O60242,1
O60259,2
O60260,9
O60271,1
O60306,1
O60307,1
O60308,2
O60313,1
O60318,1
O60331,1
O60341,13
O60343,1
O60381,1
O60462,10
O60469,1
O60486,3
O60494,1
O60499,1
O60500,1
O60502,8
O60507,2
O60547,6
O60551,2
O60563,2
O60565,1
O60566,4
O60568,10
O60573,6
O60583,1
O60603,3
O60609,1
O60658,2
O60671,2
O60673,8
O60674,110
O60678,8
O60684,2
O60701,11
O60704,2
O60711,3
O60716,1
O60729,2
O60760,30
O60763,1
O60784,3
O60814,4
O60825,1
O60828,3
O60829,1
O60844,7
O60870,1
O60880,4
O60885,486
O60888,1
O60894,8
O60895,4
O60907,1
O60911,25
O60921,2
O60930,4
O60936,1
O60939,3
O60942,1
O60949,1
O60989,2
O61068,2
O61130,2
O61142,2
O61363,1
O61380,3
O61594,1
O61667,1
O61711,1
O61734,4
O61793,1
O61955,2
O61996,1
O62140,1
O62301,1
O62305,2
O62479,2
O62547,1
O62584,1
O62742,1
O64094,8
O64205,1
O64411,7
O64470,1
O64527,11
O64587,3
O64642,1
O64743,1
O64764,1
O64903,1
O64989,4
O65039,1
O65202,1
O65934,1
O65986,2
O66015,1
O66036,1
O66037,5
O66100,1
O66122,2
O66127,1
O66129,1
O66145,2
O66186,6
O66187,6
O66188,6
O66264,6
O66375,3
O66430,2
O66440,2
O66442,1
O66472,4
O66474,1
O66490,14
O66493,1
O66496,33
O66511,4
O66512,2
O66513,3
O66523,1
O66528,1
O66529,5
O66530,2
O66540,1
O66548,2
O66551,2
O66552,1
O66555,1
O66586,1
O66592,1
O66608,1
O66610,1
O66615,1
O66646,2
O66653,1
O66663,2
O66665,1
O66667,1
O66680,3
O66683,1
O66692,1
O66726,2
O66728,1
O66738,3
O66740,1
O66753,2
O66766,1
O66780,1
O66809,2
O66811,1
O66837,3
O66841,29
O66842,29
O66874,2
O66891,1
O66905,6
O66914,1
O66934,17
O66937,1
O66939,1
O66949,2
O66950,1
O66962,1
O66990,6
O67004,1
O67010,2
O67023,1
O67024,1
O67033,1
O67040,2
O67045,1
O67049,3
O67050,1
O67060,6
O67069,4
O67082,9
O67099,11
O67108,1
O67135,3
O67139,3
O67140,1
O67157,1
O67161,1
O67174,1
O67175,1
O67181,2
O67182,1
O67185,1
O67191,1
O67198,3
O67206,2
O67216,1
O67224,7
O67241,1
O67262,1
O67268,1
O67315,2
O67322,1
O67323,7
O67357,1
O67359,2
O67367,1
O67413,1
O67435,1
O67465,1
O67466,3
O67475,2
O67483,1
O67502,1
O67503,4
O67504,3
O67505,1
O67517,1
O67518,5
O67528,5
O67549,2
O67566,1
O67572,6
O67575,3
O67577,1
O67582,1
O67603,1
O67610,2
O67611,2
O67618,3
O67624,1
O67625,1
O67630,1
O67633,1
O67636,4
O67644,1
O67648,14
O67661,1
O67680,2
O67728,2
O67745,1
O67757,4
O67759,1
O67769,1
O67776,4
O67778,2
O67788,1
O67789,1
O67791,1
O67800,3
O67803,2
O67806,3
O67812,1
O67854,28
O67859,1
O67866,1
O67883,3
O67904,1
O67914,1
O67920,1
O67925,1
O67928,1
O67931,2
O67938,2
O67987,2
O67998,4
O68014,9
O68097,1
O68098,2
O68100,2
O68106,1
O68183,18
O68195,1
O68196,1
O68212,1
O68216,4
O68233,2
O68252,5
O68394,2
O68395,2
O68396,1
O68424,1
O68486,1
O68522,4
O68541,5
O68557,1
O68562,1
O68574,1
O68579,1
O68601,35
O68690,1
O68691,1
O68692,2
O68720,10
O68840,3
O68879,1
O68880,3
O68884,1
O68900,1
O68965,1
O68975,2
O69002,1
O69052,3
O69054,6
O69061,4
O69077,1
O69078,1
O69174,2
O69230,7
O69231,2
O69245,1
O69250,1
O69262,5
O69274,6
O69275,3
O69315,2
O69540,1
O69684,3
O69689,2
O69754,5
O69755,1
O69756,7
O69762,3
O69771,7
O69787,4
O69946,1
O70018,2
O70038,2
O70164,1
O70200,1
O70263,2
O70325,1
O70343,1
O70348,10
O70351,3
O70361,1
O70370,7
O70404,1
O70439,1
O70467,1
O70468,1
O70480,1
O70511,2
O70570,2
O70589,1
O70624,2
O70632,6
O70709,1
O72142,4
O72505,1
O73790,2
O73821,1
O73909,6
O73944,8
O73946,3
O73947,5
O73948,12
O73951,1
O73960,2
O73966,1
O73967,1
O73972,1
O73983,3
O73984,1
O74017,2
O74023,1
O74024,2
O74028,2
O74029,2
O74030,2
O74031,2
O74032,1
O74035,3
O74036,61
O74098,1
O74109,1
O74213,2
O74237,8
O74339,1
O74483,2
O74499,6
O74515,3
O74536,1
O74700,1
O74705,2
O74706,3
O74718,1
O74808,1
O74856,2
O74859,6
O74866,4
O74910,1
O74933,4
O74934,1
O74936,1
O74958,10
O74986,2
O75012,1
O75015,3
O75030,3
O75044,3
O75051,1
O75084,7
O75112,1
O75113,2
O75116,2
O75122,5
O75128,1
O75143,4
O75146,1
O75147,4
O75151,7
O75154,2
O75164,79
O75173,3
O75175,1
O75191,4
O75208,3
O75223,5
O75317,1
O75319,3
O75326,1
O75334,5
O75340,6
O75344,1
O75347,1
O75362,2
O75367,7
O75368,1
O75369,6
O75376,9
O75382,2
O75385,14
O75390,11
O75396,1
O75398,1
O75419,1
O75420,1
O75436,1
O75460,12
O75469,40
O75473,2
O75475,5
O75496,2
O75506,1
O75509,2
O75521,2
O75525,3
O75530,46
O75531,18
O75533,7
O75581,7
O75582,3
O75592,1
O75593,1
O75594,1
O75604,8
O75608,3
O75626,1
O75628,1
O75629,1
O75636,3
O75643,2
O75663,1
O75688,1
O75689,3
O75695,2
O75715,1
O75717,1
O75746,2
O75747,1
O75762,1
O75787,2
O75791,1
O75794,2
O75807,1
O75815,1
O75817,1
O75822,1
O75828,1
O75832,2
O75838,1
O75843,3
O75844,1
O75865,2
O75874,36
O75880,1
O75884,3
O75886,1
O75888,1
O75891,2
O75897,2
O75899,11
O75909,4
O75914,1
O75923,5
O75928,1
O75936,11
O75962,2
O75970,8
O75976,1
O76003,3
O76036,2
O76039,1
O76041,1
O76054,4
O76064,2
O76071,1
O76074,40
O76083,13
O76094,2
O76096,1
O76183,1
O76238,1
O76242,17
O76290,69
O76457,1
O76458,1
O76616,5
O76728,1
O76744,1
O76745,9
O76764,4
O76977,1
O77044,3
O77059,2
O77077,1
O77093,6
O77103,1
O77105,1
O77206,1
O77404,3
O77421,4
O77448,2
O77470,1
O77698,1
O78189,9
O80066,3
O80120,1
O80164,1
O80297,1
O80323,1
O80358,2
O80448,1
O80467,1
O80568,1
O80842,4
O80852,3
O80944,1
O80992,18
O81086,6
O81100,2
O81192,6
O81223,2
O81226,2
O81235,1
O81770,2
O81829,1
O81862,1
O81934,1
O81959,5
O82040,2
O82080,1
O82175,2
O82261,1
O82268,1
O82392,6
O82438,1
O82480,1
O82656,2
O82777,1
O82799,1
O82825,1
O82827,1
O82839,2
O82856,1
O82857,1
O82882,2
O83008,2
O83009,1
O83080,1
O83632,1
O83661,1
O83732,1
O83774,9
O83795,1
O83922,1
O83923,1
O84049,1
O84093,1
O84172,1
O84173,1
O84222,2
O84385,1
O84395,1
O84589,1
O84591,1
O84616,3
O84671,3
O84677,1
O84741,1
O84777,1
O84835,6
O84866,2
O84957,7
O85040,2
O85042,1
O85043,1
O85044,1
O85094,1
O85140,1
O85142,4
O85353,5
O85361,8
O85465,19
O85634,1
O85638,1
O85672,2
O85725,4
O85747,1
O86033,1
O86043,2
O86049,5
O86089,4
O86099,2
O86151,1
O86159,5
O86237,1
O86266,1
O86309,3
O86327,1
O86332,1
O86428,1
O86436,2
O86516,3
O86531,1
O86696,1
O86785,5
O86786,2
O86842,1
O87008,3
O87009,1
O87014,1
O87119,2
O87120,1
O87131,3
O87170,4
O87172,8
O87198,4
O87275,1
O87364,1
O87496,2
O87527,1
O87605,12
O87696,1
O87798,6
O87799,6
O87802,6
O87854,1
O87871,1
O87896,2
O87897,2
O87898,2
O87916,2
O87948,1
O87949,1
O87963,2
O87987,1
O87988,3
O87989,4
O88093,3
O88188,2
O88273,1
O88339,4
O88384,2
O88447,1
O88483,1
O88508,1
O88509,1
O88522,1
O88587,2
O88597,2
O88602,2
O88622,7
O88653,2
O88689,1
O88703,13
O88713,2
O88792,1
O88797,1
O88811,1
O88844,3
O88846,3
O88917,2
O88951,1
O88992,2
O88998,2
O89017,2
O89049,1
O89050,1
O89053,3
O89100,7
O89341,1
O89342,2
O89343,2
O89752,4
O90417,1
O91080,2
O91464,1
O91734,1
O91936,1
O92103,1
O92139,4
O92323,2
O92367,1
O92452,1
O92956,21
O92972,37
O93077,1
O93309,2
O93426,1
O93427,1
O93541,1
O93623,3
O93627,5
O93634,2
O93641,1
O93646,1
O93655,1
O93706,1
O93707,1
O93708,1
O93715,4
O93724,2
O93732,2
O93734,1
O93784,1
O93785,1
O93868,1
O93874,8
O93970,1
O94197,1
O94218,2
O94219,1
O94220,2
O94244,4
O94267,2
O94272,1
O94285,1
O94408,4
O94444,1
O94468,5
O94556,1
O94580,2
O94609,2
O94646,1
O94687,1
O94725,1
O94742,2
O94753,18
O94760,9
O94762,4
O94766,3
O94768,7
O94779,1
O94782,1
O94788,3
O94804,10
O94813,3
O94817,1
O94826,1
O94842,1
O94851,1
O94875,1
O94888,2
O94901,2
O94907,1
O94913,1
O94923,2
O94925,17
O94953,2
O94966,1
O94972,1
O94979,1
O94986,2
O94992,1
O94993,1
O95045,3
O95050,1
O95057,1
O95071,3
O95104,1
O95140,2
O95147,1
O95149,3
O95150,5
O95155,1
O95166,28
O95197,1
O95198,2
O95210,2
O95218,1
O95235,1
O95238,1
O95243,14
O95251,7
O95255,1
O95256,1
O95257,2
O95259,1
O95267,1
O95271,34
O95273,1
O95278,2
O95292,1
O95297,2
O95319,1
O95340,3
O95347,1
O95361,1
O95363,7
O95365,4
O95372,1
O95376,1
O95390,4
O95393,4
O95396,1
O95398,1
O95400,2
O95405,2
O95407,4
O95433,2
O95445,3
O95453,1
O95470,1
O95476,2
O95486,3
O95487,1
O95497,3
O95503,2
O95551,2
O95568,1
O95619,7
O95630,3
O95633,2
O95639,2
O95671,2
O95684,1
O95696,302
O95714,10
O95716,1
O95718,1
O95721,1
O95727,2
O95747,4
O95749,2
O95750,2
O95786,6
O95793,1
O95801,1
O95819,14
O95831,12
O95833,2
O95835,3
O95848,1
O95861,1
O95863,1
O95881,1
O95931,5
O95944,1
O95970,1
O95971,2
O95983,4
O95985,1
O95989,20
O95998,1
O96007,1
O96013,30
O96017,19
O96018,1
O96028,10
O96033,1
O96048,5
O96193,1
O96438,7
O96445,4
O96496,1
O96507,1
O96555,2
O96561,1
O96656,1
O96693,12
O96759,2
O96935,53
O97032,1
O97111,2
O97143,3
O97148,1
O97161,1
O97193,1
O97241,2
O97252,1
O97366,1
O97373,5
O97389,1
O97428,5
O97775,8
O97791,2
O98949,1
O98950,1
P00003,1
P00004,15
P00015,1
P00021,1
P00025,1
P00044,62
P00045,4
P00078,1
P00080,1
P00083,2
P00091,4
P00094,2
P00096,2
P00099,6
P00106,1
P00120,1
P00125,6
P00126,6
P00127,6
P00128,6
P00129,6
P00130,6
P00131,3
P00132,12
P00133,1
P00136,1
P00137,1
P00138,51
P00142,3
P00147,4
P00148,1
P00149,2
P00152,1
P00154,2
P00157,6
P00163,6
P00171,13
P00172,4
P00175,3
P00178,10
P00179,2
P00183,120
P00189,1
P00193,1
P00198,3
P00208,3
P00209,1
P00210,1
P00214,31
P00215,1
P00217,1
P00221,7
P00235,1
P00237,1
P00246,1
P00248,2
P00250,2
P00257,4
P00259,13
P00260,4
P00268,27
P00269,2
P00270,2
P00273,4
P00276,2
P00280,8
P00281,2
P00282,97
P00289,4
P00299,15
P00303,1
P00306,3
P00309,1
P00311,3
P00315,1
P00318,1
P00322,16
P00323,31
P00324,2
P00325,8
P00326,2
P00327,59
P00328,1
P00330,1
P00334,1
P00336,2
P00338,33
P00339,2
P00341,2
P00343,2
P00344,1
P00346,1
P00349,4
P00350,3
P00352,18
P00355,2
P00359,2
P00361,2
P00362,11
P00366,4
P00370,1
P00371,7
P00374,86
P00375,6
P00378,7
P00381,1
P00382,2
P00383,11
P00387,1
P00388,15
P00390,22
P00392,4
P00396,56
P00403,1
P00415,56
P00423,56
P00426,56
P00428,56
P00429,56
P00430,56
P00431,171
P00432,7
P00433,32
P00435,1
P00436,35
P00437,35
P00438,12
P00439,17
P00441,109
P00442,23
P00445,11
P00446,9
P00447,5
P00448,13
P00449,1
P00451,8
P00452,5
P00455,7
P00456,1
P00459,16
P00466,4
P00467,4
P00469,38
P00480,3
P00484,7
P00488,11
P00489,214
P00490,9
P00491,17
P00492,14
P00500,2
P00502,2
P00503,7
P00504,1
P00508,12
P00509,75
P00512,5
P00514,10
P00516,1
P00517,84
P00518,2
P00519,60
P00520,21
P00523,103
P00524,10
P00526,1
P00533,121
P00550,1
P00552,1
P00557,8
P00558,27
P00560,3
P00561,1
P00563,2
P00568,3
P00571,1
P00572,3
P00573,4
P00581,12
P00582,9
P00586,8
P00588,8
P00590,43
P00592,24
P00593,29
P00598,2
P00608,2
P00615,1
P00617,1
P00624,1
P00626,1
P00630,2
P00634,44
P00636,49
P00637,1
P00639,8
P00641,2
P00642,6
P00644,283
P00646,2
P00648,46
P00649,5
P00651,65
P00653,2
P00654,5
P00669,19
P00683,1
P00684,1
P00690,16
P00691,2
P00692,5
P00693,8
P00698,1044
P00700,2
P00701,1
P00702,2
P00703,11
P00704,1
P00705,4
P00709,5
P00711,6
P00712,5
P00713,1
P00717,2
P00718,2
P00719,1
P00720,627
P00722,43
P00727,6
P00730,31
P00733,1
P00734,394
P00735,18
P00736,1
P00738,1
P00740,36
P00741,2
P00742,134
P00743,1
P00746,31
P00747,27
P00748,10
P00749,134
P00750,3
P00751,11
P00752,3
P00759,1
P00760,564
P00761,38
P00763,34
P00766,82
P00767,1
P00770,1
P00771,1
P00772,119
P00775,6
P00776,5
P00777,28
P00778,46
P00779,2
P00780,23
P00781,1
P00782,60
P00784,34
P00785,2
P00787,3
P00791,10
P00794,6
P00796,1
P00797,47
P00798,14
P00799,1
P00800,199
P00803,6
P00805,45
P00806,1
P00807,16
P00808,26
P00811,117
P00813,1
P00816,13
P00817,18
P00829,9
P00830,1
P00860,1
P00861,2
P00862,2
P00864,1
P00870,5
P00873,10
P00875,12
P00876,3
P00877,12
P00880,2
P00883,28
P00885,1
P00888,2
P00889,3
P00894,1
P00897,2
P00898,1
P00900,2
P00903,4
P00905,1
P00909,2
P00914,1
P00915,47
P00918,1092
P00921,10
P00924,20
P00926,2
P00929,124
P00934,1
P00935,1
P00939,3
P00940,13
P00942,6
P00943,1
P00947,21
P00949,1
P00950,4
P00952,5
P00953,10
P00957,7
P00958,1
P00959,18
P00962,6
P00963,2
P00966,1
P00968,10
P00970,2
P00971,2
P00974,105
P00980,1
P00989,1
P00995,4
P00998,1
P01003,2
P01006,4
P01008,3
P01009,25
P01011,20
P01012,7
P01015,1
P01016,1
P01017,2
P01019,9
P01021,1
P01023,1
P01024,21
P01026,2
P01027,1
P01031,5
P01033,3
P01034,6
P01038,1
P01040,3
P01042,7
P01050,79
P01051,15
P01053,17
P01055,3
P01056,1
P01058,1
P01062,4
P01064,1
P01070,6
P01074,3
P01075,2
P01080,1
P01085,1
P01087,2
P01088,2
P01092,3
P01094,3
P01096,2
P01097,1
P01101,1
P01103,1
P01104,1
P01106,11
P01111,19
P01112,167
P01116,291
P01123,3
P01127,4
P01130,9
P01135,2
P01137,1
P01138,5
P01139,3
P01148,1
P01160,2
P01161,1
P01175,4
P01180,2
P01189,1
P01210,2
P01213,2
P01215,1
P01225,1
P01236,7
P01241,4
P01270,3
P01275,13
P01308,212
P01315,38
P01317,30
P01325,2
P01344,2
P01350,1
P01359,2
P01375,16
P01382,1
P01391,2
P01396,1
P01398,1
P01407,1
P01416,1
P01426,2
P01452,1
P01468,2
P01484,4
P01493,1
P01494,1
P01495,1
P01496,1
P01501,3
P01538,1
P01542,16
P01543,1
P01544,1
P01549,1
P01551,1
P01552,18
P01555,10
P01556,33
P01558,8
P01559,3
P01563,1
P01573,1
P01574,1
P01575,1
P01579,2
P01583,2
P01584,54
P01588,1
P01589,2
P01593,4
P01594,7
P01597,1
P01619,3
P01630,3
P01631,8
P01634,1
P01635,14
P01636,3
P01642,7
P01645,1
P01646,1
P01647,2
P01648,1
P01660,5
P01666,1
P01679,1
P01704,4
P01709,7
P01721,4
P01723,3
P01724,10
P01726,1
P01727,5
P01730,21
P01731,2
P01732,1
P01738,5
P01747,1
P01749,1
P01764,5
P01772,1
P01789,1
P01801,11
P01808,1
P01810,1
P01820,19
P01821,1
P01823,11
P01825,1
P01833,1
P01834,40
P01835,2
P01837,60
P01844,1
P01848,52
P01849,7
P01850,31
P01851,5
P01852,2
P01854,9
P01857,108
P01859,3
P01860,6
P01861,9
P01863,17
P01865,23
P01867,9
P01868,20
P01869,9
P01870,2
P01872,2
P01887,196
P01888,4
P01889,194
P01897,14
P01898,1
P01899,58
P01900,10
P01901,59
P01902,13
P01903,74
P01904,2
P01909,12
P01910,1
P01911,63
P01920,4
P01921,1
P01947,2
P01948,1
P01958,15
P01965,1
P01966,11
P01972,1
P01981,1
P01986,1
P01990,2
P01994,1
P02001,1
P02008,2
P02019,2
P02042,2
P02057,1
P02062,15
P02067,1
P02070,11
P02074,1
P02088,1
P02089,3
P02095,2
P02112,1
P02114,1
P02118,2
P02123,1
P02141,2
P02142,2
P02144,1
P02184,1
P02185,321
P02186,1
P02189,16
P02205,1
P02207,1
P02208,1
P02210,7
P02213,63
P02216,4
P02229,4
P02238,2
P02240,17
P02244,2
P02246,4
P02247,3
P02263,4
P02281,26
P02283,3
P02293,4
P02299,8
P02302,3
P02309,21
P02340,7
P02358,1
P02359,1
P02391,1
P02400,2
P02413,1
P02417,3
P02452,10
P02458,6
P02461,4
P02462,3
P02468,3
P02469,1
P02470,2
P02511,9
P02522,1
P02526,7
P02528,5
P02545,8
P02549,1
P02554,28
P02566,1
P02578,1
P02584,3
P02586,4
P02588,6
P02592,8
P02618,7
P02619,6
P02621,1
P02625,6
P02628,1
P02630,1
P02631,2
P02633,6
P02638,25
P02640,24
P02643,1
P02647,1
P02649,17
P02654,3
P02671,13
P02672,2
P02675,9
P02676,2
P02679,16
P02681,1
P02686,2
P02689,26
P02692,1
P02693,7
P02696,1
P02698,5
P02699,6
P02701,25
P02703,1
P02708,1
P02722,1
P02724,1
P02730,1
P02741,2
P02743,9
P02745,8
P02746,8
P02747,8
P02749,2
P02750,1
P02751,29
P02752,1
P02753,18
P02754,79
P02756,4
P02758,1
P02760,9
P02761,1
P02762,6
P02763,1
P02766,372
P02767,4
P02768,76
P02769,1
P02771,1
P02774,5
P02775,3
P02776,5
P02777,1
P02778,2
P02779,2
P02784,1
P02786,6
P02787,21
P02788,19
P02789,8
P02791,99
P02792,11
P02794,57
P02818,1
P02820,1
P02829,38
P02833,2
P02836,9
P02853,1
P02866,55
P02867,6
P02870,3
P02872,15
P02873,1
P02876,2
P02877,3
P02879,67
P02881,33
P02882,37
P02883,178
P02884,2
P02886,4
P02893,25
P02906,1
P02910,1
P02911,23
P02915,1
P02916,5
P02919,5
P02924,9
P02925,7
P02929,6
P02930,1
P02931,16
P02941,5
P02942,2
P02943,1
P02945,139
P02958,1
P02966,1
P02968,2
P02970,1
P02973,9
P02974,1
P02975,1
P02976,15
P02978,1
P02984,3
P02994,5
P03000,2
P03001,1
P03004,1
P03007,6
P03012,2
P03013,5
P03018,3
P03023,3
P03034,7
P03036,2
P03040,6
P03042,1
P03047,1
P03050,5
P03051,17
P03052,4
P03069,120
P03070,9
P03072,5
P03079,2
P03087,2
P03088,5
P03089,13
P03101,2
P03116,1
P03120,5
P03122,4
P03126,7
P03129,2
P03132,3
P03134,7
P03147,5
P03169,1
P03172,1
P03180,1
P03182,2
P03195,5
P03200,2
P03204,4
P03205,1
P03206,13
P03211,21
P03228,1
P03230,1
P03234,1
P03252,5
P03255,3
P03265,2
P03274,4
P03275,4
P03277,1
P03300,25
P03302,1
P03303,3
P03305,4
P03306,4
P03311,8
P03313,16
P03314,11
P03315,1
P03316,2
P03322,10
P03332,1
P03336,2
P03347,1
P03349,10
P03354,2
P03355,35
P03363,3
P03365,2
P03366,191
P03367,157
P03369,118
P03372,306
P03375,6
P03377,6
P03385,1
P03390,1
P03406,1
P03407,9
P03409,4
P03416,1
P03418,5
P03420,13
P03421,1
P03422,1
P03423,5
P03428,7
P03431,3
P03433,8
P03435,1
P03436,1
P03437,11
P03441,1
P03452,11
P03456,1
P03466,6
P03467,1
P03468,2
P03472,49
P03474,7
P03485,10
P03495,7
P03496,7
P03502,6
P03518,6
P03524,1
P03527,1
P03528,5
P03536,2
P03541,1
P03587,3
P03599,1
P03606,3
P03612,5
P03615,1
P03630,2
P03646,2
P03661,3
P03663,2
P03680,5
P03682,1
P03685,2
P03692,4
P03695,1
P03696,1
P03697,5
P03698,5
P03699,2
P03700,2
P03702,1
P03706,1
P03707,1
P03712,3
P03744,1
P03748,2
P03772,1
P03775,1
P03819,3
P03856,2
P03880,1
P03882,5
P03888,5
P03889,1
P03942,1
P03950,45
P03951,74
P03952,14
P03953,1
P03956,8
P03958,11
P03962,7
P03973,2
P04002,2
P04003,2
P04004,4
P04010,3
P04015,2
P04021,1
P04035,21
P04036,4
P04038,56
P04040,5
P04042,2
P04043,1
P04045,1
P04049,27
P04050,4
P04053,1
P04054,2
P04056,1
P04058,86
P04062,47
P04063,1
P04067,9
P04070,4
P04072,4
P04075,6
P04079,1
P04080,3
P04083,2
P04084,4
P04085,1
P04090,1
P04117,20
P04119,1
P04122,7
P04127,1
P04128,5
P04133,2
P04141,4
P04150,44
P04155,1
P04156,22
P04157,1
P04164,4
P04166,7
P04168,1
P04170,3
P04171,1
P04176,2
P04177,2
P04179,36
P04180,1
P04181,17
P04183,4
P04189,4
P04190,40
P04191,19
P04198,1
P04213,11
P04214,2
P04223,1
P04224,5
P04228,6
P04230,2
P04233,9
P04234,1
P04252,7
P04253,3
P04255,2
P04257,1
P04264,2
P04268,5
P04271,8
P04272,1
P04273,1
P04275,21
P04278,13
P04295,2
P04303,9
P04305,1
P04326,1
P04331,1
P04332,1
P04347,2
P04351,1
P04355,1
P04361,1
P04370,1
P04377,14
P04382,1
P04385,1
P04386,1
P04387,2
P04390,29
P04391,1
P04392,2
P04395,9
P04397,1
P04401,1
P04406,10
P04414,1
P04415,2
P04418,5
P04419,1
P04425,3
P04437,1
P04439,275
P04440,1
P04450,1
P04482,2
P04483,9
P04488,1
P04489,1
P04501,3
P04506,4
P04509,1
P04512,3
P04517,2
P04519,4
P04525,2
P04529,1
P04531,2
P04536,1
P04537,1
P04545,3
P04547,20
P04552,9
P04570,1
P04571,1
P04574,7
P04578,73
P04580,6
P04582,2
P04583,1
P04584,17
P04585,122
P04587,57
P04588,2
P04590,2
P04591,7
P04601,9
P04602,1
P04603,1
P04608,2
P04616,2
P04618,2
P04626,16
P04629,38
P04632,8
P04637,213
P04642,13
P04664,1
P04666,1
P04692,1
P04693,1
P04695,6
P04716,3
P04717,2
P04718,3
P04746,49
P04756,1
P04786,1
P04789,44
P04792,3
P04802,1
P04807,3
P04816,5
P04818,39
P04824,2
P04825,38
P04830,4
P04839,1
P04849,2
P04850,3
P04857,4
P04859,1
P04862,2
P04871,2
P04873,1
P04880,1
P04893,1
P04896,4
P04903,2
P04905,15
P04908,31
P04910,1
P04911,3
P04918,3
P04925,9
P04936,9
P04951,1
P04957,1
P04958,13
P04960,1
P04963,14
P04964,6
P04968,3
P04972,1
P04977,1
P04978,1
P04979,1
P04981,1
P04995,7
P05019,8
P05020,14
P05031,1
P05041,6
P05042,13
P05044,1
P05046,2
P05050,36
P05057,11
P05062,1
P05067,86
P05068,1
P05088,3
P05089,51
P05090,2
P05091,23
P05093,6
P05095,1
P05096,1
P05102,16
P05106,15
P05107,10
P05108,4
P05109,10
P05112,12
P05113,1
P05119,2
P05120,4
P05121,18
P05122,1
P05129,1
P05132,58
P05133,1
P05154,4
P05155,2
P05161,9
P05162,2
P05164,22
P05165,1
P05177,1
P05181,2
P05187,8
P05193,1
P05198,1
P05202,3
P05205,7
P05221,5
P05230,73
P05231,6
P05305,3
P05310,1
P05326,71
P05327,7
P05361,2
P05362,1
P05364,10
P05373,11
P05387,3
P05411,1
P05412,5
P05413,40
P05414,8
P05431,1
P05434,1
P05449,2
P05451,2
P05452,2
P05453,3
P05455,5
P05458,1
P05460,1
P05466,1
P05480,2
P05514,3
P05519,2
P05521,1
P05523,1
P05532,1
P05543,8
P05546,2
P05555,1
P05556,7
P05618,11
P05619,1
P05622,2
P05630,5
P05631,9
P05632,5
P05648,1
P05649,2
P05654,2
P05655,7
P05656,3
P05661,1
P05674,2
P05695,1
P05696,4
P05710,1
P05725,22
P05759,3
P05766,1
P05769,6
P05777,5
P05787,3
P05793,1
P05798,27
P05803,2
P05804,8
P05805,2
P05806,1
P05819,1
P05820,5
P05825,1
P05834,3
P05844,1
P05845,1
P05846,1
P05852,4
P05877,18
P05878,1
P05880,4
P05889,1
P05893,1
P05896,5
P05897,2
P05937,1
P05959,1
P05979,3
P05981,5
P05982,1
P05994,1
P06008,17
P06009,17
P06010,17
P06026,8
P06103,4
P06104,1
P06106,1
P06107,2
P06126,8
P06127,2
P06129,6
P06132,17
P06134,2
P06140,2
P06148,1
P06149,1
P06150,2
P06169,6
P06179,1
P06180,1
P06181,5
P06202,32
P06204,1
P06213,16
P06229,6
P06239,43
P06241,33
P06243,1
P06276,60
P06278,4
P06279,2
P06280,21
P06312,9
P06339,1
P06343,1
P06344,4
P06352,1
P06396,37
P06400,14
P06401,18
P06436,4
P06437,4
P06463,9
P06465,1
P06473,1
P06492,1
P06493,6
P06494,1
P06525,2
P06533,3
P06534,1
P06536,17
P06537,3
P06539,2
P06560,2
P06564,1
P06575,3
P06601,2
P06602,1
P06603,3
P06608,14
P06612,13
P06614,3
P06616,1
P06617,1
P06621,1
P06624,2
P06626,1
P06628,4
P06632,3
P06634,1
P06653,4
P06654,16
P06672,7
P06681,2
P06683,1
P06684,4
P06700,1
P06701,4
P06702,8
P06703,5
P06704,1
P06709,3
P06710,2
P06715,4
P06716,1
P06717,7
P06721,6
P06722,2
P06725,5
P06727,1
P06729,2
P06730,38
P06731,1
P06732,1
P06733,7
P06734,13
P06737,14
P06742,1
P06744,6
P06745,12
P06746,279
P06747,1
P06748,2
P06753,1
P06756,5
P06762,23
P06766,13
P06768,2
P06779,1
P06782,5
P06786,4
P06787,1
P06788,1
P06789,2
P06790,4
P06802,2
P06804,1
P06807,1
P06808,3
P06820,11
P06821,1
P06828,11
P06850,1
P06855,4
P06857,1
P06858,1
P06869,2
P06870,2
P06873,193
P06875,23
P06876,6
P06886,9
P06897,21
P06899,27
P06907,1
P06909,1
P06911,2
P06931,1
P06935,5
P06948,1
P06956,12
P06959,2
P06968,11
P06971,3
P06974,3
P06983,5
P06986,6
P06988,4
P06992,2
P06993,1
P06996,1
P06999,6
P07001,3
P07003,1
P07012,1
P07013,5
P07014,2
P07017,4
P07024,9
P07026,1
P07030,2
P07059,1
P07061,16
P07062,19
P07071,3
P07093,1
P07097,24
P07102,7
P07103,1
P07107,2
P07108,2
P07111,3
P07119,1
P07122,1
P07125,1
P07128,2
P07129,3
P07132,1
P07140,1
P07141,1
P07143,6
P07147,2
P07148,27
P07151,3
P07164,1
P07166,1
P07170,4
P07173,17
P07174,3
P07195,4
P07199,3
P07203,1
P07204,3
P07207,2
P07221,5
P07222,2
P07229,1
P07231,1
P07236,3
P07237,4
P07239,2
P07240,1
P07250,2
P07251,1
P07254,18
P07256,6
P07257,6
P07260,3
P07265,1
P07267,5
P07268,1
P07271,1
P07273,1
P07274,2
P07275,2
P07276,2
P07278,1
P07285,5
P07287,1
P07288,1
P07291,4
P07293,1
P07306,8
P07307,1
P07309,1
P07311,5
P07313,1
P07316,2
P07320,11
P07327,2
P07328,40
P07329,40
P07332,7
P07333,11
P07338,1
P07339,7
P07342,8
P07347,3
P07349,1
P07353,1
P07355,27
P07357,3
P07359,11
P07360,7
P07363,3
P07371,1
P07374,4
P07378,2
P07379,58
P07384,2
P07385,2
P07386,2
P07395,2
P07399,16
P07405,3
P07412,3
P07435,9
P07437,2
P07445,61
P07451,4
P07463,7
P07464,1
P07465,1
P07470,56
P07471,56
P07477,6
P07505,1
P07511,2
P07515,2
P07518,1
P07528,5
P07547,3
P07550,4
P07552,3
P07560,3
P07564,2
P07570,17
P07572,5
P07575,1
P07583,1
P07584,9
P07591,2
P07596,3
P07597,2
P07598,11
P07602,15
P07603,11
P07604,1
P07607,10
P07612,1
P07617,17
P07620,1
P07623,2
P07636,1
P07645,1
P07649,1
P07650,3
P07658,2
P07662,8
P07669,2
P07674,4
P07678,1
P07686,5
P07688,11
P07689,2
P07695,1
P07700,5
P07711,45
P07720,1
P07737,13
P07738,11
P07739,5
P07740,3
P07741,16
P07749,1
P07751,33
P07752,1
P07762,2
P07764,1
P07766,4
P07771,1
P07773,4
P07774,3
P07788,22
P07797,5
P07798,36
P07800,6
P07801,2
P07803,1
P07805,3
P07813,12
P07814,17
P07822,3
P07824,14
P07830,13
P07834,1
P07839,4
P07845,3
P07846,1
P07850,8
P07851,1
P07858,9
P07862,6
P07872,2
P07896,9
P07900,390
P07901,6
P07902,2
P07910,1
P07941,2
P07942,1
P07947,1
P07948,2
P07949,20
P07953,4
P07954,7
P07955,1
P07962,1
P07964,1
P07975,1
P07982,1
P07986,15
P07987,12
P07992,1
P07996,10
P07998,9
P08008,1
P08010,1
P08017,3
P08018,1
P08037,20
P08038,1
P08046,16
P08049,1
P08050,1
P08053,1
P08056,1
P08059,1
P08062,1
P08063,1
P08067,6
P08069,19
P08074,1
P08079,1
P08118,1
P08120,1
P08123,5
P08134,3
P08144,2
P08148,1
P08149,15
P08151,1
P08159,1
P08160,1
P08164,7
P08165,6
P08166,2
P08168,4
P08169,3
P08170,21
P08171,1
P08172,2
P08174,6
P08176,3
P08178,1
P08179,7
P08185,4
P08189,6
P08190,8
P08191,50
P08192,2
P08195,2
P08197,2
P08200,28
P08202,1
P08203,2
P08209,1
P08226,1
P08228,3
P08235,28
P08236,1
P08238,7
P08240,1
P08243,1
P08244,2
P08246,25
P08253,2
P08254,29
P08263,33
P08294,1
P08306,2
P08308,1
P08310,3
P08311,8
P08312,2
P08319,1
P08325,1
P08337,3
P08358,1
P08373,3
P08392,2
P08397,8
P08407,2
P08411,1
P08413,1
P08419,1
P08427,15
P08463,2
P08473,11
P08475,1
P08476,9
P08487,4
P08492,2
P08506,3
P08514,9
P08515,21
P08518,1
P08519,14
P08525,6
P08536,4
P08538,1
P08545,1
P08546,1
P08558,1
P08559,5
P08560,1
P08563,5
P08567,3
P08572,3
P08575,1
P08579,1
P08581,88
P08586,1
P08588,1
P08592,2
P08594,1
P08603,19
P08617,5
P08620,1
P08621,1
P08631,20
P08637,8
P08640,3
P08648,4
P08650,2
P08659,14
P08660,1
P08661,13
P08668,7
P08670,20
P08677,1
P08684,38
P08690,3
P08692,11
P08699,1
P08700,1
P08707,1
P08709,93
P08716,6
P08753,2
P08754,1
P08758,10
P08760,1
P08773,6
P08799,37
P08810,1
P08819,5
P08833,2
P08836,4
P08839,2
P08854,5
P08865,1
P08870,2
P08877,3
P08878,1
P08879,3
P08882,2
P08887,1
P08895,1
P08897,2
P08898,5
P08902,6
P08921,4
P08922,3
P08937,1
P08943,1
P08953,3
P08954,5
P08965,4
P08980,1
P08987,1
P08997,3
P09012,27
P09029,4
P09030,1
P09038,16
P09041,1
P09052,5
P09055,2
P09056,1
P09060,1
P09061,1
P09063,1
P09087,2
P09095,3
P09099,1
P09104,14
P09132,1
P09141,1
P09142,2
P09143,2
P09147,18
P09148,4
P09152,11
P09155,1
P09167,5
P09177,1
P09184,2
P09186,8
P09201,1
P09210,4
P09211,63
P09215,8
P09216,1
P09217,1
P09223,2
P09234,1
P09237,6
P09238,3
P09259,1
P09322,1
P09327,1
P09331,6
P09332,1
P09353,1
P09373,4
P09378,2
P09382,36
P09384,1
P09385,3
P09386,2
P09391,40
P09394,2
P09403,1
P09411,1
P09417,1
P09425,1
P09436,1
P09455,14
P09464,5
P09465,1
P09466,1
P09467,32
P09486,1
P09488,4
P09493,2
P09525,4
P09527,4
P09528,1
P09543,1
P09545,1
P09546,19
P09571,1
P09581,1
P09588,2
P09598,7
P09601,22
P09603,3
P09616,7
P09619,4
P09620,1
P09622,14
P09624,2
P09631,1
P09651,58
P09661,1
P09668,2
P09681,1
P09693,2
P09713,1
P09738,1
P09769,1
P09772,4
P09787,2
P09788,3
P09792,1
P09793,4
P09803,9
P09814,1
P09838,21
P09850,23
P09856,3
P09860,1
P09866,2
P09871,6
P09872,2
P09874,48
P09879,1
P09883,19
P09884,1
P09889,5
P09890,2
P09914,5
P09917,3
P09919,3
P09936,6
P09938,1
P09943,1
P09944,1
P09945,112
P09950,1
P09951,2
P09954,1
P09955,39
P09958,35
P09959,3
P09960,67
P09963,2
P09979,1
P09986,2
P09988,3
P09989,11
P09991,3
P09992,1
P0A004,1
P0A006,9
P0A009,1
P0A015,3
P0A017,44
P0A029,5
P0A031,7
P0A042,1
P0A071,1
P0A074,1
P0A077,3
P0A078,3
P0A0A5,1
P0A0B0,3
P0A0B1,1
P0A0B9,2
P0A0C1,16
P0A0H5,2
P0A0H9,1
P0A0I7,2
P0A0J0,2
P0A0J3,2
P0A0K0,5
P0A0K6,4
P0A0K8,21
P0A0L2,3
P0A0L3,1
P0A0L5,16
P0A0L8,1
P0A0M0,5
P0A0N2,6
P0A0N3,2
P0A0V1,1
P0A0V3,1
P0A0Z8,5
P0A108,5
P0A110,10
P0A111,17
P0A112,10
P0A113,17
P0A114,10
P0A115,8
P0A182,2
P0A185,1
P0A1B9,1
P0A1C1,9
P0A1C7,5
P0A1D1,1
P0A1E3,4
P0A1F0,2
P0A1F6,20
P0A1I3,2
P0A1I9,1
P0A1J1,1
P0A1J3,1
P0A1J5,1
P0A1J7,1
P0A1K1,1
P0A1K9,1
P0A1M8,1
P0A1N0,1
P0A1N2,1
P0A1P6,1
P0A1R0,2
P0A1V8,1
P0A1X2,2
P0A221,1
P0A223,1
P0A247,2
P0A251,10
P0A2C9,1
P0A2D5,9
P0A2E1,1
P0A2H7,1
P0A2H9,1
P0A2I4,1
P0A2K1,122
P0A2L3,1
P0A2M9,6
P0A2N1,2
P0A2N2,2
P0A2U4,17
P0A2W6,3
P0A2W8,1
P0A2X7,2
P0A2Y6,1
P0A333,4
P0A334,34
P0A366,1
P0A377,1
P0A379,1
P0A382,5
P0A386,27
P0A387,21
P0A3B2,1
P0A3C7,8
P0A3C8,3
P0A3C9,2
P0A3D9,2
P0A3E0,11
P0A3F3,2
P0A3F4,7
P0A3G2,18
P0A3G3,22
P0A3G4,1
P0A3H0,1
P0A3M6,2
P0A3Q9,1
P0A3R5,1
P0A3R9,5
P0A3S3,1
P0A3V0,2
P0A3V4,1
P0A3X7,3
P0A3X9,2
P0A3Y5,6
P0A3Y7,1
P0A401,1
P0A403,1
P0A405,1
P0A407,1
P0A415,1
P0A420,1
P0A423,1
P0A425,1
P0A427,1
P0A429,1
P0A431,26
P0A432,3
P0A433,2
P0A434,55
P0A444,27
P0A459,1
P0A460,1
P0A4F8,2
P0A4G1,4
P0A4G2,7
P0A4G4,3
P0A4L7,1
P0A4T3,1
P0A4T4,1
P0A4U6,2
P0A4U8,2
P0A4X7,3
P0A515,1
P0A5I7,3
P0A609,2
P0A6A8,25
P0A6B4,4
P0A6B7,1
P0A6B9,3
P0A6C1,7
P0A6C8,7
P0A6D0,1
P0A6D3,17
P0A6D5,3
P0A6D7,1
P0A6E4,4
P0A6E6,2
P0A6F1,10
P0A6F3,2
P0A6F5,12
P0A6G5,2
P0A6G7,5
P0A6H1,4
P0A6I0,7
P0A6I3,2
P0A6I6,24
P0A6I9,6
P0A6K1,7
P0A6K3,21
P0A6L0,14
P0A6L2,29
P0A6L4,22
P0A6L9,1
P0A6M4,1
P0A6N3,1
P0A6N4,1
P0A6N8,1
P0A6P1,3
P0A6P3,1
P0A6P7,1
P0A6P9,7
P0A6Q3,3
P0A6Q6,1
P0A6R0,15
P0A6R3,10
P0A6S5,1
P0A6T1,1
P0A6T5,1
P0A6T9,5
P0A6U3,1
P0A6U5,1
P0A6U8,5
P0A6V5,2
P0A6V9,2
P0A6W5,1
P0A6W9,3
P0A6X3,14
P0A6X7,6
P0A6Y1,5
P0A6Y5,1
P0A6Y8,42
P0A6Z1,1
P0A6Z3,2
P0A6Z6,6
P0A715,4
P0A717,1
P0A720,3
P0A722,11
P0A725,2
P0A729,1
P0A731,5
P0A738,3
P0A742,1
P0A744,2
P0A746,1
P0A749,6
P0A752,2
P0A754,3
P0A759,11
P0A763,1
P0A772,3
P0A776,14
P0A780,2
P0A784,2
P0A786,33
P0A790,19
P0A794,7
P0A796,2
P0A799,1
P0A7A5,1
P0A7A9,18
P0A7B1,1
P0A7B5,1
P0A7C2,6
P0A7D1,2
P0A7D4,17
P0A7D7,2
P0A7E1,1
P0A7E3,4
P0A7E5,1
P0A7E9,2
P0A7F3,29
P0A7G6,5
P0A7H3,1
P0A7I7,1
P0A7J0,2
P0A7J3,1
P0A7J7,1
P0A7K2,1
P0A7K6,1
P0A7L3,1
P0A7L8,1
P0A7M2,1
P0A7M6,1
P0A7N4,1
P0A7N9,1
P0A7P5,1
P0A7Q1,1
P0A7Q6,1
P0A7R1,1
P0A7R5,4
P0A7R9,2
P0A7S3,1
P0A7S9,1
P0A7T3,1
P0A7T7,1
P0A7U3,1
P0A7U7,1
P0A7V0,8
P0A7V3,2
P0A7V8,1
P0A7W1,1
P0A7W7,1
P0A7X3,1
P0A7Y0,1
P0A7Y4,40
P0A7Z0,3
P0A7Z4,2
P0A805,2
P0A809,3
P0A814,1
P0A817,3
P0A823,1
P0A825,1
P0A836,5
P0A850,2
P0A853,3
P0A855,5
P0A862,5
P0A870,13
P0A873,1
P0A877,3
P0A881,24
P0A884,59
P0A886,1
P0A892,2
P0A894,1
P0A8A0,1
P0A8B5,1
P0A8D6,2
P0A8G6,9
P0A8I1,2
P0A8I3,1
P0A8I5,3
P0A8I8,7
P0A8J2,1
P0A8K1,2
P0A8K7,1
P0A8L1,3
P0A8M3,16
P0A8N5,4
P0A8N7,2
P0A8P1,5
P0A8P6,1
P0A8P8,1
P0A8Q6,11
P0A8R0,1
P0A8S9,1
P0A8T7,2
P0A8U0,1
P0A8U6,8
P0A8V2,2
P0A8V6,3
P0A8W0,1
P0A8X2,1
P0A8Y3,3
P0A8Y5,1
P0A8Y8,3
P0A8Z3,4
P0A901,9
P0A903,3
P0A910,4
P0A912,3
P0A917,2
P0A921,3
P0A935,5
P0A937,1
P0A940,12
P0A944,1
P0A951,1
P0A953,25
P0A955,5
P0A959,1
P0A962,5
P0A988,48
P0A993,5
P0A998,3
P0A9A6,6
P0A9A9,1
P0A9B2,16
P0A9B6,2
P0A9C9,5
P0A9D2,2
P0A9D4,1
P0A9E0,3
P0A9F1,1
P0A9F9,1
P0A9G4,4
P0A9G6,1
P0A9G8,4
P0A9H1,2
P0A9H3,1
P0A9H7,1
P0A9J4,4
P0A9J6,5
P0A9J8,2
P0A9K9,1
P0A9M0,4
P0A9M2,2
P0A9M5,5
P0A9N4,1
P0A9P0,1
P0A9P4,4
P0A9P6,2
P0A9Q1,2
P0A9Q7,2
P0A9Q9,3
P0A9R4,1
P0A9S1,11
P0A9S3,4
P0A9S5,1
P0A9T0,3
P0A9T4,1
P0A9T6,1
P0A9V1,6
P0A9V8,3
P0A9W3,1
P0A9W9,2
P0A9X9,2
P0A9Y6,1
P0A9Z1,2
P0AA04,7
P0AA10,1
P0AA16,3
P0AA25,48
P0AA27,1
P0AA37,1
P0AA39,2
P0AA43,2
P0AA86,5
P0AA89,7
P0AAA7,1
P0AAC8,2
P0AAI3,1
P0AAI5,10
P0AAI9,5
P0AAJ3,1
P0AAM1,1
P0AAQ9,1
P0AAR3,1
P0AAV8,1
P0AB10,1
P0AB26,1
P0AB60,1
P0AB64,1
P0AB71,12
P0AB74,1
P0AB77,1
P0AB80,6
P0AB83,1
P0AB85,4
P0AB87,14
P0AB89,3
P0AB91,4
P0ABA0,1
P0ABA6,1
P0ABB8,1
P0ABD3,16
P0ABD4,1
P0ABD8,2
P0ABE5,1
P0ABE7,125
P0ABF4,2
P0ABF6,4
P0ABH7,8
P0ABH9,9
P0ABJ1,2
P0ABK9,6
P0ABL1,2
P0ABN1,5
P0ABP8,20
P0ABP9,10
P0ABQ0,3
P0ABQ4,142
P0ABQ5,1
P0ABS1,1
P0ABS5,6
P0ABT2,7
P0ABU0,5
P0ABU5,1
P0ABV2,3
P0ABV6,1
P0ABW7,1
P0ABZ6,2
P0AC02,1
P0AC13,14
P0AC16,1
P0AC25,1
P0AC30,1
P0AC41,3
P0AC44,2
P0AC51,2
P0AC55,4
P0AC59,5
P0AC65,1
P0AC69,1
P0AC81,5
P0AC84,2
P0AC88,1
P0AC92,2
P0ACA1,1
P0ACB0,1
P0ACB2,5
P0ACC7,7
P0ACD8,25
P0ACE0,12
P0ACE1,1
P0ACE7,2
P0ACF0,2
P0ACF4,2
P0ACG8,1
P0ACH5,1
P0ACI6,1
P0ACJ8,21
P0ACK5,1
P0ACL9,1
P0ACN4,1
P0ACP1,1
P0ACP7,4
P0ACQ4,1
P0ACR4,1
P0ACS5,3
P0ACS9,1
P0ACT4,47
P0ACT6,1
P0ACU2,4
P0ACU3,1
P0ACX3,1
P0ACX9,1
P0ACY1,2
P0ACZ4,1
P0AD27,2
P0AD49,7
P0AD57,1
P0AD59,2
P0AD61,2
P0AD62,1
P0AD64,44
P0AD65,3
P0AD68,5
P0AD96,6
P0ADA1,10
P0ADC1,2
P0ADC3,3
P0ADE4,2
P0ADE6,1
P0ADE8,1
P0ADF8,4
P0ADG4,3
P0ADG7,4
P0ADI4,2
P0ADI7,1
P0ADJ3,5
P0ADK6,1
P0ADP7,3
P0ADR6,2
P0ADR8,1
P0ADS2,1
P0ADU2,2
P0ADU5,1
P0ADV1,1
P0ADV7,2
P0ADV9,1
P0ADX5,2
P0ADX9,1
P0ADY3,1
P0ADY7,1
P0ADZ0,1
P0ADZ4,1
P0AE01,2
P0AE05,2
P0AE18,39
P0AE22,11
P0AE67,52
P0AE68,3
P0AE70,8
P0AE72,4
P0AE78,1
P0AE82,2
P0AE85,1
P0AE88,2
P0AEB2,12
P0AEC3,2
P0AEC6,1
P0AEC8,1
P0AED8,1
P0AEE3,16
P0AEE5,9
P0AEE8,10
P0AEG4,187
P0AEG6,4
P0AEH1,5
P0AEJ2,2
P0AEJ3,2
P0AEJ4,7
P0AEJ6,8
P0AEJ9,1
P0AEK0,2
P0AEK2,2
P0AEK4,17
P0AEK7,1
P0AEL6,1
P0AEM0,2
P0AEN1,1
P0AEN8,1
P0AEP3,1
P0AEQ3,2
P0AER0,2
P0AES0,6
P0AES2,8
P0AES5,1
P0AES6,46
P0AES7,4
P0AES9,2
P0AET2,1
P0AET8,3
P0AEU0,1
P0AEU7,2
P0AEV1,6
P0AEV9,1
P0AEW6,1
P0AEX9,245
P0AEY0,9
P0AEY3,1
P0AEY5,1
P0AEY7,1
P0AEY8,7
P0AEZ1,9
P0AEZ3,1
P0AEZ9,2
P0AF03,2
P0AF12,10
P0AF14,1
P0AF18,3
P0AF24,1
P0AF26,1
P0AF28,5
P0AF93,1
P0AFA2,2
P0AFB1,2
P0AFB5,1
P0AFC0,4
P0AFF6,3
P0AFG6,1
P0AFG8,8
P0AFG9,3
P0AFI0,3
P0AFI2,2
P0AFI7,8
P0AFJ5,7
P0AFK0,6
P0AFK9,2
P0AFL3,3
P0AFL6,1
P0AFL8,1
P0AFM2,2
P0AFM6,1
P0AFP6,2
P0AFQ6,1
P0AFQ7,1
P0AFR2,1
P0AFR4,2
P0AFU8,1
P0AFW0,2
P0AFW4,1
P0AFX4,1
P0AFX7,3
P0AFX9,3
P0AFY8,2
P0AFZ3,2
P0AG01,1
P0AG11,1
P0AG16,5
P0AG18,6
P0AG30,3
P0AG44,1
P0AG48,1
P0AG51,1
P0AG55,1
P0AG59,1
P0AG63,1
P0AG74,2
P0AG80,2
P0AG82,13
P0AG86,1
P0AGB6,2
P0AGC3,2
P0AGD1,1
P0AGD3,6
P0AGD7,15
P0AGE0,9
P0AGE6,1
P0AGE9,5
P0AGF2,4
P0AGG2,1
P0AGG8,6
P0AGJ2,1
P0AGJ7,2
P0AGJ9,10
P0AGK4,1
P0AGK8,2
P0AGL2,4
P0AGL7,1
P0AGM8,1
P0C018,1
P0C024,38
P0C037,2
P0C061,1
P0C062,2
P0C066,3
P0C077,2
P0C093,1
P0C0B0,2
P0C0B3,1
P0C0F4,2
P0C0F6,1
P0C0G6,1
P0C0H6,1
P0C0I6,2
P0C0J0,4
P0C0J8,1
P0C0K9,1
P0C0L2,2
P0C0L4,1
P0C0L9,1
P0C0Q2,6
P0C0R7,2
P0C0S5,7
P0C0S8,1
P0C0T5,2
P0C0U4,1
P0C0V9,2
P0C0X8,4
P0C0Y5,3
P0C0Y7,41
P0C0Y8,42
P0C0Y9,42
P0C178,1
P0C188,2
P0C189,2
P0C1A2,3
P0C1A7,1
P0C1A8,1
P0C1A9,7
P0C1B3,10
P0C1C6,4
P0C1C7,3
P0C1D0,1
P0C1D6,1
P0C1H3,1
P0C1H5,3
P0C1Q0,1
P0C1R7,1
P0C1S6,3
P0C1U8,1
P0C1V0,2
P0C1X2,4
P0C1Y9,1
P0C1Z0,2
P0C213,1
P0C216,2
P0C278,13
P0C2B2,5
P0C2E9,1
P0C2J8,1
P0C2M5,1
P0C2N2,1
P0C2N4,1
P0C2P0,6
P0C2S1,1
P0C2S3,3
P0C2S4,3
P0C2S5,2
P0C2V9,3
P0C2W0,3
P0C2X0,1
P0C510,2
P0C512,3
P0C559,2
P0C569,1
P0C581,2
P0C5D2,1
P0C5Y7,2
P0C631,1
P0C6B4,1
P0C6B5,1
P0C6C9,1
P0C6D3,2
P0C6E9,6
P0C6F2,11
P0C6G6,1
P0C6H2,3
P0C6K4,1
P0C6L6,1
P0C6Q5,2
P0C6Q6,1
P0C6T4,2
P0C6U2,3
P0C6U3,1
P0C6U6,7
P0C6U7,1
P0C6U8,44
P0C6V2,4
P0C6V5,4
P0C6V6,1
P0C6W3,7
P0C6X1,4
P0C6X5,3
P0C6X6,1
P0C6X7,83
P0C6X9,3
P0C6Y1,4
P0C6Y3,2
P0C6Y5,3
P0C6Y8,4
P0C6Z1,2
P0C794,2
P0C796,2
P0C7B7,1
P0C7P0,1
P0C7U7,2
P0C805,2
P0C807,2
P0C870,1
P0C890,2
P0C8E7,2
P0C8E8,1
P0C8E9,3
P0C8N8,1
P0C8P8,2
P0C908,1
P0C918,8
P0C956,2
P0C960,9
P0C9B9,2
P0C9C2,1
P0C9C6,1
P0CAU5,3
P0CAV4,1
P0CAW0,1
P0CAW2,1
P0CB20,2
P0CB39,2
P0CB42,1
P0CB51,2
P0CB53,9
P0CC17,1
P0CD76,1
P0CE12,1
P0CE13,3
P0CE18,1
P0CE47,11
P0CE48,5
P0CE80,2
P0CE82,2
P0CF51,1
P0CF96,1
P0CG04,1
P0CG29,1
P0CG30,1
P0CG47,108
P0CG48,138
P0CG50,6
P0CG53,1
P0CG56,1
P0CG57,1
P0CG63,4
P0CH07,1
P0CH08,1
P0CH28,17
P0CH62,2
P0CI02,1
P0CI27,2
P0CI74,3
P0CI76,4
P0CI79,4
P0CJ17,1
P0CJ44,1
P0CJ48,1
P0CJ63,8
P0CK31,3
P0CK93,1
P0CK94,1
P0CL16,1
P0CL19,3
P0CL22,1
P0CL43,2
P0CL45,2
P0CL52,3
P0CL55,1
P0CL56,1
P0CL61,1
P0CL62,2
P0CL66,37
P0CL67,1
P0CL77,2
P0CO22,1
P0CS12,1
P0CS82,2
P0CS83,4
P0CS93,17
P0CT06,1
P0CT50,2
P0CU33,2
P0CW57,1
P0CW58,3
P0CW72,1
P0CW86,3
P0CW87,1
P0CY08,5
P0CY10,3
P0CY11,2
P0CY27,1
P0CY29,2
P0CY31,1
P0DF97,1
P0DG80,1
P0DJA2,2
P0DJD7,4
P0DJH6,3
P0DJH7,4
P0DJI4,1
P0DJI8,2
P0DJL7,16
P0DJM0,7
P0DJO8,1
P0DJQ3,2
P0DJQ5,2
P0DJQ7,5
P0DJY7,1
P0DJY8,1
P0DJZ2,3
P0DKH5,1
P0DKI3,2
P0DKR6,3
P0DKS7,1
P0DKX7,6
P0DL39,1
P0DM37,16
P0DM41,1
P0DM59,3
P0DM80,3
P0DMC7,1
P0DMH7,1
P0DMI1,1
P0DML2,1
P0DMM5,2
P0DMM9,1
P0DMP6,1
P0DMR4,1
P0DMV3,1
P0DMV8,66
P0DMV9,2
P0DN70,1
P0DOE3,2
P0DOE7,4
P0DOF5,5
P0DOK1,1
P0DOL4,2
P0DOV2,3
P0DOV5,3
P0DOX5,35
P0DOX7,5
P0DOY2,10
P0DOY3,2
P0DOY6,14
P0DOY7,14
P0DOY8,13
P0DOY9,14
P0DP23,91
P0DP24,3
P0DP25,1
P0DP26,4
P0DP29,31
P0DP30,1
P0DP33,2
P0DP92,5
P0DPA6,1
P0DPA8,1
P0DPA9,18
P0DPB9,2
P0DPD7,1
P0DPI0,9
P0DPI1,45
P0DPK1,3
P0DPQ7,20
P0DPR0,5
P0DPR1,1
P0DQD2,13
P0DQD3,3
P0DQR7,1
P0DQT6,1
P0DRC4,2
P0DSI1,1
P0DSM8,1
P0DSN4,1
P0DSP2,1
P0DSP4,5
P0DTC1,54
P0DTC2,162
P0DTC3,2
P0DTC4,2
P0DTC7,1
P0DTC8,3
P0DTC9,52
P0DTD1,2214
P0DTD2,3
P0DTF0,1
P0DTF3,1
P0DTF5,2
P0DTF6,4
P0DTF7,3
P0DTF8,1
P0DTH5,29
P0DTR5,3
P0DTU3,2
P0DTU4,4
P0DUB6,12
P0DUB8,1
P0DUB9,2
P0DUD6,2
P0DUD7,1
P0DUE1,1
P0DUE2,1
P0DUU5,2
P0DUV9,4
P0DV24,1
P0DV33,2
P0DV40,1
P0DV44,1
P0DV57,2
P0DV83,1
P0DW58,5
P0DX96,2
P0DXA4,1
P0DXF1,1
P0DXF8,2
P0DXX9,1
P0DXY0,1
P10026,3
P10031,1
P10037,1
P10040,1
P10041,1
P10056,2
P10074,1
P10081,4
P10082,1
P10096,2
P10104,12
P10109,4
P10114,2
P10121,17
P10144,1
P10145,7
P10147,2
P10151,3
P10152,1
P10153,14
P10175,56
P10182,4
P10186,7
P10191,1
P10205,1
P10209,1
P10233,1
P10238,2
P10244,1
P10245,3
P10246,1
P10253,9
P10258,2
P10274,3
P10275,70
P10276,9
P10279,1
P10282,2
P10293,2
P10295,1
P10297,5
P10300,1
P10301,1
P10321,6
P10340,10
P10342,1
P10349,2
P10358,3
P10363,2
P10372,17
P10378,2
P10384,3
P10398,4
P10408,5
P10412,3
P10415,29
P10441,3
P10443,3
P10451,1
P10475,4
P10477,3
P10478,3
P10486,2
P10493,3
P10499,1
P10507,1
P10515,3
P10537,3
P10538,19
P10547,5
P10565,3
P10584,9
P10586,6
P10591,2
P10599,20
P10600,4
P10613,1
P10614,3
P10618,1
P10619,10
P10632,1
P10635,7
P10636,42
P10637,1
P10644,3
P10646,4
P10648,1
P10686,6
P10688,7
P10720,1
P10721,30
P10724,12
P10733,1
P10746,1
P10747,5
P10761,2
P10768,1
P10774,2
P10775,2
P10793,1
P10796,1
P10802,1
P10807,8
P10810,1
P10820,3
P10822,14
P10824,24
P10826,6
P10827,8
P10828,11
P10844,24
P10852,1
P10868,4
P10880,2
P10889,1
P10902,2
P10903,3
P10912,2
P10927,2
P10928,1
P10929,1
P10930,1
P10932,1
P10933,5
P10943,8
P10955,2
P10958,3
P10968,4
P10969,5
P10970,15
P10971,15
P10972,15
P10987,8
P10997,12
P11006,4
P11014,2
P11021,22
P11024,1
P11041,22
P11045,1
P11047,1
P11053,1
P11064,8
P11065,1
P11073,15
P11075,1
P11086,33
P11116,4
P11124,7
P11140,4
P11141,1
P11142,35
P11155,2
P11157,5
P11166,1
P11169,3
P11171,1
P11172,61
P11177,5
P11181,2
P11182,1
P11193,1
P11196,1
P11204,2
P11206,3
P11207,1
P11208,1
P11209,1
P11212,5
P11215,7
P11216,1
P11217,1
P11218,3
P11224,2
P11225,1
P11226,1
P11229,3
P11233,12
P11234,2
P11236,2
P11245,1
P11258,3
P11261,1
P11274,3
P11275,3
P11277,2
P11284,1
P11308,3
P11309,154
P11310,2
P11311,1
P11342,2
P11347,4
P11348,1
P11349,10
P11350,9
P11353,4
P11362,51
P11373,2
P11375,1
P11376,1
P11383,1
P11387,4
P11388,6
P11392,2
P11393,2
P11405,1
P11407,1
P11411,7
P11413,3
P11436,1
P11438,1
P11439,8
P11441,2
P11444,14
P11447,1
P11454,1
P11456,11
P11470,1
P11473,40
P11474,4
P11484,1
P11488,1
P11509,10
P11532,4
P11540,15
P11542,1
P11544,2
P11546,3
P11558,15
P11560,15
P11562,15
P11586,10
P11588,3
P11589,11
P11590,4
P11597,1
P11609,52
P11610,2
P11652,6
P11653,6
P11655,2
P11657,4
P11672,1
P11678,1
P11686,1
P11690,1
P11708,2
P11709,2
P11712,9
P11716,13
P11717,11
P11731,2
P11732,1
P11741,3
P11746,1
P11759,2
P11762,2
P11766,7
P11797,24
P11798,5
P11799,18
P11802,4
P11818,3
P11827,1
P11835,1
P11836,1
P11838,839
P11859,2
P11875,1
P11880,1
P11881,2
P11884,7
P11889,4
P11899,3
P11904,6
P11906,1
P11914,1
P11916,3
P11922,2
P11926,3
P11938,5
P11940,21
P11941,7
P11954,3
P11961,5
P11970,6
P11974,5
P11978,4
P11986,7
P11987,24
P11998,1
P12003,8
P12004,17
P12018,2
P12023,2
P12033,1
P12039,1
P12049,2
P12063,2
P12065,1
P12070,17
P12071,4
P12081,2
P12104,1
P12111,4
P12238,21
P12239,21
P12240,21
P12241,21
P12255,2
P12256,4
P12257,2
P12259,5
P12263,1
P12270,1
P12271,2
P12272,2
P12277,4
P12281,7
P12282,2
P12287,1
P12293,1
P12295,8
P12296,2
P12301,2
P12302,2
P12306,7
P12309,1
P12310,2
P12312,21
P12313,21
P12314,2
P12318,3
P12319,1
P12335,2
P12337,1
P12367,2
P12368,1
P12369,3
P12376,3
P12393,1
P12429,2
P12439,1
P12464,2
P12473,7
P12478,2
P12482,1
P12487,1
P12489,1
P12490,1
P12493,52
P12495,2
P12497,296
P12499,28
P12504,1
P12506,1
P12520,1
P12528,21
P12529,2
P12530,2
P12544,2
P12581,1
P12601,1
P12637,1
P12643,9
P12645,1
P12653,1
P12669,1
P12670,1
P12675,2
P12676,22
P12689,17
P12694,23
P12724,9
P12732,15
P12733,15
P12734,15
P12735,15
P12736,15
P12737,15
P12743,15
P12755,3
P12757,1
P12758,15
P12799,2
P12807,15
P12814,2
P12815,2
P12821,65
P12823,8
P12830,14
P12838,3
P12851,11
P12863,1
P12883,10
P12888,2
P12904,5
P12908,1
P12916,1
P12928,2
P12931,59
P12940,3
P12943,1
P12944,1
P12945,3
P12946,1
P12955,20
P12956,1
P12962,1
P12977,3
P12978,1
P12993,2
P12994,2
P12995,11
P12998,4
P13000,13
P13001,1
P13006,6
P13009,5
P13010,2
P13020,13
P13021,1
P13022,1
P13029,3
P13035,5
P13036,4
P13045,2
P13051,20
P13053,78
P13063,7
P13065,1
P13080,1
P13081,2
P13100,1
P13114,3
P13123,18
P13127,15
P13129,4
P13134,3
P13166,1
P13175,2
P13183,56
P13188,2
P13199,2
P13201,3
P13214,2
P13224,2
P13236,1
P13240,1
P13249,2
P13254,14
P13255,7
P13271,6
P13272,7
P13280,13
P13285,6
P13297,1
P13298,5
P13299,4
P13304,4
P13319,3
P13332,1
P13340,2
P13342,1
P13376,4
P13377,3
P13382,3
P13390,1
P13393,6
P13395,1
P13398,2
P13415,1
P13418,1
P13423,15
P13448,27
P13449,27
P13466,1
P13470,1
P13476,2
P13479,15
P13482,4
P13487,1
P13489,4
P13491,9
P13497,8
P13500,5
P13501,12
P13507,9
P13512,1
P13513,10
P13530,2
P13543,4
P13551,2
P13569,25
P13574,1
P13591,5
P13596,2
P13598,1
P13599,1
P13612,1
P13631,11
P13632,3
P13633,4
P13635,1
P13645,3
P13650,8
P13661,3
P13664,1
P13667,1
P13671,1
P13674,5
P13686,2
P13688,8
P13689,2
P13693,6
P13696,2
P13699,10
P13702,10
P13714,3
P13716,1
P13717,5
P13719,1
P13721,1
P13725,1
P13726,35
P13727,3
P13744,1
P13745,2
P13747,13
P13792,1
P13794,2
P13797,1
P13804,2
P13826,2
P13829,4
P13835,6
P13843,1
P13848,7
P13861,2
P13864,2
P13884,1
P13901,2
P13917,1
P13920,1
P13922,5
P13925,5
P13928,1
P13929,1
P13955,2
P13956,2
P13976,1
P13981,4
P13984,1
P13987,5
P13988,2
P13995,14
P14002,1
P14061,23
P14069,1
P14070,1
P14078,1
P14079,8
P14080,1
P14081,1
P14090,1
P14091,1
P14116,15
P14119,15
P14120,1
P14121,15
P14122,13
P14123,15
P14124,15
P14125,1
P14135,15
P14138,1
P14141,1
P14151,2
P14169,1
P14170,1
P14174,104
P14190,3
P14191,5
P14193,2
P14204,1
P14207,4
P14210,20
P14211,3
P14223,1
P14240,4
P14242,2
P14262,4
P14280,1
P14283,1
P14294,6
P14295,1
P14300,3
P14315,15
P14316,1
P14324,75
P14335,2
P14336,8
P14340,2
P14349,2
P14350,9
P14377,1
P14385,9
P14403,1
P14404,1
P14410,1
P14416,1
P14418,2
P14420,2
P14429,1
P14432,1
P14434,5
P14438,4
P14483,5
P14488,1
P14489,37
P14527,2
P14532,2
P14550,1
P14555,13
P14559,1
P14565,2
P14583,3
P14585,2
P14598,6
P14604,4
P14611,3
P14618,30
P14633,1
P14635,4
P14639,3
P14647,2
P14649,2
P14653,1
P14668,15
P14677,2
P14678,1
P14682,2
P14697,6
P14711,2
P14735,12
P14736,1
P14737,1
P14738,6
P14739,6
P14740,1
P14743,2
P14751,5
P14754,1
P14755,2
P14756,13
P14768,6
P14769,23
P14770,1
P14774,1
P14775,2
P14778,2
P14779,123
P14780,26
P14781,1
P14784,4
P14789,2
P14821,2
P14822,2
P14831,4
P14832,2
P14842,1
P14859,1
P14866,3
P14868,1
P14870,1
P14894,5
P14900,31
P14902,39
P14904,4
P14920,9
P14921,7
P14925,19
P14930,2
P14941,5
P14945,1
P14949,1
P15005,5
P15007,1
P15018,1
P15034,23
P15036,2
P15042,3
P15043,3
P15047,1
P15056,29
P15057,6
P15067,1
P15072,1
P15085,6
P15086,2
P15090,244
P15104,1
P15107,1
P15116,4
P15121,156
P15127,1
P15130,2
P15132,6
P15141,1
P15144,7
P15145,14
P15146,2
P15151,1
P15153,4
P15160,2
P15167,3
P15169,1
P15170,1
P15202,1
P15207,5
P15208,1
P15214,1
P15220,1
P15226,2
P15245,2
P15247,1
P15248,2
P15260,1
P15266,3
P15273,20
P15289,7
P15291,18
P15303,2
P15309,2
P15311,4
P15316,3
P15319,7
P15328,3
P15336,3
P15358,1
P15363,3
P15369,4
P15374,4
P15379,50
P15381,1
P15387,1
P15390,1
P15412,2
P15423,4
P15424,8
P15428,1
P15436,1
P15442,3
P15445,4
P15447,2
P15452,7
P15453,1
P15454,4
P15455,2
P15465,1
P15468,2
P15471,1
P15474,7
P15494,20
P15498,1
P15529,1
P15530,1
P15531,6
P15538,2
P15555,15
P15559,18
P15569,3
P15570,3
P15587,9
P15636,2
P15640,1
P15646,1
P15647,5
P15651,1
P15659,8
P15692,31
P15693,2
P15700,2
P15705,1
P15735,1
P15737,1
P15746,1
P15770,1
P15776,2
P15790,5
P15794,1
P15800,1
P15802,3
P15806,1
P15807,1
P15813,6
P15814,1
P15825,14
P15828,1
P15848,1
P15873,3
P15879,7
P15882,1
P15884,3
P15888,1
P15891,2
P15907,4
P15917,13
P15919,2
P15923,2
P15924,1
P15925,7
P15926,1
P15927,6
P15931,2
P15941,14
P15976,1
P15977,2
P15979,2
P16003,1
P16006,1
P16009,12
P16027,2
P16035,2
P16038,1
P16045,1
P16048,2
P16049,1
P16070,4
P16082,3
P16083,68
P16086,1
P16087,4
P16088,18
P16094,17
P16098,7
P16099,4
P16100,1
P16104,8
P16108,2
P16109,2
P16110,3
P16112,1
P16113,83
P16115,1
P16117,4
P16118,1
P16144,10
P16152,6
P16154,13
P16157,4
P16184,25
P16218,10
P16219,1
P16233,2
P16234,8
P16243,1
P16250,4
P16276,6
P16278,8
P16298,1
P16304,16
P16311,2
P16317,9
P16326,1
P16328,2
P16330,34
P16333,11
P16348,1
P16368,1
P16370,1
P16384,1
P16391,1
P16401,1
P16404,9
P16410,7
P16422,2
P16426,2
P16435,9
P16442,151
P16444,2
P16446,1
P16455,4
P16456,1
P16458,10
P16466,13
P16469,1
P16471,7
P16473,1
P16474,4
P16497,1
P16521,1
P16525,3
P16528,3
P16544,8
P16554,2
P16559,4
P16568,2
P16575,3
P16581,9
P16591,1
P16603,1
P16608,2
P16609,1
P16621,3
P16622,2
P16640,1
P16641,3
P16649,3
P16662,1
P16665,1
P16667,2
P16671,1
P16684,1
P16685,1
P16686,2
P16687,1
P16688,1
P16692,2
P16703,2
P16726,1
P16732,1
P16753,10
P16757,1
P16790,4
P16791,2
P16794,3
P16855,4
P16856,4
P16857,4
P16858,3
P16869,1
P16871,2
P16872,1
P16883,2
P16885,1
P16892,6
P16897,7
P16926,1
P16932,9
P16948,2
P16952,6
P16966,1
P16972,3
P17028,1
P17047,1
P17050,7
P17063,1
P17066,1
P17067,1
P17105,1
P17109,13
P17117,6
P17119,6
P17122,2
P17153,2
P17157,1
P17169,9
P17174,4
P17181,2
P17202,4
P17210,5
P17213,2
P17227,1
P17252,2
P17255,5
P17256,2
P17259,3
P17291,18
P17297,10
P17301,4
P17312,3
P17313,1
P17315,1
P17342,2
P17347,1
P17356,1
P17374,5
P17383,1
P17405,2
P17412,3
P17413,3
P17424,2
P17427,12
P17429,1
P17433,4
P17443,2
P17452,2
P17480,1
P17493,3
P17515,1
P17516,1
P17522,1
P17535,2
P17540,1
P17555,1
P17560,1
P17562,4
P17571,1
P17574,7
P17576,1
P17584,1
P17596,3
P17597,2
P17599,2
P17606,1
P17612,36
P17618,1
P17622,1
P17637,1
P17643,7
P17654,1
P17655,2
P17676,12
P17679,1
P17684,1
P17693,5
P17695,4
P17706,7
P17707,24
P17721,1
P17724,5
P17726,1
P17728,3
P17734,5
P17735,1
P17739,1
P17742,1
P17743,9
P17752,7
P17763,5
P17770,1
P17778,2
P17785,1
P17798,1
P17802,13
P17811,3
P17813,1
P17836,1
P17838,2
P17846,18
P17854,1
P17865,6
P17870,4
P17888,2
P17893,2
P17900,7
P17901,3
P17906,6
P17917,1
P17931,130
P17947,10
P17948,6
P17952,1
P17955,1
P17967,1
P17978,2
P17989,7
P17993,3
P17998,4
P18000,6
P18002,1
P18010,2
P18011,4
P18013,6
P18031,401
P18052,2
P18064,1
P18068,1
P18074,1
P18075,2
P18079,1
P18095,1
P18105,2
P18113,1
P18138,15
P18139,3
P18140,1
P18146,4
P18153,4
P18168,1
P18177,9
P18181,2
P18187,13
P18188,13
P18203,3
P18206,11
P18212,1
P18239,1
P18272,6
P18283,1
P18291,1
P18314,31
P18315,31
P18316,31
P18317,2
P18326,14
P18328,1
P18357,7
P18378,1
P18408,1
P18417,1
P18429,15
P18433,1
P18434,2
P18440,2
P18468,1
P18477,1
P18481,1
P18486,1
P18510,2
P18524,1
P18525,3
P18527,3
P18529,3
P18531,2
P18532,2
P18548,14
P18564,4
P18568,1
P18573,1
P18583,4
P18592,1
P18614,2
P18640,5
P18644,1
P18654,7
P18669,10
P18670,24
P18671,3
P18673,18
P18674,4
P18676,4
P18708,4
P18754,9
P18759,1
P18771,3
P18774,1
P18791,1
P18798,24
P18827,3
P18843,5
P18858,16
P18886,8
P18887,7
P18891,5
P18892,1
P18893,1
P18895,8
P18902,11
P18910,5
P18912,1
P18925,1
P18956,10
P18958,1
P18965,3
P19052,21
P19054,21
P19062,2
P19079,4
P19080,10
P19087,2
P19091,1
P19097,2
P19099,1
P19113,4
P19120,40
P19134,1
P19137,2
P19146,1
P19148,1
P19156,2
P19157,9
P19174,2
P19212,1
P19221,5
P19235,6
P19239,2
P19243,1
P19247,3
P19250,1
P19256,1
P19267,2
P19320,2
P19321,7
P19329,1
P19334,3
P19337,2
P19352,1
P19367,4
P19385,1
P19399,1
P19400,2
P19409,1
P19419,1
P19424,2
P19429,1
P19436,1
P19438,3
P19440,12
P19446,1
P19447,1
P19466,2
P19474,8
P19478,6
P19480,3
P19483,9
P19490,2
P19491,173
P19492,19
P19493,8
P19503,1
P19508,1
P19515,4
P19524,5
P19525,4
P19531,2
P19538,1
P19544,17
P19551,7
P19560,2
P19567,19
P19571,6
P19573,22
P19576,5
P19588,1
P19597,13
P19599,1
P19608,1
P19614,27
P19619,2
P19623,5
P19624,3
P19634,4
P19636,8
P19652,5
P19656,10
P19658,2
P19661,2
P19665,3
P19667,1
P19669,1
P19685,1
P19696,12
P19706,2
P19753,1
P19784,30
P19793,68
P19801,5
P19808,1
P19809,3
P19810,1
P19811,3
P19812,9
P19814,1
P19821,73
P19827,2
P19833,1
P19835,6
P19836,1
P19838,5
P19866,4
P19871,1
P19875,1
P19878,4
P19883,2
P19909,35
P19913,2
P19914,2
P19915,2
P19919,6
P19920,6
P19921,6
P19926,1
P19934,2
P19938,8
P19957,2
P19971,3
P19972,2
P19984,2
P19992,1
P19999,24
P20004,8
P20023,3
P20035,3
P20036,1
P20047,2
P20050,1
P20051,6
P20058,2
P20061,1
P20062,6
P20067,3
P20070,3
P20073,1
P20081,1
P20083,4
P20116,1
P20132,2
P20136,1
P20138,6
P20142,2
P20151,2
P20153,3
P20155,1
P20160,4
P20163,1
P20165,1
P20171,1
P20220,1
P20226,4
P20231,12
P20236,2
P20239,5
P20241,1
P20248,60
P20261,8
P20273,3
P20276,15
P20279,15
P20290,2
P20292,1
P20333,2
P20334,2
P20337,1
P20338,4
P20339,12
P20340,4
P20345,7
P20351,3
P20356,2
P20366,1
P20371,16
P20372,16
P20384,2
P20393,2
P20425,6
P20429,3
P20432,2
P20433,1
P20434,2
P20435,1
P20436,1
P20449,5
P20456,1
P20457,4
P20459,2
P20478,1
P20480,3
P20507,1
P20533,1
P20536,5
P20577,1
P20581,11
P20582,3
P20585,2
P20586,20
P20591,3
P20595,1
P20605,2
P20606,3
P20618,13
P20645,1
P20656,1
P20671,1
P20676,1
P20700,3
P20701,29
P20702,1
P20711,5
P20718,2
P20749,2
P20759,1
P20761,1
P20781,2
P20783,4
P20789,1
P20796,2
P20807,2
P20809,2
P20813,10
P20815,2
P20821,2
P20823,2
P20826,2
P20827,1
P20831,3
P20839,1
P20849,5
P20857,1
P20871,1
P20875,1
P20901,1
P20906,45
P20917,4
P20929,1
P20930,1
P20932,8
P20933,2
P20936,10
P20937,1
P20942,1
P20963,2
P20974,4
P20985,2
P20995,4
P21062,1
P21128,1
P21146,3
P21149,1
P21163,3
P21164,1
P21165,1
P21179,42
P21189,7
P21242,38
P21243,38
P21306,1
P21310,6
P21327,3
P21332,1
P21333,14
P21335,1
P21338,4
P21340,1
P21347,4
P21359,5
P21362,1
P21367,1
P21372,2
P21375,3
P21397,2
P21399,1
P21401,2
P21408,1
P21442,1
P21448,2
P21454,2
P21457,9
P21505,13
P21513,5
P21514,3
P21524,7
P21543,1
P21549,11
P21553,4
P21570,2
P21575,1
P21579,13
P21580,10
P21583,2
P21589,37
P21604,1
P21605,1
P21611,14
P21616,7
P21638,1
P21642,3
P21645,11
P21649,1
P21673,10
P21674,4
P21675,28
P21678,2
P21685,1
P21691,2
P21692,1
P21693,1
P21695,6
P21697,1
P21698,3
P21700,2
P21707,11
P21709,2
P21730,1
P21731,1
P21734,1
P21738,1
P21742,1
P21757,1
P21760,1
P21784,6
P21793,3
P21795,2
P21802,37
P21816,54
P21817,1
P21827,2
P21836,50
P21852,23
P21853,23
P21855,1
P21856,3
P21859,1
P21860,3
P21865,2
P21866,3
P21871,2
P21873,5
P21874,5
P21879,2
P21888,2
P21889,1
P21890,31
P21917,2
P21926,3
P21951,2
P21952,1
P21953,23
P21954,2
P21963,2
P21964,11
P21980,5
P22001,1
P22004,3
P22027,3
P22029,1
P22030,1
P22033,2
P22045,2
P22056,1
P22061,2
P22069,14
P22073,6
P22076,1
P22087,1
P22088,8
P22102,32
P22106,1
P22108,1
P22121,8
P22137,4
P22139,1
P22141,38
P22173,3
P22188,16
P22202,1
P22216,2
P22217,2
P22219,1
P22223,14
P22234,2
P22244,5
P22256,3
P22259,21
P22260,1
P22262,12
P22266,3
P22274,1
P22289,6
P22290,3
P22297,1
P22301,6
P22303,41
P22304,1
P22307,1
P22336,3
P22337,3
P22340,3
P22346,1
P22352,1
P22361,4
P22362,2
P22363,1
P22364,34
P22365,2
P22391,1
P22392,7
P22394,1
P22411,5
P22413,1
P22414,3
P22434,2
P22441,3
P22450,15
P22452,15
P22455,32
P22483,2
P22498,12
P22505,5
P22512,1
P22513,4
P22515,7
P22523,3
P22535,4
P22536,2
P22557,27
P22579,2
P22607,5
P22619,24
P22626,5
P22629,276
P22634,1
P22635,2
P22636,2
P22637,2
P22641,2
P22643,15
P22669,3
P22670,1
P22680,2
P22681,20
P22692,3
P22696,1
P22723,1
P22734,91
P22735,1
P22736,13
P22744,1
P22747,4
P22748,9
P22749,1
P22756,33
P22759,1
P22776,1
P22777,1
P22803,3
P22804,1
P22812,1
P22829,1
P22830,23
P22843,1
P22851,1
P22862,7
P22869,24
P22887,19
P22891,1
P22892,5
P22894,24
P22897,18
P22906,14
P22914,8
P22915,2
P22939,2
P22963,5
P22972,2
P22973,1
P22976,1
P22983,4
P22985,13
P23003,1
P23004,6
P23005,2
P23006,2
P23007,13
P23008,1
P23023,1
P23024,1
P23025,1
P23059,2
P23065,1
P23093,4
P23128,1
P23141,8
P23154,2
P23184,3
P23185,3
P23186,3
P23192,1
P23193,1
P23202,6
P23222,18
P23226,1
P23246,6
P23247,2
P23254,4
P23256,1
P23258,1
P23262,1
P23280,1
P23284,3
P23291,1
P23295,27
P23297,1
P23308,1
P23339,4
P23342,1
P23360,46
P23367,7
P23368,9
P23370,6
P23371,3
P23378,3
P23381,8
P23385,1
P23395,5
P23435,1
P23443,10
P23456,1
P23457,1
P23458,45
P23467,12
P23468,3
P23469,3
P23470,17
P23471,3
P23472,7
P23497,117
P23508,1
P23509,2
P23510,1
P23511,6
P23522,1
P23526,4
P23528,1
P23532,2
P23533,1
P23540,8
P23542,1
P23545,1
P23560,1
P23577,5
P23582,1
P23589,3
P23608,2
P23615,4
P23616,6
P23638,38
P23639,38
P23647,1
P23657,8
P23668,1
P23670,1
P23677,16
P23685,4
P23686,2
P23687,26
P23694,5
P23721,1
P23724,38
P23726,1
P23727,8
P23743,1
P23755,3
P23756,3
P23760,1
P23771,1
P23776,1
P23793,2
P23805,4
P23806,1
P23807,5
P23827,14
P23830,1
P23833,2
P23836,1
P23837,4
P23843,3
P23847,1
P23848,1
P23865,1
P23869,9
P23872,2
P23873,6
P23874,8
P23882,1
P23890,5
P23901,3
P23904,9
P23905,4
P23906,1
P23907,1
P23908,2
P23909,8
P23919,21
P23921,4
P23930,4
P23940,5
P23945,1
P23946,40
P23951,2
P23965,1
P23970,1
P23971,3
P24005,1
P24017,1
P24021,9
P24027,1
P24043,1
P24055,1
P24057,3
P24058,7
P24071,1
P24092,2
P24093,6
P24095,1
P24133,1
P24146,3
P24158,1
P24171,1
P24173,1
P24182,25
P24183,1
P24186,3
P24197,1
P24200,2
P24203,2
P24215,2
P24216,1
P24224,3
P24228,6
P24232,1
P24242,2
P24276,1
P24280,1
P24289,1
P24295,4
P24296,1
P24297,18
P24299,1
P24300,99
P24305,3
P24337,1
P24348,1
P24361,1
P24385,4
P24394,1
P24408,1
P24425,2
P24462,1
P24468,1
P24473,1
P24474,3
P24476,4
P24481,5
P24530,3
P24531,1
P24534,1
P24588,2
P24593,1
P24605,1
P24627,59
P24630,8
P24656,1
P24662,1
P24664,2
P24665,2
P24666,16
P24670,14
P24702,1
P24703,1
P24719,2
P24723,2
P24733,6
P24734,1
P24735,24
P24740,3
P24752,7
P24758,1
P24766,1
P24768,1
P24781,1
P24785,1
P24821,17
P24826,1
P24855,1
P24863,20
P24864,9
P24928,15
P24931,10
P24941,403
P25006,59
P25025,1
P25043,38
P25051,1
P25052,3
P25053,2
P25054,22
P25060,1
P25080,4
P25081,13
P25084,18
P25098,5
P25103,2
P25106,1
P25114,3
P25116,5
P25126,1
P25144,1
P25152,2
P25156,3
P25158,5
P25159,1
P25189,1
P25208,8
P25220,2
P25228,1
P25250,1
P25294,1
P25299,3
P25306,1
P25310,1
P25311,3
P25321,123
P25325,2
P25335,1
P25342,1
P25368,1
P25372,4
P25373,4
P25389,2
P25397,2
P25401,3
P25440,133
P25445,3
P25451,38
P25454,1
P25490,1
P25491,1
P25500,2
P25502,1
P25503,1
P25522,3
P25524,12
P25526,1
P25535,1
P25536,1
P25548,2
P25552,1
P25553,2
P25554,2
P25559,3
P25582,1
P25604,4
P25623,1
P25627,2
P25638,2
P25644,4
P25651,4
P25655,2
P25671,1
P25685,3
P25697,3
P25714,2
P25734,2
P25740,2
P25746,2
P25767,2
P25774,56
P25779,24
P25786,12
P25787,12
P25788,12
P25789,12
P25791,1
P25799,10
P25810,1
P25813,1
P25814,1
P25815,2
P25816,1
P25822,2
P25823,2
P25856,1
P25858,1
P25865,1
P25871,1
P25891,1
P25909,1
P25910,6
P25911,2
P25916,1
P25924,11
P25935,2
P25942,3
P25963,2
P25971,1
P25974,1
P25984,8
P25989,1
P26010,1
P26017,2
P26022,1
P26038,3
P26039,17
P26041,1
P26043,4
P26045,11
P26091,1
P26093,7
P26137,1
P26140,1
P26144,1
P26163,2
P26164,2
P26196,7
P26205,1
P26208,2
P26213,1
P26214,1
P26221,4
P26222,6
P26231,5
P26232,1
P26239,1
P26256,1
P26276,15
P26281,56
P26285,1
P26297,2
P26311,1
P26313,2
P26315,1
P26325,1
P26331,1
P26332,6
P26339,1
P26342,1
P26349,3
P26350,1
P26358,8
P26361,5
P26367,1
P26368,26
P26369,4
P26378,2
P26391,2
P26392,2
P26393,3
P26394,2
P26397,1
P26408,2
P26418,1
P26419,1
P26441,1
P26446,8
P26447,11
P26449,4
P26465,1
P26466,1
P26492,2
P26497,1
P26509,1
P26512,3
P26514,11
P26515,1
P26535,2
P26599,2
P26602,7
P26616,1
P26631,1
P26639,2
P26641,2
P26646,1
P26648,1
P26651,1
P26660,6
P26661,2
P26662,14
P26663,82
P26664,30
P26672,2
P26678,2
P26697,4
P26715,1
P26718,7
P26745,3
P26769,4
P26788,2
P26789,3
P26790,3
P26811,1
P26827,3
P26831,5
P26839,2
P26842,1
P26882,2
P26885,2
P26902,1
P26918,11
P26926,9
P26927,1
P26935,5
P26948,8
P26949,3
P26951,1
P26993,1
P26994,1
P26997,1
P26998,1
P27000,10
P27001,1
P27002,1
P27017,2
P27025,2
P27037,4
P27038,2
P27040,2
P27043,1
P27051,2
P27090,1
P27099,1
P27111,1
P27115,7
P27134,1
P27142,5
P27144,3
P27150,10
P27170,1
P27197,2
P27198,3
P27213,3
P27228,1
P27245,2
P27248,4
P27250,2
P27254,1
P27282,4
P27285,1
P27296,2
P27302,9
P27305,2
P27320,3
P27321,1
P27338,50
P27348,4
P27353,12
P27354,1
P27355,1
P27356,9
P27359,2
P27361,3
P27378,2
P27395,8
P27410,3
P27414,2
P27416,1
P27427,1
P27431,1
P27439,2
P27443,2
P27448,7
P27472,1
P27482,1
P27485,1
P27487,66
P27505,2
P27540,22
P27577,5
P27588,1
P27601,5
P27616,6
P27623,2
P27635,1
P27652,9
P27671,1
P27692,2
P27694,30
P27695,48
P27696,6
P27705,2
P27707,38
P27708,51
P27709,2
P27782,1
P27787,3
P27788,2
P27796,2
P27797,5
P27801,1
P27809,3
P27811,2
P27815,4
P27828,2
P27830,1
P27833,1
P27838,3
P27859,2
P27870,3
P27882,2
P27896,5
P27907,5
P27909,1
P27915,10
P27918,3
P27958,29
P27986,20
P27988,8
P27989,5
P27999,1
P28002,2
P28007,1
P28012,8
P28037,13
P28039,2
P28044,1
P28061,3
P28062,4
P28065,2
P28066,12
P28067,2
P28068,2
P28070,12
P28072,10
P28074,10
P28147,18
P28159,1
P28161,7
P28240,1
P28248,3
P28269,1
P28289,5
P28296,1
P28304,1
P28305,3
P28306,1
P28307,4
P28313,14
P28314,5
P28316,1
P28321,2
P28324,2
P28325,2
P28327,4
P28329,6
P28330,2
P28338,1
P28347,7
P28366,2
P28374,1
P28482,121
P28503,1
P28504,55
P28505,1
P28506,3
P28507,7
P28508,2
P28511,1
P28519,7
P28522,1
P28523,39
P28562,3
P28574,1
P28593,2
P28619,1
P28623,2
P28629,1
P28630,1
P28631,1
P28632,2
P28635,1
P28650,8
P28676,4
P28685,1
P28700,2
P28702,1
P28715,3
P28720,168
P28741,2
P28749,3
P28750,1
P28773,1
P28777,1
P28790,1
P28793,1
P28796,10
P28820,1
P28827,1
P28845,28
P28861,2
P28867,8
P28870,4
P28905,2
P28907,43
P28908,1
P28977,1
P29016,13
P29017,4
P29022,1
P29029,5
P29034,2
P29067,1
P29068,23
P29074,6
P29082,10
P29083,1
P29084,1
P29101,1
P29117,1
P29127,2
P29131,1
P29148,1
P29160,11
P29166,28
P29183,1
P29187,6
P29198,15
P29208,4
P29217,1
P29218,10
P29241,15
P29253,1
P29274,44
P29283,2
P29288,1
P29295,1
P29311,1
P29317,69
P29320,28
P29322,1
P29323,4
P29350,8
P29353,3
P29355,3
P29366,1
P29367,1
P29372,5
P29373,75
P29374,1
P29375,36
P29376,2
P29391,3
P29392,1
P29394,3
P29396,5
P29397,2
P29400,2
P29401,13
P29421,1
P29422,4
P29460,4
P29466,27
P29468,2
P29473,121
P29474,59
P29475,86
P29476,298
P29477,29
P29498,2
P29503,1
P29508,2
P29509,1
P29536,3
P29539,2
P29549,10
P29557,2
P29563,4
P29588,1
P29590,12
P29597,40
P29599,1
P29600,21
P29602,1
P29603,4
P29617,1
P29622,2
P29692,1
P29715,2
P29717,12
P29722,1
P29723,1
P29724,3
P29736,18
P29745,1
P29752,12
P29762,2
P29768,9
P29772,2
P29783,2
P29808,7
P29837,1
P29846,2
P29847,5
P29848,1
P29882,1
P29894,9
P29898,1
P29899,5
P29957,9
P29965,3
P29966,1
P29985,1
P29991,1
P29992,2
P30014,14
P30038,4
P30040,1
P30041,2
P30043,21
P30044,11
P30046,18
P30047,6
P30048,1
P30052,1
P30074,16
P30079,1
P30085,2
P30086,3
P30101,1
P30112,1
P30113,6
P30114,2
P30122,1
P30123,1
P30125,1
P30130,3
P30131,2
P30138,1
P30153,2
P30177,1
P30178,1
P30197,1
P30204,1
P30233,1
P30273,1
P30274,32
P30279,1
P30289,2
P30291,20
P30304,1
P30305,17
P30307,4
P30328,1
P30340,4
P30403,5
P30405,59
P30412,1
P30414,1
P30418,2
P30419,37
P30438,3
P30440,3
P30518,1
P30519,5
P30520,1
P30530,1
P30533,1
P30563,1
P30566,2
P30613,45
P30615,6
P30617,2
P30622,6
P30626,5
P30627,1
P30656,38
P30657,38
P30663,1
P30680,1
P30690,1
P30694,2
P30709,1
P30711,3
P30748,6
P30749,5
P30750,1
P30771,2
P30793,6
P30803,3
P30820,3
P30822,55
P30837,2
P30838,5
P30850,2
P30870,2
P30871,2
P30896,1
P30904,1
P30920,5
P30922,2
P30943,3
P30949,1
P30958,2
P30960,1
P30967,14
P30986,8
P30988,2
P30990,2
P30996,2
P31002,1
P31007,4
P31011,2
P31013,22
P31016,28
P31021,2
P31025,2
P31026,1
P31032,2
P31037,2
P31044,2
P31057,1
P31069,1
P31100,1
P31101,6
P31105,1
P31109,1
P31116,1
P31129,2
P31133,16
P31151,7
P31153,43
P31161,1
P31211,1
P31224,22
P31226,3
P31243,2
P31266,6
P31324,1
P31327,4
P31335,6
P31340,6
P31343,1
P31345,8
P31350,3
P31353,1
P31356,1
P31358,1
P31371,2
P31380,1
P31382,2
P31386,2
P31412,1
P31415,4
P31417,1
P31422,3
P31424,1
P31431,2
P31434,5
P31483,3
P31489,1
P31490,2
P31491,1
P31493,1
P31517,3
P31522,4
P31545,2
P31550,1
P31570,4
P31572,7
P31580,1
P31614,2
P31622,1
P31658,3
P31663,2
P31677,5
P31689,1
P31696,5
P31697,5
P31713,4
P31723,5
P31725,2
P31742,2
P31749,31
P31751,13
P31783,1
P31785,3
P31797,1
P31800,6
P31808,1
P31818,1
P31827,1
P31828,1
P31867,2
P31891,17
P31892,17
P31937,1
P31939,3
P31941,1
P31946,7
P31947,350
P31948,4
P31950,1
P31973,1
P31991,1
P31992,3
P31994,2
P31997,2
P32019,2
P32021,18
P32055,8
P32056,3
P32081,7
P32092,3
P32099,3
P32119,5
P32120,1
P32125,1
P32131,1
P32138,4
P32140,1
P32141,1
P32143,1
P32156,1
P32157,1
P32169,13
P32170,3
P32171,3
P32173,8
P32178,2
P32179,5
P32196,3
P32238,1
P32241,14
P32248,1
P32277,4
P32297,3
P32318,2
P32320,1
P32321,1
P32322,31
P32324,4
P32325,2
P32337,2
P32340,4
P32356,1
P32357,399
P32361,1
P32368,1
P32372,6
P32377,1
P32379,38
P32380,2
P32395,1
P32396,14
P32400,1
P32410,15
P32411,15
P32419,3
P32436,1
P32440,3
P32447,11
P32449,8
P32455,4
P32456,1
P32457,1
P32468,1
P32471,5
P32477,3
P32480,1
P32492,2
P32501,1
P32504,1
P32505,3
P32523,3
P32526,1
P32527,1
P32542,1
P32557,3
P32558,5
P32562,1
P32566,6
P32570,1
P32577,1
P32582,4
P32585,1
P32588,1
P32589,3
P32591,1
P32597,4
P32598,1
P32613,1
P32626,1
P32628,2
P32639,3
P32643,1
P32656,2
P32657,3
P32664,4
P32674,1
P32676,1
P32717,1
P32718,1
P32719,2
P32722,2
P32729,1
P32738,2
P32754,2
P32755,1
P32761,1
P32766,1
P32768,2
P32769,1
P32773,3
P32774,3
P32790,5
P32793,1
P32797,3
P32816,3
P32835,2
P32844,1
P32849,1
P32851,12
P32867,2
P32871,1
P32873,1
P32882,1
P32884,1
P32890,21
P32899,1
P32906,2
P32909,2
P32914,1
P32916,1
P32917,1
P32923,3
P32929,4
P32939,5
P32942,1
P32946,1
P32947,1
P32951,6
P32977,2
P32989,2
P33006,1
P33012,1
P33013,1
P33022,2
P33025,3
P33038,21
P33128,1
P33136,1
P33150,1
P33160,8
P33164,1
P33171,2
P33173,8
P33174,2
P33176,5
P33183,8
P33185,1
P33186,2
P33197,1
P33198,1
P33221,7
P33224,1
P33225,1
P33241,2
P33242,3
P33247,2
P33260,2
P33284,8
P33296,2
P33298,1
P33307,1
P33312,2
P33313,1
P33316,10
P33317,3
P33322,1
P33324,6
P33331,2
P33332,3
P33334,403
P33362,1
P33368,1
P33371,3
P33379,1
P33406,3
P33411,1
P33424,1
P33426,2
P33435,1
P33447,1
P33469,6
P33478,1
P33517,6
P33527,2
P33552,4
P33557,3
P33590,27
P33643,4
P33644,2
P33650,5
P33652,1
P33665,1
P33673,3
P33678,1
P33679,1
P33734,4
P33755,2
P33760,1
P33761,1
P33763,1
P33764,5
P33767,1
P33788,1
P33883,1
P33891,1
P33893,2
P33905,1
P33912,1
P33913,1
P33919,1
P33937,1
P33981,38
P34021,2
P34024,1
P34059,1
P34071,7
P34077,2
P34078,1
P34087,1
P34096,2
P34097,2
P34111,1
P34152,2
P34160,1
P34162,1
P34164,3
P34170,7
P34174,4
P34179,2
P34209,1
P34216,1
P34227,2
P34257,1
P34369,2
P34439,2
P34607,1
P34629,2
P34697,2
P34704,1
P34707,1
P34736,25
P34752,3
P34755,1
P34884,3
P34896,2
P34897,7
P34901,1
P34913,106
P34925,1
P34931,1
P34945,5
P34947,4
P34948,2
P34998,1
P35021,2
P35030,16
P35031,10
P35033,1
P35049,17
P35052,2
P35077,1
P35079,1
P35080,1
P35087,1
P35120,10
P35123,1
P35127,1
P35129,1
P35150,1
P35154,2
P35160,8
P35164,1
P35184,2
P35189,9
P35193,2
P35195,1
P35197,1
P35202,1
P35207,1
P35219,1
P35221,6
P35222,30
P35225,4
P35226,2
P35228,7
P35235,3
P35236,11
P35240,3
P35243,1
P35244,4
P35247,25
P35254,1
P35259,4
P35269,3
P35270,12
P35278,3
P35285,2
P35288,2
P35318,2
P35330,1
P35340,5
P35354,5
P35398,3
P35439,33
P35444,2
P35456,1
P35475,8
P35495,1
P35496,1
P35499,1
P35505,5
P35520,3
P35530,2
P35546,1
P35555,5
P35557,24
P35558,7
P35559,3
P35561,2
P35568,5
P35569,1
P35579,4
P35609,10
P35613,5
P35620,1
P35625,1
P35630,3
P35637,4
P35658,1
P35670,2
P35672,2
P35680,1
P35705,2
P35728,1
P35731,2
P35747,22
P35751,1
P35754,1
P35755,12
P35762,1
P35774,1
P35790,23
P35804,14
P35806,1
P35813,10
P35816,1
P35818,2
P35828,1
P35829,3
P35833,1
P35834,2
P35835,3
P35837,4
P35844,9
P35845,1
P35871,16
P35914,4
P35916,1
P35926,1
P35954,1
P35956,1
P35961,10
P35963,22
P35968,37
P35970,1
P35974,2
P35991,1
P35992,1
P36006,1
P36012,1
P36015,1
P36017,1
P36037,5
P36040,1
P36041,2
P36046,1
P36049,1
P36057,2
P36068,2
P36088,1
P36094,1
P36108,1
P36114,2
P36116,2
P36124,2
P36130,1
P36136,3
P36142,1
P36151,2
P36156,2
P36160,2
P36161,2
P36186,4
P36193,3
P36203,1
P36204,1
P36206,2
P36217,42
P36218,1
P36222,8
P36234,1
P36238,4
P36275,3
P36291,1
P36325,1
P36328,1
P36334,1
P36370,2
P36397,1
P36400,1
P36404,1
P36406,2
P36419,2
P36421,1
P36438,2
P36507,1
P36544,6
P36551,1
P36594,1
P36629,1
P36639,88
P36649,40
P36655,11
P36659,1
P36673,1
P36680,1
P36683,1
P36701,2
P36767,1
P36776,3
P36813,1
P36847,1
P36871,9
P36873,9
P36887,1
P36888,4
P36894,7
P36897,32
P36898,1
P36906,2
P36911,1
P36913,2
P36923,1
P36924,15
P36929,2
P36932,2
P36936,4
P36946,4
P36952,1
P36955,1
P36956,1
P36959,2
P36969,15
P36979,3
P36980,2
P37001,2
P37019,1
P37023,1
P37024,1
P37025,1
P37028,6
P37062,7
P37063,9
P37064,3
P37081,1
P37093,2
P37095,1
P37107,1
P37108,1
P37128,5
P37132,1
P37146,6
P37156,1
P37167,3
P37173,13
P37177,1
P37182,1
P37231,204
P37268,28
P37288,1
P37321,1
P37329,5
P37330,2
P37332,1
P37333,8
P37334,8
P37344,9
P37351,2
P37352,2
P37353,2
P37355,5
P37362,6
P37387,3
P37412,1
P37454,1
P37455,1
P37468,2
P37475,1
P37478,3
P37479,1
P37486,1
P37487,4
P37508,1
P37524,1
P37527,2
P37528,3
P37538,1
P37551,3
P37552,1
P37554,1
P37562,1
P37565,1
P37570,1
P37571,3
P37574,1
P37584,2
P37590,1
P37595,13
P37610,4
P37613,4
P37634,9
P37639,1
P37650,1
P37651,2
P37657,2
P37659,2
P37671,1
P37672,2
P37690,2
P37692,1
P37696,1
P37698,9
P37700,4
P37710,1
P37719,1
P37727,2
P37744,3
P37747,1
P37757,3
P37765,1
P37792,3
P37793,2
P37798,2
P37800,3
P37821,5
P37837,1
P37840,14
P37842,2
P37869,1
P37889,1
P37902,2
P37954,1
P37957,21
P37958,1
P37960,1
P37965,3
P37967,3
P37975,10
P37978,1
P38011,1
P38013,5
P38038,1
P38051,3
P38077,1
P38103,1
P38107,4
P38108,3
P38110,2
P38115,2
P38117,2
P38121,1
P38129,1
P38131,2
P38134,1
P38158,1
P38167,1
P38169,5
P38181,1
P38182,6
P38197,2
P38198,1
P38203,1
P38207,1
P38218,4
P38230,2
P38238,1
P38247,2
P38262,1
P38265,3
P38272,2
P38313,1
P38319,5
P38324,2
P38326,1
P38333,1
P38339,1
P38340,2
P38348,4
P38398,8
P38424,2
P38428,1
P38431,1
P38445,1
P38446,2
P38484,1
P38488,1
P38489,16
P38501,46
P38502,2
P38503,1
P38505,1
P38507,8
P38516,1
P38524,1
P38527,1
P38533,2
P38539,5
P38540,5
P38554,2
P38555,1
P38576,1
P38584,1
P38624,38
P38626,1
P38632,1
P38634,2
P38636,5
P38646,2
P38659,1
P38677,1
P38682,1
P38684,1
P38698,3
P38713,3
P38720,1
P38760,2
P38765,1
P38768,2
P38777,1
P38798,1
P38800,4
P38801,2
P38817,1
P38822,2
P38825,4
P38830,13
P38850,7
P38856,1
P38862,9
P38874,1
P38877,2
P38881,1
P38894,15
P38902,1
P38907,1
P38913,1
P38918,1
P38919,4
P38920,4
P38935,1
P38936,5
P38940,2
P38960,2
P38968,3
P38996,2
P38998,7
P38999,1
P39001,1
P39008,2
P39016,2
P39040,4
P39042,7
P39045,11
P39047,1
P39051,1
P39058,2
P39059,1
P39060,1
P39061,3
P39064,3
P39070,1
P39072,2
P39075,1
P39081,4
P39086,10
P39107,1
P39108,1
P39111,1
P39116,11
P39126,1
P39130,1
P39131,1
P39135,2
P39138,2
P39140,3
P39142,1
P39146,1
P39155,4
P39172,6
P39185,2
P39186,2
P39207,1
P39230,5
P39234,1
P39264,2
P39265,2
P39274,1
P39301,2
P39304,14
P39315,2
P39321,1
P39325,1
P39332,1
P39333,1
P39352,1
P39353,1
P39371,1
P39375,1
P39377,6
P39405,1
P39406,1
P39408,1
P39411,1
P39432,1
P39451,1
P39460,1
P39462,5
P39476,9
P39485,5
P39510,1
P39517,1
P39571,1
P39579,3
P39581,1
P39593,5
P39594,10
P39597,6
P39605,1
P39615,1
P39621,5
P39625,1
P39633,1
P39639,3
P39640,2
P39641,4
P39643,3
P39644,2
P39662,4
P39669,5
P39675,1
P39678,2
P39683,1
P39684,2
P39687,2
P39688,1
P39730,3
P39739,3
P39748,11
P39759,1
P39760,1
P39765,3
P39767,8
P39769,2
P39779,3
P39787,1
P39792,2
P39796,1
P39797,2
P39800,1
P39805,2
P39824,1
P39825,2
P39829,1
P39830,1
P39840,4
P39841,1
P39844,1
P39890,1
P39897,2
P39898,1
P39900,71
P39905,2
P39912,2
P39926,2
P39928,3
P39929,4
P39940,2
P39956,2
P39958,4
P39968,1
P39984,1
P39990,3
P39993,1
P40011,1
P40013,3
P40014,3
P40019,1
P40026,1
P40029,2
P40032,4
P40037,1
P40043,1
P40051,2
P40056,1
P40064,1
P40065,1
P40070,1
P40073,1
P40075,1
P40080,2
P40087,2
P40089,1
P40090,1
P40110,2
P40111,1
P40121,1
P40124,2
P40126,1
P40131,2
P40149,6
P40161,3
P40165,1
P40185,1
P40189,4
P40191,1
P40198,3
P40199,2
P40202,3
P40217,1
P40233,2
P40261,19
P40288,4
P40296,1
P40302,38
P40303,38
P40306,2
P40337,52
P40343,4
P40344,3
P40347,3
P40357,1
P40363,4
P40381,1
P40394,2
P40399,4
P40406,4
P40409,5
P40421,1
P40422,1
P40424,2
P40427,4
P40465,3
P40477,2
P40482,1
P40484,1
P40485,5
P40486,3
P40506,5
P40509,1
P40513,1
P40515,3
P40517,1
P40537,2
P40541,1
P40545,1
P40553,1
P40554,2
P40555,2
P40568,2
P40579,1
P40581,1
P40616,2
P40676,2
P40685,1
P40688,2
P40692,6
P40699,3
P40709,5
P40719,1
P40722,2
P40727,1
P40729,2
P40731,1
P40732,9
P40746,2
P40767,2
P40802,5
P40805,1
P40806,5
P40817,1
P40818,5
P40830,2
P40832,1
P40847,3
P40848,1
P40855,3
P40859,19
P40869,1
P40871,2
P40881,11
P40893,1
P40925,2
P40926,7
P40927,1
P40933,3
P40942,1
P40943,15
P40947,3
P40949,1
P40960,1
P40967,10
P40969,1
P40984,1
P40997,2
P40999,1
P41007,3
P41016,8
P41020,31
P41021,32
P41022,24
P41043,1
P41052,8
P41084,1
P41088,1
P41091,2
P41140,1
P41143,1
P41148,25
P41159,1
P41161,2
P41180,1
P41182,218
P41201,3
P41208,2
P41212,14
P41214,2
P41218,2
P41220,1
P41222,16
P41229,1
P41235,3
P41240,4
P41250,1
P41260,4
P41261,7
P41262,3
P41263,1
P41266,2
P41271,2
P41273,3
P41274,1
P41277,1
P41279,1
P41338,2
P41351,1
P41352,1
P41355,1
P41365,23
P41366,1
P41367,3
P41391,1
P41407,8
P41409,2
P41480,6
P41496,1
P41500,1
P41541,2
P41586,1
P41587,1
P41594,3
P41597,1
P41688,1
P41695,2
P41697,1
P41734,1
P41743,5
P41783,3
P41784,3
P41805,1
P41811,12
P41814,2
P41816,2
P41832,1
P41851,1
P41903,1
P41920,52
P41921,1
P41958,2
P41972,2
P41977,7
P42013,3
P42061,1
P42068,1
P42081,1
P42084,2
P42085,3
P42088,1
P42105,1
P42106,1
P42126,1
P42191,1
P42196,22
P42206,1
P42210,1
P42212,385
P42216,6
P42224,2
P42226,1
P42227,1
P42228,1
P42251,1
P42259,8
P42260,27
P42261,1
P42262,14
P42264,11
P42285,1
P42287,11
P42293,4
P42304,1
P42305,2
P42321,7
P42328,1
P42330,50
P42336,21
P42345,14
P42371,21
P42390,2
P42400,1
P42404,1
P42406,1
P42409,1
P42412,1
P42419,2
P42443,1
P42448,1
P42485,2
P42494,8
P42512,1
P42522,1
P42527,10
P42530,4
P42566,6
P42567,2
P42568,11
P42574,114
P42575,12
P42588,3
P42589,1
P42592,8
P42593,1
P42596,1
P42620,2
P42624,1
P42641,1
P42676,2
P42679,2
P42684,6
P42697,1
P42700,2
P42701,1
P42708,1
P42738,2
P42765,2
P42768,2
P42771,1
P42773,4
P42790,9
P42799,1
P42804,1
P42849,2
P42858,1
P42861,1
P42866,1
P42867,1
P42892,1
P42898,1
P42907,1
P42937,2
P42938,1
P42949,1
P42955,1
P42980,1
P42981,2
P42982,2
P43019,1
P43026,5
P43034,1
P43069,1
P43075,7
P43094,1
P43115,1
P43132,1
P43133,15
P43146,1
P43155,2
P43166,11
P43183,2
P43185,1
P43214,2
P43215,1
P43220,10
P43221,3
P43235,61
P43236,1
P43238,2
P43246,2
P43249,1
P43252,1
P43254,11
P43261,2
P43268,2
P43298,1
P43309,3
P43311,1
P43312,1
P43316,4
P43320,1
P43329,1
P43332,4
P43341,1
P43351,1
P43354,3
P43355,2
P43357,3
P43358,3
P43363,3
P43364,1
P43378,7
P43379,23
P43403,8
P43405,84
P43408,3
P43410,1
P43411,1
P43423,3
P43432,1
P43435,2
P43455,2
P43457,2
P43478,2
P43488,2
P43489,4
P43490,71
P43522,1
P43528,1
P43529,7
P43555,3
P43558,4
P43577,3
P43585,1
P43588,8
P43589,1
P43591,2
P43593,1
P43597,2
P43603,2
P43615,1
P43618,1
P43619,5
P43621,2
P43626,2
P43629,14
P43631,2
P43632,1
P43642,1
P43652,2
P43680,1
P43683,1
P43686,1
P43757,1
P43772,3
P43773,2
P43777,1
P43788,1
P43813,8
P43835,1
P43860,1
P43870,5
P43873,10
P43876,2
P43877,1
P43886,4
P43889,13
P43890,1
P43895,1
P43896,1
P43902,1
P43912,39
P43925,1
P43933,1
P43934,1
P43961,1
P43985,1
P44007,2
P44093,1
P44096,1
P44206,2
P44209,1
P44251,2
P44427,2
P44466,1
P44480,1
P44490,2
P44492,2
P44514,4
P44539,6
P44542,15
P44558,3
P44569,2
P44583,1
P44602,2
P44627,2
P44654,1
P44676,1
P44681,1
P44688,2
P44704,1
P44711,1
P44725,1
P44741,12
P44774,1
P44783,1
P44798,2
P44801,12
P44814,1
P44815,2
P44853,1
P44859,5
P44862,2
P44868,3
P44869,1
P44880,1
P44882,1
P44886,2
P44887,1
P44920,1
P44923,1
P44935,1
P44969,1
P45025,3
P45040,19
P45059,1
P45066,3
P45083,3
P45111,1
P45124,1
P45131,1
P45134,1
P45141,1
P45148,12
P45161,1
P45202,2
P45206,5
P45207,1
P45251,1
P45299,4
P45314,3
P45340,1
P45359,2
P45377,1
P45379,1
P45387,1
P45425,1
P45446,3
P45448,2
P45452,39
P45464,1
P45470,1
P45478,3
P45481,6
P45494,1
P45510,1
P45523,3
P45530,1
P45531,1
P45532,1
P45545,1
P45548,2
P45550,1
P45568,13
P45573,1
P45574,1
P45575,1
P45599,1
P45600,2
P45611,1
P45618,1
P45639,1
P45686,2
P45689,3
P45696,1
P45697,11
P45700,2
P45707,1
P45718,7
P45720,6
P45721,1
P45723,13
P45741,3
P45748,1
P45773,2
P45774,2
P45777,2
P45780,3
P45782,1
P45796,2
P45799,1
P45800,1
P45850,4
P45855,1
P45859,1
P45870,1
P45877,1
P45881,4
P45930,1
P45947,1
P45951,1
P45954,1
P45955,2
P45956,2
P45973,4
P45974,9
P45983,18
P45984,4
P45985,2
P46003,2
P46006,1
P46013,1
P46024,1
P46060,7
P46061,1
P46063,2
P46071,1
P46072,3
P46075,1
P46076,1
P46088,2
P46095,1
P46096,5
P46097,1
P46100,7
P46107,3
P46108,2
P46109,1
P46130,1
P46151,1
P46154,1
P46206,1
P46237,3
P46275,2
P46336,2
P46379,5
P46390,1
P46406,1
P46419,1
P46422,4
P46427,2
P46434,1
P46436,1
P46443,1
P46444,1
P46445,1
P46459,1
P46527,10
P46531,13
P46595,1
P46597,1
P46598,10
P46637,1
P46655,2
P46662,2
P46670,1
P46672,4
P46674,2
P46675,2
P46677,2
P46680,2
P46776,1
P46795,1
P46797,1
P46799,2
P46828,2
P46844,3
P46849,6
P46852,1
P46853,1
P46859,5
P46863,1
P46873,3
P46881,85
P46882,2
P46883,16
P46922,2
P46925,13
P46926,1
P46934,6
P46935,1
P46937,25
P46938,1
P46939,1
P46940,3
P46952,3
P46959,2
P46962,1
P46963,1
P46976,15
P46984,1
P47016,4
P47017,1
P47025,1
P47032,1
P47039,1
P47047,2
P47068,3
P47075,4
P47077,1
P47083,1
P47096,1
P47102,1
P47103,1
P47112,3
P47122,2
P47123,2
P47160,2
P47190,1
P47204,1
P47205,52
P47224,1
P47227,1
P47228,6
P47229,12
P47244,2
P47273,1
P47350,4
P47523,2
P47543,1
P47547,5
P47636,1
P47709,7
P47712,2
P47735,4
P47758,1
P47811,116
P47865,1
P47871,3
P47895,3
P47897,1
P47900,1
P47929,25
P47934,9
P47938,1
P47967,2
P47974,2
P47998,1
P48023,2
P48026,2
P48052,2
P48059,5
P48060,2
P48061,8
P48147,1
P48163,1
P48246,1
P48247,1
P48286,2
P48307,1
P48329,3
P48346,1
P48357,1
P48362,1
P48382,1
P48391,2
P48424,1
P48426,10
P48431,1
P48443,2
P48449,2
P48452,2
P48467,1
P48491,7
P48499,10
P48501,1
P48510,4
P48515,3
P48534,2
P48542,3
P48546,2
P48551,1
P48552,14
P48582,1
P48598,7
P48606,1
P48607,3
P48635,6
P48636,2
P48637,1
P48650,3
P48728,1
P48729,2
P48730,40
P48735,10
P48736,21
P48740,3
P48775,12
P48781,2
P48793,1
P48809,1
P48812,1
P48816,1
P48825,7
P48827,4
P48828,1
P48842,2
P48845,2
P48960,1
P49012,2
P49017,2
P49023,10
P49028,3
P49050,1
P49051,6
P49053,10
P49054,2
P49058,1
P49065,3
P49077,6
P49096,1
P49121,3
P49137,2
P49147,1
P49172,1
P49189,3
P49235,8
P49256,5
P49257,6
P49273,1
P49278,3
P49302,9
P49303,1
P49323,1
P49327,12
P49333,2
P49336,20
P49347,3
P49354,12
P49356,12
P49366,16
P49370,1
P49410,2
P49418,6
P49419,20
P49424,6
P49427,3
P49435,4
P49450,5
P49458,1
P49459,2
P49587,25
P49588,5
P49594,1
P49597,3
P49598,1
P49599,2
P49610,12
P49638,6
P49642,7
P49643,6
P49662,1
P49675,1
P49686,1
P49687,2
P49711,8
P49715,1
P49720,12
P49721,12
P49736,5
P49748,2
P49753,1
P49758,1
P49759,33
P49760,2
P49761,17
P49763,2
P49765,2
P49767,1
P49771,2
P49773,59
P49785,1
P49789,6
P49790,3
P49791,11
P49792,17
P49796,3
P49802,1
P49841,53
P49842,1
P49847,1
P49848,1
P49850,4
P49862,10
P49863,1
P49869,1
P49888,5
P49891,3
P49902,36
P49903,2
P49913,9
P49914,3
P49915,2
P49916,4
P49917,5
P49949,1
P49951,9
P49954,1
P49956,2
P49959,1
P49960,2
P50032,13
P50033,14
P50049,3
P50053,23
P50086,2
P50091,1
P50097,9
P50102,5
P50120,66
P50135,5
P50162,1
P50163,4
P50172,3
P50187,2
P50213,5
P50216,2
P50225,9
P50226,1
P50232,2
P50247,4
P50250,1
P50251,3
P50264,14
P50281,7
P50286,9
P50336,1
P50382,1
P50384,4
P50389,9
P50401,1
P50402,3
P50405,6
P50415,2
P50440,8
P50453,1
P50465,7
P50468,1
P50477,6
P50479,2
P50481,1
P50489,1
P50490,2
P50498,4
P50503,1
P50524,1
P50534,2
P50536,1
P50542,5
P50549,2
P50552,5
P50578,6
P50579,37
P50580,1
P50583,2
P50586,2
P50591,4
P50592,1
P50597,2
P50600,1
P50613,6
P50616,4
P50618,1
P50620,3
P50621,1
P50623,3
P50694,1
P50734,2
P50735,1
P50740,1
P50743,5
P50750,2
P50833,1
P50837,1
P50838,1
P50851,1
P50859,1
P50861,1
P50870,3
P50895,2
P50909,1
P50910,2
P50933,1
P50941,1
P50983,2
P50984,2
P50985,1
P51016,1
P51058,1
P51094,3
P51110,3
P51114,1
P51116,1
P51124,3
P51142,3
P51149,5
P51150,1
P51151,2
P51157,2
P51159,6
P51160,1
P51161,3
P51183,1
P51449,113
P51452,8
P51512,1
P51513,2
P51530,1
P51531,11
P51532,6
P51541,11
P51553,5
P51555,1
P51561,1
P51570,18
P51572,2
P51580,2
P51584,18
P51587,3
P51608,6
P51610,8
P51617,1
P51648,1
P51649,4
P51659,4
P51665,1
P51668,6
P51681,5
P51687,1
P51688,2
P51691,7
P51693,5
P51697,1
P51742,1
P51765,21
P51784,2
P51787,3
P51795,1
P51800,1
P51807,1
P51812,7
P51813,4
P51834,3
P51843,1
P51852,4
P51857,14
P51900,1
P51943,4
P51946,1
P51948,2
P51955,27
P51965,4
P51972,1
P51977,4
P51996,2
P52003,4
P52007,1
P52011,5
P52013,1
P52026,32
P52028,3
P52041,2
P52045,7
P52046,1
P52061,3
P52093,1
P52102,1
P52129,2
P52141,1
P52174,1
P52175,1
P52179,5
P52181,1
P52197,3
P52209,2
P52230,1
P52235,1
P52270,7
P52286,1
P52292,6
P52293,104
P52294,1
P52298,6
P52306,1
P52333,30
P52391,2
P52477,1
P52478,1
P52488,2
P52490,7
P52491,2
P52564,6
P52565,14
P52566,2
P52575,1
P52584,1
P52591,1
P52594,2
P52616,1
P52643,1
P52655,2
P52657,2
P52663,2
P52664,1
P52679,2
P52682,5
P52687,3
P52695,2
P52697,1
P52699,17
P52700,24
P52701,1
P52704,19
P52705,8
P52708,1
P52732,36
P52735,2
P52754,2
P52756,1
P52758,2
P52759,1
P52778,4
P52779,1
P52788,2
P52789,1
P52799,5
P52800,1
P52803,1
P52839,2
P52848,1
P52874,7
P52888,2
P52895,15
P52917,5
P52934,3
P52945,2
P52948,5
P52952,2
P52956,2
P52967,1
P53008,1
P53010,1
P53024,1
P53041,15
P53042,2
P53043,1
P53044,1
P53051,5
P53061,2
P53064,2
P53068,1
P53078,3
P53090,1
P53112,1
P53124,1
P53131,2
P53135,1
P53136,2
P53140,1
P53141,3
P53148,1
P53152,3
P53155,1
P53165,5
P53193,2
P53196,2
P53220,4
P53228,1
P53242,2
P53254,1
P53260,2
P53298,1
P53323,3
P53350,60
P53355,63
P53365,1
P53368,3
P53370,2
P53396,15
P53420,1
P53508,1
P53510,1
P53539,5
P53540,1
P53550,5
P53554,3
P53555,3
P53559,4
P53563,2
P53570,6
P53571,6
P53582,36
P53590,9
P53597,6
P53602,1
P53603,1
P53608,4
P53610,1
P53615,1
P53617,6
P53619,1
P53620,1
P53621,1
P53622,2
P53632,1
P53634,18
P53667,4
P53671,3
P53673,1
P53674,1
P53676,1
P53686,11
P53704,3
P53738,3
P53741,2
P53757,1
P53762,1
P53776,2
P53778,1
P53779,52
P53780,1
P53805,1
P53810,1
P53812,1
P53816,4
P53843,1
P53847,3
P53848,1
P53853,4
P53860,4
P53865,1
P53874,1
P53889,1
P53894,2
P53905,1
P53927,1
P53929,1
P53930,3
P53934,1
P53965,2
P53990,4
P53992,2
P53999,3
P54030,1
P54049,1
P54050,3
P54061,1
P54066,4
P54071,1
P54116,2
P54132,4
P54135,1
P54136,2
P54149,2
P54170,1
P54173,1
P54178,1
P54195,1
P54198,1
P54252,2
P54253,5
P54263,1
P54274,6
P54278,5
P54287,1
P54288,4
P54292,1
P54300,3
P54302,3
P54308,2
P54315,1
P54318,1
P54322,3
P54328,1
P54355,2
P54375,1
P54378,1
P54396,1
P54422,5
P54427,3
P54455,1
P54459,1
P54464,1
P54471,1
P54491,1
P54494,1
P54507,2
P54512,16
P54517,1
P54548,1
P54550,4
P54562,1
P54563,1
P54577,8
P54578,4
P54583,2
P54598,1
P54616,1
P54619,4
P54623,4
P54645,6
P54646,2
P54651,8
P54652,6
P54654,2
P54656,2
P54687,15
P54716,1
P54725,6
P54728,2
P54753,4
P54756,1
P54760,22
P54762,5
P54763,3
P54764,10
P54769,1
P54775,1
P54784,2
P54787,2
P54802,1
P54818,13
P54819,1
P54820,3
P54829,13
P54830,1
P54841,1
P54855,2
P54860,2
P54867,1
P54868,1
P54885,1
P54886,1
P54922,4
P54937,1
P54939,6
P54940,1
P54948,1
P54955,1
P54956,2
P54958,2
P54962,1
P54965,4
P54970,2
P54997,3
P55008,1
P55010,1
P55020,2
P55034,1
P55038,2
P55040,3
P55042,5
P55055,13
P55059,2
P55064,1
P55072,22
P55075,1
P55081,1
P55087,1
P55132,1
P55135,2
P55144,3
P55157,1
P55194,1
P55196,1
P55197,4
P55201,64
P55209,1
P55210,20
P55211,4
P55212,14
P55222,2
P55258,1
P55259,3
P55260,2
P55263,4
P55264,2
P55265,6
P55273,1
P55285,1
P55301,1
P55316,1
P55318,1
P55329,3
P55342,1
P55407,1
P55408,1
P55734,5
P55774,1
P55776,1
P55786,1
P55789,7
P55792,1
P55809,1
P55818,5
P55854,1
P55859,21
P55882,1
P55890,2
P55892,4
P55895,1
P55899,11
P55900,1
P55907,1
P55915,14
P55929,1
P55931,1
P55957,10
P55980,3
P55984,2
P56006,1
P56007,1
P56060,4
P56064,1
P56065,2
P56067,1
P56073,5
P56076,1
P56081,1
P56106,2
P56109,14
P56112,2
P56119,8
P56122,2
P56137,4
P56152,21
P56153,2
P56156,2
P56162,1
P56174,3
P56178,1
P56192,5
P56198,2
P56199,5
P56200,1
P56208,2
P56209,1
P56216,4
P56217,2
P56218,3
P56219,1
P56220,5
P56221,6
P56250,1
P56251,1
P56252,2
P56254,3
P56255,4
P56271,1
P56272,1
P56273,11
P56274,1
P56275,3
P56276,1
P56278,1
P56279,1
P56280,1
P56282,1
P56347,3
P56389,3
P56406,2
P56408,1
P56410,4
P56422,1
P56427,9
P56431,3
P56456,6
P56459,1
P56463,13
P56470,12
P56503,1
P56511,1
P56523,1
P56524,10
P56533,1
P56536,1
P56547,2
P56552,1
P56588,7
P56589,2
P56598,1
P56601,1
P56621,1
P56634,3
P56635,1
P56637,2
P56638,1
P56649,3
P56653,3
P56658,13
P56680,8
P56681,1
P56689,4
P56690,7
P56691,2
P56692,2
P56696,6
P56709,1
P56732,1
P56734,10
P56740,10
P56817,381
P56828,1
P56839,6
P56868,2
P56926,1
P56930,1
P56944,1
P56945,2
P56962,2
P56965,7
P56968,3
P56981,1
P57005,4
P57041,1
P57052,1
P57075,1
P57083,2
P57098,1
P57105,7
P57707,3
P57708,1
P57729,2
P57735,2
P57736,2
P57739,1
P57743,2
P57764,1
P57765,3
P57766,3
P57771,2
P57789,1
P58154,43
P58162,1
P58193,1
P58242,2
P58300,1
P58301,10
P58315,5
P58328,1
P58329,1
P58335,4
P58340,3
P58350,1
P58399,4
P58400,1
P58401,1
P58434,3
P58451,1
P58464,1
P58486,1
P58488,1
P58495,1
P58502,19
P58546,3
P58555,2
P58663,4
P58687,14
P58717,1
P58718,1
P58719,1
P58748,2
P58753,2
P58758,3
P58772,3
P58815,1
P58816,1
P58822,1
P58880,2
P58906,1
P58907,3
P58908,1
P58989,2
P59009,1
P59044,1
P59046,1
P59071,57
P59078,1
P59082,6
P59087,26
P59113,1
P59169,3
P59205,2
P59206,6
P59213,1
P59220,2
P59226,10
P59285,1
P59310,1
P59336,3
P59337,4
P59594,12
P59595,8
P59596,1
P59634,1
P59635,1
P59637,1
P59655,2
P59665,18
P59666,6
P59672,1
P59676,1
P59701,2
P59745,1
P59768,4
P59807,5
P59846,7
P59854,1
P59856,1
P59857,1
P59858,1
P59859,1
P59914,1
P59915,1
P59938,2
P59997,7
P60010,2
P60022,13
P60033,9
P60043,3
P60044,1
P60045,13
P60053,1
P60057,1
P60061,2
P60174,19
P60240,2
P60244,1
P60277,2
P60301,3
P60327,5
P60334,2
P60338,6
P60339,1
P60340,2
P60355,3
P60357,1
P60390,1
P60405,16
P60422,1
P60438,1
P60469,2
P60472,27
P60473,1
P60477,2
P60484,7
P60487,4
P60488,16
P60489,16
P60490,16
P60491,16
P60492,16
P60493,16
P60494,16
P60508,2
P60517,1
P60519,1
P60520,3
P60523,2
P60524,1
P60526,2
P60529,1
P60546,3
P60568,18
P60604,4
P60611,1
P60615,3
P60616,2
P60617,15
P60618,15
P60619,15
P60623,1
P60624,1
P60651,2
P60668,1
P60709,13
P60712,2
P60723,1
P60752,1
P60763,5
P60766,1
P60770,1
P60775,5
P60802,1
P60842,5
P60843,1
P60844,6
P60848,1
P60849,2
P60864,5
P60880,8
P60881,7
P60891,8
P60896,1
P60900,12
P60903,3
P60932,1
P60933,1
P60953,22
P60955,2
P60994,1
P61006,15
P61011,2
P61018,1
P61019,1
P61020,1
P61023,1
P61024,1
P61026,2
P61073,1
P61076,2
P61077,9
P61081,3
P61085,2
P61086,9
P61088,25
P61106,3
P61112,2
P61136,2
P61149,2
P61157,4
P61167,1
P61175,1
P61201,1
P61204,1
P61212,1
P61224,13
P61244,6
P61316,7
P61320,2
P61326,4
P61328,1
P61372,1
P61380,1
P61431,1
P61459,3
P61489,1
P61491,1
P61495,1
P61497,4
P61503,2
P61517,6
P61586,92
P61587,4
P61588,1
P61602,1
P61615,8
P61626,207
P61764,1
P61765,1
P61769,834
P61771,1
P61812,5
P61816,1
P61818,1
P61823,320
P61824,1
P61825,2
P61829,9
P61830,13
P61869,1
P61870,1
P61871,1
P61875,1
P61889,11
P61914,2
P61916,1
P61923,1
P61925,99
P61926,18
P61949,1
P61956,10
P61957,2
P61960,5
P61964,131
P61965,4
P61968,1
P61969,1
P61970,1
P61972,10
P61978,5
P61981,7
P61991,1
P61999,2
P62001,3
P62008,1
P62009,2
P62010,2
P62022,1
P62068,2
P62070,2
P62136,29
P62139,1
P62149,8
P62152,10
P62157,11
P62166,3
P62168,3
P62195,1
P62253,2
P62256,1
P62258,3
P62304,1
P62305,1
P62306,1
P62308,1
P62309,1
P62314,2
P62315,1
P62316,2
P62317,1
P62318,2
P62321,1
P62326,3
P62328,2
P62330,9
P62368,2
P62374,1
P62375,1
P62381,1
P62399,1
P62483,6
P62491,13
P62508,31
P62509,2
P62532,1
P62552,2
P62553,1
P62554,8
P62558,1
P62575,10
P62576,5
P62577,2
P62593,71
P62609,1
P62615,5
P62617,9
P62623,24
P62694,28
P62696,1
P62707,2
P62723,1
P62745,3
P62753,2
P62799,28
P62801,4
P62805,97
P62806,5
P62807,1
P62820,4
P62825,6
P62826,84
P62834,4
P62837,34
P62869,1
P62871,14
P62873,4
P62874,1
P62881,2
P62888,1
P62894,2
P62898,5
P62913,1
P62917,3
P62925,1
P62937,168
P62938,2
P62940,5
P62942,53
P62944,2
P62979,11
P62983,6
P62984,1
P62987,25
P62992,11
P62993,40
P63000,32
P63005,1
P63010,4
P63012,1
P63017,1
P63027,4
P63034,2
P63041,3
P63042,8
P63043,138
P63045,6
P63048,3
P63073,22
P63086,72
P63087,3
P63088,1
P63092,3
P63096,6
P63098,8
P63099,1
P63103,1
P63104,51
P63106,1
P63128,1
P63142,4
P63146,2
P63159,2
P63165,36
P63167,5
P63172,1
P63177,1
P63182,2
P63185,1
P63208,9
P63212,9
P63213,1
P63224,1
P63228,8
P63241,1
P63244,1
P63248,49
P63249,5
P63250,5
P63252,1
P63261,4
P63270,1
P63272,1
P63279,20
P63280,4
P63284,2
P63316,8
P63320,3
P63411,1
P63422,1
P63462,1
P63479,4
P63486,1
P63488,3
P63526,1
P63590,1
P63703,1
P63705,10
P63727,1
P63746,2
P63756,1
P63778,1
P63786,3
P63807,1
P63820,4
P63883,1
P64141,1
P64201,3
P64345,2
P64373,1
P64488,1
P64506,1
P64559,3
P64578,2
P64605,1
P64618,1
P64665,1
P65121,1
P65248,7
P65249,2
P65315,1
P65359,1
P65388,1
P65401,2
P65473,1
P65517,1
P65522,1
P65556,1
P65722,1
P65752,1
P65774,1
P65796,2
P65870,4
P65907,1
P66000,1
P66011,1
P66032,1
P66817,2
P66881,10
P66899,5
P66928,1
P66937,11
P66948,2
P67042,1
P67080,2
P67087,1
P67091,2
P67095,1
P67248,1
P67273,2
P67343,2
P67372,1
P67382,1
P67430,2
P67506,1
P67524,2
P67589,1
P67653,4
P67660,1
P67673,1
P67675,1
P67697,2
P67700,2
P67701,3
P67703,1
P67775,2
P67809,8
P67820,1
P67825,3
P67861,1
P67863,1
P67870,1
P67876,3
P67883,1
P67910,2
P67954,2
P67976,4
P67986,1
P68036,2
P68043,1
P68080,1
P68082,141
P68106,5
P68108,1
P68133,3
P68134,1
P68135,75
P68136,1
P68139,2
P68168,1
P68175,2
P68183,5
P68187,6
P68189,1
P68190,2
P68231,1
P68249,2
P68261,1
P68265,3
P68363,4
P68369,1
P68390,32
P68398,1
P68400,211
P68401,1
P68431,167
P68433,6
P68436,2
P68460,1
P68466,1
P68510,1
P68512,2
P68530,56
P68550,1
P68568,1
P68590,1
P68598,1
P68617,1
P68640,2
P68654,1
P68661,1
P68679,1
P68693,1
P68696,1
P68698,2
P68711,1
P68742,1
P68767,1
P68771,1
P68777,1
P68790,1
P68799,2
P68802,5
P68807,3
P68826,9
P68871,247
P68874,2
P68919,2
P68924,1
P68928,5
P68979,1
P69054,2
P69168,1
P69178,2
P69179,6
P69202,4
P69246,4
P69249,3
P69270,1
P69296,1
P69326,1
P69327,6
P69328,3
P69346,1
P69348,3
P69353,8
P69411,2
P69441,21
P69447,1
P69488,7
P69503,1
P69506,8
P69517,8
P69542,1
P69543,16
P69596,2
P69657,1
P69681,21
P69687,1
P69702,1
P69718,1
P69726,1
P69732,1
P69739,24
P69740,1
P69741,15
P69747,1
P69772,1
P69776,8
P69782,4
P69783,3
P69786,1
P69795,1
P69797,1
P69829,1
P69834,13
P69848,2
P69853,3
P69856,2
P69891,2
P69892,4
P69902,6
P69905,249
P69908,1
P69910,5
P69913,1
P69922,1
P69924,30
P69925,1
P69968,1
P69986,4
P70060,2
P70062,1
P70080,1
P70118,2
P70158,8
P70202,1
P70206,1
P70207,4
P70208,1
P70211,1
P70218,1
P70227,1
P70280,2
P70281,1
P70296,1
P70343,3
P70365,3
P70375,3
P70434,1
P70444,1
P70460,1
P70512,1
P70581,1
P70582,2
P70604,9
P70610,2
P70662,2
P70671,1
P70722,2
P70731,11
P70826,1
P70944,1
P70985,1
P70994,2
P70998,1
P71002,2
P71012,1
P71014,1
P71018,1
P71021,2
P71036,1
P71043,1
P71044,1
P71066,1
P71079,2
P71086,2
P71088,1
P71119,12
P71140,5
P71143,1
P71278,33
P71376,1
P71403,4
P71447,54
P71451,1
P71534,3
P71590,2
P71603,1
P71615,1
P71619,1
P71626,1
P71629,1
P71650,5
P71672,1
P71707,2
P71744,1
P71814,2
P71815,2
P71817,4
P71872,1
P71875,2
P71894,2
P71913,2
P71968,7
P72035,1
P72065,1
P72077,1
P72097,3
P72156,1
P72178,1
P72181,13
P72222,1
P72223,1
P72224,1
P72320,1
P72321,1
P72362,2
P72391,1
P72504,1
P72505,1
P72508,2
P72509,2
P72525,2
P72583,6
P72683,3
P72759,1
P72760,4
P72761,3
P72777,3
P72780,3
P72782,1
P72827,3
P72849,1
P72870,1
P72940,1
P72951,2
P73048,2
P73085,3
P73106,2
P73129,2
P73184,4
P73204,1
P73213,8
P73241,3
P73242,1
P73270,2
P73283,1
P73407,3
P73452,1
P73492,5
P73495,3
P73510,1
P73574,1
P73600,5
P73797,3
P73832,1
P73853,2
P73862,1
P73906,1
P73922,2
P73925,6
P73954,11
P74008,2
P74061,1
P74102,10
P74103,1
P74112,1
P74133,3
P74174,1
P74295,3
P74325,6
P74334,4
P74373,2
P74396,1
P74416,3
P74513,1
P74535,3
P74645,1
P74689,1
P74712,1
P74746,2
P74750,6
P74795,1
P74857,1
P74873,3
P74881,13
P74901,1
P74902,2
P74903,1
P74909,1
P74917,1
P74921,1
P74988,2
P75063,2
P75103,1
P75189,1
P75224,1
P75364,1
P75409,1
P75429,1
P75430,3
P75455,1
P75528,1
P75548,1
P75682,6
P75691,1
P75736,2
P75746,1
P75780,2
P75791,2
P75792,4
P75793,1
P75804,1
P75811,3
P75820,3
P75831,3
P75838,1
P75853,1
P75862,1
P75864,1
P75876,1
P75884,1
P75898,7
P75906,8
P75913,2
P75914,3
P75960,10
P75966,2
P75993,1
P76002,3
P76008,2
P76010,3
P76014,2
P76015,8
P76016,1
P76038,1
P76042,1
P76044,1
P76045,4
P76049,1
P76053,1
P76077,4
P76079,5
P76083,1
P76084,2
P76106,1
P76116,1
P76129,6
P76141,4
P76143,1
P76149,4
P76194,1
P76204,1
P76216,3
P76256,5
P76268,1
P76270,1
P76272,1
P76290,1
P76318,8
P76329,1
P76339,1
P76341,3
P76342,1
P76344,9
P76364,1
P76407,1
P76458,1
P76461,3
P76469,2
P76483,1
P76491,3
P76502,2
P76518,1
P76536,1
P76537,1
P76539,2
P76540,1
P76541,3
P76562,1
P76578,2
P76584,1
P76594,1
P76621,6
P76632,1
P76641,2
P77044,1
P77072,16
P77150,2
P77165,2
P77173,6
P77188,1
P77202,8
P77211,2
P77213,1
P77214,5
P77215,1
P77218,1
P77245,3
P77247,1
P77280,1
P77295,1
P77324,2
P77335,3
P77348,2
P77366,1
P77368,1
P77395,1
P77398,7
P77425,2
P77444,15
P77454,1
P77485,1
P77488,1
P77489,2
P77493,2
P77499,2
P77526,2
P77541,4
P77544,1
P77555,2
P77581,3
P77588,4
P77649,2
P77671,1
P77674,2
P77689,2
P77704,1
P77712,1
P77731,1
P77743,1
P77754,8
P77774,6
P77781,6
P77791,2
P77806,1
P77836,1
P77847,2
P77853,1
P77872,4
P77918,1
P77933,8
P77967,1
P78055,6
P78067,4
P78285,1
P78310,5
P78314,1
P78317,2
P78324,10
P78325,1
P78330,4
P78344,4
P78352,12
P78356,4
P78358,13
P78362,1
P78368,1
P78380,8
P78406,2
P78410,1
P78417,16
P78423,1
P78504,4
P78536,22
P78540,15
P78543,2
P78549,2
P78556,3
P78560,1
P78563,2
P78573,2
P78583,1
P78737,2
P78789,1
P78929,1
P78972,1
P79005,2
P79073,5
P79074,3
P79085,1
P79114,1
P79125,2
P79226,1
P79269,2
P79345,2
P79483,1
P79734,3
P79762,1
P79800,1
P79880,1
P80018,1
P80019,1
P80022,1
P80025,36
P80028,8
P80029,4
P80030,3
P80031,1
P80039,2
P80040,7
P80041,1
P80043,12
P80044,12
P80054,1
P80060,1
P80064,1
P80067,1
P80075,1
P80077,5
P80078,5
P80099,1
P80147,8
P80172,1
P80176,11
P80188,40
P80219,1
P80226,9
P80242,1
P80244,2
P80245,1
P80276,4
P80293,6
P80302,3
P80306,2
P80312,2
P80318,1
P80319,1
P80321,1
P80324,4
P80339,16
P80340,16
P80357,1
P80366,9
P80371,17
P80372,17
P80373,17
P80374,17
P80376,17
P80377,17
P80380,17
P80385,5
P80386,4
P80401,5
P80402,2
P80403,1
P80412,1
P80424,2
P80457,20
P80484,7
P80508,2
P80511,5
P80546,1
P80547,2
P80559,1
P80561,11
P80563,3
P80564,3
P80579,2
P80601,9
P80643,1
P80644,6
P80645,2
P80667,1
P80691,1
P80702,2
P80721,2
P80725,6
P80728,2
P80734,5
P80735,6
P80857,2
P80874,1
P80882,1
P80884,6
P80912,9
P80958,2
P81023,3
P81030,3
P81040,1
P81054,4
P81065,2
P81122,3
P81128,1
P81139,1
P81154,1
P81156,1
P81172,2
P81177,1
P81180,18
P81186,8
P81238,4
P81245,9
P81274,3
P81291,1
P81294,1
P81295,1
P81297,1
P81303,1
P81364,4
P81370,1
P81371,5
P81382,3
P81397,1
P81398,1
P81400,2
P81402,2
P81446,10
P81453,3
P81458,1
P81459,5
P81460,3
P81461,4
P81464,1
P81511,2
P81529,1
P81535,1
P81536,1
P81605,2
P81608,1
P81637,4
P81658,1
P81701,1
P81708,4
P81762,2
P81782,1
P81860,3
P81877,1
P81947,135
P81989,2
P82042,1
P82114,3
P82176,1
P82186,1
P82197,1
P82205,2
P82242,1
P82279,1
P82281,1
P82287,3
P82291,1
P82385,3
P82408,1
P82409,2
P82474,1
P82543,9
P82597,7
P82599,2
P82603,1
P82604,3
P82610,9
P82802,1
P82804,1
P82851,1
P82890,1
P82896,1
P82900,1
P82903,1
P82950,1
P82974,5
P82980,3
P83003,1
P83051,1
P83052,11
P83110,1
P83133,3
P83134,3
P83194,14
P83218,1
P83223,1
P83304,2
P83310,4
P83326,1
P83346,1
P83391,1
P83407,2
P83409,1
P83410,2
P83427,1
P83453,1
P83467,3
P83476,1
P83512,5
P83514,2
P83544,1
P83597,1
P83654,2
P83658,1
P83667,1
P83686,9
P83689,1
P83690,6
P83692,2
P83693,1
P83695,1
P83696,1
P83699,1
P83700,1
P83703,1
P83721,1
P83736,1
P83749,8
P83772,12
P83786,1
P83787,3
P83788,1
P83789,1
P83790,3
P83799,1
P83812,1
P83813,1
P83815,1
P83817,2
P83818,2
P83819,1
P83820,4
P83821,1
P83823,3
P83824,1
P83825,1
P83826,1
P83827,1
P83847,11
P83848,1
P83849,1
P83851,1
P83876,5
P83916,6
P83940,1
P83949,2
P83952,1
P83963,1
P84022,7
P84040,3
P84051,2
P84066,1
P84068,1
P84074,2
P84077,4
P84078,3
P84079,1
P84080,3
P84085,1
P84089,1
P84090,3
P84092,4
P84095,1
P84099,1
P84124,1
P84126,1
P84127,1
P84131,41
P84132,1
P84134,1
P84135,1
P84136,1
P84137,1
P84138,3
P84139,2
P84140,3
P84141,6
P84142,4
P84143,1
P84147,8
P84148,2
P84149,1
P84150,1
P84152,1
P84153,1
P84155,4
P84193,1
P84228,8
P84229,4
P84233,25
P84239,1
P84243,35
P84253,19
P84308,19
P84330,4
P84346,1
P84479,2
P84493,2
P84507,1
P84516,1
P84527,1
P84530,1
P84612,7
P84646,1
P84750,1
P84751,8
P84776,1
P84781,2
P84786,1
P84801,19
P84844,1
P84853,2
P84854,4
P84875,1
P84887,26
P84888,26
P84907,1
P84908,2
P84998,1
P85064,1
P85073,2
P85084,1
P85092,2
P85100,3
P85173,4
P85204,1
P85261,1
P85302,1
P85314,1
P85507,2
P85511,1
P85524,5
P85800,1
P85801,2
P85981,2
P86041,2
P86179,4
P86184,1
P86242,2
P86292,1
P86294,1
P86352,2
P86353,2
P86383,3
P86397,1
P86451,2
P86624,1
P86626,1
P86912,2
P86927,1
P86993,7
P87074,4
P87108,1
P87173,2
P87174,2
P87238,1
P87249,2
P87252,5
P87314,1
P87577,2
P87582,1
P87666,1
P87671,2
P88213,1
P88403,1
P88911,1
P88925,2
P88958,1
P88987,1
P88989,1
P89116,1
P89509,1
P89521,2
P89522,1
P89883,1
P89884,3
P90191,1
P90463,3
P90498,6
P90551,6
P90597,1
P90613,5
P90629,1
P90630,1
P90947,2
P91020,1
P91645,1
P91682,1
P91820,1
P91938,3
P92208,1
P92506,1
P92507,1
P93003,1
P93022,1
P93024,1
P93025,18
P93026,4
P93031,2
P93114,3
P93157,2
P93193,4
P93324,2
P93330,3
P93343,4
P93527,2
P93594,1
P93799,1
P93819,2
P93832,3
P93836,42
P94127,2
P94182,1
P94217,1
P94255,1
P94286,4
P94288,1
P94337,2
P94358,1
P94360,1
P94368,10
P94388,3
P94421,1
P94424,1
P94426,6
P94431,3
P94443,1
P94458,2
P94489,1
P94494,8
P94521,1
P94522,1
P94538,1
P94548,3
P94556,1
P94592,1
P94622,2
P94678,5
P94681,1
P94690,2
P94691,1
P94692,8
P94837,1
P94842,1
P94852,1
P94854,2
P94951,7
P94954,1
P94968,5
P95004,2
P95028,4
P95092,2
P95106,1
P95189,1
P95198,1
P95257,1
P95276,2
P95339,4
P95417,2
P95434,1
P95435,1
P95458,1
P95468,12
P95470,3
P95474,1
P95480,6
P95481,8
P95493,5
P95522,1
P95547,1
P95607,10
P95629,1
P95649,4
P95673,1
P95689,1
P95708,1
P95748,9
P95765,2
P95780,1
P95803,1
P95855,1
P95883,1
P95989,1
P96022,1
P96060,1
P96062,1
P96074,1
P96084,10
P96086,1
P96108,1
P96112,4
P96113,1
P96116,2
P96142,2
P96202,5
P96257,3
P96311,2
P96356,11
P96398,1
P96404,2
P96405,1
P96499,1
P96558,2
P96559,1
P96578,1
P96582,1
P96618,3
P96622,2
P96649,1
P96658,1
P96671,1
P96688,1
P96692,1
P96693,1
P96711,6
P96717,2
P96719,1
P96724,1
P96726,1
P96762,3
P96787,5
P96789,2
P96809,2
P96830,2
P96856,5
P96877,1
P96884,2
P96890,1
P96896,6
P96917,1
P96965,9
P97030,2
P97084,4
P97227,1
P97245,1
P97253,1
P97275,8
P97287,9
P97291,1
P97298,1
P97302,1
P97318,3
P97326,1
P97328,3
P97329,1
P97360,1
P97401,1
P97427,1
P97428,1
P97443,1
P97465,2
P97477,6
P97479,2
P97481,1
P97541,1
P97546,1
P97571,9
P97612,13
P97675,4
P97687,3
P97784,11
P97792,1
P97797,1
P97798,1
P97802,1
P97836,2
P97852,1
P97879,3
P97924,1
P97947,3
P98002,2
P98005,1
P98052,1
P98066,2
P98072,1
P98073,2
P98078,2
P98082,2
P98088,5
P98158,2
P98160,1
P98170,44
P98177,1
P99094,1
P99165,3
P99999,8
P9WEM3,3
P9WF09,1
P9WF13,1
P9WF19,1
P9WF25,3
P9WF43,2
P9WF91,1
P9WF97,1
P9WFA5,1
P9WFB9,1
P9WFC9,1
P9WFE7,1
P9WFF5,3
P9WFF7,4
P9WFG3,1
P9WFG7,3
P9WFG9,1
P9WFI5,1
P9WFK1,4
P9WFK3,1
P9WFK7,20
P9WFN1,1
P9WFQ3,1
P9WFQ9,18
P9WFR9,4
P9WFT3,5
P9WFU1,9
P9WFU3,9
P9WFU9,2
P9WFV1,4
P9WFV7,2
P9WFV9,3
P9WFX1,14
P9WFX2,1
P9WFX5,36
P9WFX7,6
P9WFX9,8
P9WFY1,7
P9WFY7,5
P9WFZ1,1
P9WG19,2
P9WG25,1
P9WG29,4
P9WG35,2
P9WG43,3
P9WG45,7
P9WG47,8
P9WG49,3
P9WG57,4
P9WG59,1
P9WG63,2
P9WG65,1
P9WG67,2
P9WG73,1
P9WG75,1
P9WG81,2
P9WG83,1
P9WGB5,1
P9WGD5,2
P9WGE7,2
P9WGE9,1
P9WGG9,2
P9WGH5,1
P9WGH7,1
P9WGI1,4
P9WGI3,1
P9WGI9,1
P9WGJ9,2
P9WGK1,2
P9WGK2,1
P9WGK3,10
P9WGK7,2
P9WGL5,1
P9WGL9,1
P9WGM1,2
P9WGM3,2
P9WGM5,1
P9WGM7,2
P9WGQ7,1
P9WGR0,2
P9WGR1,88
P9WGT1,3
P9WGT3,4
P9WGT7,1
P9WGU1,3
P9WGV1,1
P9WGV3,5
P9WGV7,1
P9WGW3,1
P9WGW9,1
P9WGX5,1
P9WGX7,1
P9WGY1,6
P9WGY3,1
P9WGY7,1
P9WGY9,3
P9WGZ7,1
P9WH03,1
P9WH11,3
P9WH13,2
P9WH29,1
P9WH43,2
P9WH69,1
P9WH71,1
P9WHE3,1
P9WHE9,6
P9WHF7,1
P9WHF9,3
P9WHH9,5
P9WHJ3,10
P9WHJ5,1
P9WHK3,1
P9WHK7,1
P9WHK9,3
P9WHL1,1
P9WHM1,1
P9WHM5,2
P9WHM7,2
P9WHN5,1
P9WHN7,6
P9WHN9,1
P9WHP7,1
P9WHQ9,3
P9WHR3,1
P9WHR7,4
P9WHR9,3
P9WHT9,5
P9WHU1,4
P9WHU5,1
P9WHV7,1
P9WHW5,2
P9WI55,6
P9WI69,5
P9WI71,1
P9WI73,4
P9WI79,4
P9WI81,15
P9WI83,1
P9WI99,2
P9WIA1,2
P9WIB9,6
P9WIC1,6
P9WIC6,3
P9WIC7,2
P9WIC9,1
P9WID5,13
P9WID9,1
P9WIE2,1
P9WIE3,6
P9WIE5,8
P9WIH3,1
P9WII3,3
P9WII5,2
P9WII9,1
P9WIJ1,1
P9WIJ3,1
P9WIK7,1
P9WIL1,1
P9WIL3,2
P9WIL5,40
P9WIM3,1
P9WIM9,1
P9WIP1,1
P9WIP7,2
P9WIQ1,4
P9WIQ3,3
P9WIR3,1
P9WIR7,2
P9WIT9,11
P9WIU7,1
P9WIV1,1
P9WIV3,3
P9WJ09,2
P9WJ53,1
P9WJ61,7
P9WJ62,1
P9WJ63,2
P9WJ67,1
P9WJ71,1
P9WJ73,6
P9WJ85,1
P9WJ91,1
P9WJA1,2
P9WJA3,2
P9WJA5,1
P9WJA7,1
P9WJA9,2
P9WJB7,3
P9WJC7,1
P9WJD9,3
P9WJF1,15
P9WJG3,4
P9WJH7,2
P9WJJ3,3
P9WJJ5,6
P9WJJ7,3
P9WJK3,1
P9WJK5,2
P9WJK7,2
P9WJL9,1
P9WJM5,1
P9WJM7,3
P9WJN3,3
P9WJR3,1
P9WJR7,1
P9WJT9,1
P9WJW5,2
P9WJY9,1
P9WJZ7,1
P9WK11,12
P9WK13,2
P9WK15,1
P9WK17,43
P9WK19,15
P9WK45,4
P9WK61,1
P9WK65,1
P9WK81,1
P9WK83,1
P9WK91,3
P9WK95,3
P9WKD1,5
P9WKD3,51
P9WKD7,6
P9WKE1,20
P9WKE5,3
P9WKE9,6
P9WKF5,1
P9WKG7,4
P9WKG9,3
P9WKH3,6
P9WKI1,1
P9WKI7,8
P9WKJ1,6
P9WKJ5,1
P9WKJ7,1
P9WKK3,1
P9WKK7,10
P9WKK9,2
P9WKL1,1
P9WKL5,4
P9WKX5,2
P9WKZ1,2
P9WKZ3,2
P9WL61,1
P9WLF1,1
P9WLH5,1
P9WLL7,2
P9WLM7,1
P9WLP7,1
P9WLP9,1
P9WLS2,1
P9WLS3,1
P9WLU3,1
P9WLZ7,3
P9WM67,1
P9WMB9,2
P9WMC1,86
P9WMC9,1
P9WME7,2
P9WME9,4
P9WMF1,1
P9WMF9,3
P9WMH1,3
P9WMH3,3
P9WMH5,2
P9WMI5,1
P9WMJ3,1
P9WMJ5,1
P9WMJ9,1
P9WMK5,1
P9WMK9,1
P9WML5,2
P9WML7,1
P9WML9,9
P9WMM5,4
P9WMM9,2
P9WMN1,4
P9WMN3,10
P9WMR3,1
P9WMR9,3
P9WMU1,1
P9WMU9,4
P9WMW9,4
P9WN21,2
P9WN23,2
P9WN25,9
P9WN31,2
P9WN39,7
P9WN45,1
P9WN55,3
P9WN69,1
P9WN93,14
P9WN95,8
P9WNA5,2
P9WNA9,1
P9WNB1,2
P9WNC5,3
P9WND1,1
P9WNE1,2
P9WNG3,8
P9WNG5,1
P9WNH1,4
P9WNH5,7
P9WNI9,1
P9WNK3,2
P9WNK5,2
P9WNK7,1
P9WNL1,4
P9WNL5,1
P9WNM5,3
P9WNN9,5
P9WNP1,6
P9WNP3,1
P9WNP5,8
P9WNP7,1
P9WNR7,2
P9WNR9,1
P9WNS1,16
P9WNS3,3
P9WNS5,13
P9WNU0,1
P9WNU1,2
P9WNV1,6
P9WNV3,6
P9WNW1,2
P9WNW3,2
P9WNW7,2
P9WNX1,52
P9WNX3,2
P9WNX5,2
P9WNY5,9
P9WNZ5,1
P9WP01,5
P9WP11,1
P9WP15,4
P9WP17,2
P9WP21,2
P9WP23,6
P9WP25,3
P9WP31,1
P9WP33,1
P9WP53,8
P9WP55,4
P9WP65,5
P9WP79,3
P9WP83,2
P9WP99,5
P9WPA5,14
P9WPA7,19
P9WPB1,4
P9WPB3,1
P9WPB5,1
P9WPB7,3
P9WPC1,7
P9WPC9,11
P9WPE1,9
P9WPE9,1
P9WPF1,1
P9WPF3,6
P9WPF9,1
P9WPG7,2
P9WPH3,3
P9WPH5,1
P9WPH9,1
P9WPJ6,2
P9WPJ7,1
P9WPJ9,2
P9WPL1,1
P9WPL5,5
P9WPN5,4
P9WPN8,4
P9WPP1,14
P9WPP3,8
P9WPP7,58
P9WPP9,12
P9WPQ5,33
P9WPQ9,2
P9WPV9,1
P9WPW1,1
P9WPW9,1
P9WPX3,2
P9WPX7,22
P9WPX9,2
P9WPY1,6
P9WPY3,20
P9WPY5,7
P9WPY7,2
P9WPY9,6
P9WPZ1,3
P9WPZ3,2
P9WPZ5,1
P9WPZ7,3
P9WPZ9,6
P9WQ01,16
P9WQ13,1
P9WQ35,2
P9WQ37,2
P9WQ59,2
P9WQ67,1
P9WQ69,1
P9WQ73,2
P9WQ75,2
P9WQ77,7
P9WQ80,3
P9WQ81,20
P9WQA3,8
P9WQA5,1
P9WQA9,2
P9WQB1,5
P9WQB3,7
P9WQB5,3
P9WQB7,1
P9WQD3,4
P9WQD7,1
P9WQD9,13
P9WQE5,1
P9WQF9,1
P9WQG7,2
P9WQG9,4
P9WQH3,1
P9WQH5,5
P9WQH7,1
P9WQN5,3
P9WQN7,1
P9WQN9,17
P9WQP1,4
P9WQP5,1
Q00001,1
Q00013,1
Q00017,5
Q00019,4
Q00022,5
Q00055,1
Q00059,2
Q000H7,8
Q000T0,2
Q00168,3
Q00169,1
Q00177,1
Q00194,1
Q00205,1
Q00266,3
Q00277,2
Q00363,1
Q00384,2
Q00416,3
Q00420,1
Q00422,1
Q00433,3
Q00441,9
Q00456,20
Q00457,20
Q00458,4
Q00459,18
Q00460,20
Q00496,5
Q00499,3
Q004B5,3
Q00511,80
Q00516,2
Q00517,3
Q00518,1
Q00532,1
Q00534,6
Q00535,5
Q00536,2
Q00560,1
Q00604,5
Q00609,1
Q00610,8
Q00613,5
Q00653,1
Q00663,1
Q00684,6
Q00688,3
Q00704,2
Q00722,2
Q00740,6
Q00756,1
Q00780,1
Q00796,3
Q007T0,1
Q00802,2
Q00805,1
Q00855,2
Q00872,1
Q00901,2
Q00942,2
Q00944,19
Q00955,12
Q00958,2
Q00959,29
Q00960,3
Q00972,12
Q00987,116
Q00P86,1
Q01064,7
Q01080,2
Q01081,1
Q01082,3
Q01083,2
Q01094,5
Q01095,1
Q01102,1
Q01105,2
Q01137,2
Q01151,3
Q01167,1
Q01172,2
Q01196,1
Q01217,2
Q01220,1
Q01225,2
Q01234,6
Q01245,1
Q01269,2
Q01292,2
Q01299,3
Q01344,2
Q01368,1
Q01381,1
Q01401,4
Q01415,2
Q01433,2
Q01448,1
Q01454,1
Q01468,10
Q01469,13
Q01471,1
Q01477,1
Q01484,6
Q01494,1
Q01502,2
Q01515,1
Q01523,9
Q01524,2
Q01525,2
Q01532,8
Q01538,1
Q01543,1
Q01560,1
Q01563,1
Q01565,1
Q01567,2
Q01574,1
Q01581,1
Q01594,3
Q01609,1
Q01641,2
Q01663,1
Q01668,1
Q01693,22
Q01698,1
Q01705,8
Q01738,6
Q01747,1
Q01770,3
Q01780,1
Q01782,8
Q01786,2
Q01812,1
Q01826,5
Q01831,2
Q01842,2
Q01926,1
Q01952,1
Q01955,1
Q01962,1
Q01968,3
Q01973,3
Q01974,5
Q01IL6,1
Q01IX6,1
Q01JP8,1
Q01YM8,2
Q02059,1
Q02060,1
Q02062,1
Q02078,6
Q02080,4
Q02083,1
Q02088,3
Q02108,2
Q02111,1
Q02115,1
Q02127,88
Q02150,3
Q02153,3
Q02156,1
Q02159,1
Q02169,2
Q02189,1
Q02192,1
Q02195,1
Q02197,2
Q02201,1
Q02205,1
Q02206,4
Q02208,1
Q02218,1
Q02219,2
Q02223,2
Q02224,4
Q02242,6
Q02248,11
Q02251,1
Q02280,3
Q02293,29
Q02294,1
Q02308,1
Q02321,12
Q02323,3
Q02336,1
Q02363,1
Q02385,1
Q02410,2
Q02440,2
Q02457,2
Q02471,1
Q02486,1
Q02499,1
Q02548,1
Q02554,1
Q02555,2
Q02567,9
Q02635,1
Q02643,1
Q02647,2
Q02724,6
Q02745,3
Q02750,34
Q02754,1
Q02760,1
Q02761,1
Q02762,7
Q02763,9
Q02767,3
Q02779,1
Q02784,1
Q02789,1
Q02790,8
Q02793,2
Q02817,2
Q02821,8
Q02834,10
Q02843,1
Q02874,1
Q02880,8
Q02884,1
Q02899,22
Q02934,1
Q02936,3
Q02939,1
Q02948,1
Q02970,1
Q02H34,1
Q02K94,1
Q02ML7,1
Q02MM2,4
Q02PF8,2
Q02RJ6,2
Q02RL6,3
Q02RY8,3
Q03001,1
Q03023,4
Q03026,1
Q03034,5
Q03036,1
Q03039,2
Q03048,5
Q03067,5
Q03071,1
Q03103,2
Q03111,17
Q03112,1
Q03131,3
Q03132,2
Q03133,3
Q03137,5
Q03145,1
Q03148,3
Q03154,1
Q03161,3
Q03164,21
Q03173,2
Q03181,34
Q031W6,1
Q03202,2
Q03243,1
Q03252,1
Q03266,1
Q03281,1
Q03304,1
Q03322,3
Q03330,3
Q03338,1
Q03347,8
Q03386,2
Q03393,1
Q03405,3
Q03406,1
Q03426,1
Q03431,5
Q03445,2
Q03456,2
Q03463,5
Q03464,1
Q03468,1
Q03471,1
Q034D9,1
Q034N3,1
Q034Q3,1
Q03503,2
Q03511,1
Q03513,4
Q03518,1
Q03526,1
Q03555,16
Q03557,2
Q03558,2
Q03591,1
Q035U5,1
Q03629,1
Q03656,6
Q03661,1
Q03689,1
Q03692,1
Q036L9,4
Q03705,4
Q03707,1
Q03708,12
Q03723,3
Q03736,6
Q03746,1
Q03760,1
Q03769,4
Q03774,1
Q03790,1
Q03818,3
Q03835,2
Q03909,1
Q03933,5
Q03944,1
Q03957,1
Q03988,2
Q03B84,1
Q03BX7,1
Q03BZ3,1
Q03DN6,1
Q03E11,1
Q03HU7,1
Q03Q08,2
Q03Q50,1
Q03Q85,2
Q03R62,1
Q03RR4,2
Q03S37,1
Q03SP4,1
Q03SR9,1
Q03T70,1
Q03TH6,2
Q03Z32,1
Q03ZI1,1
Q04002,1
Q04049,6
Q04066,1
Q04067,1
Q04081,5
Q04089,1
Q04111,1
Q04112,2
Q04114,1
Q04120,1
Q04178,2
Q04205,1
Q04206,80
Q04207,12
Q04211,1
Q04213,1
Q04217,2
Q04230,2
Q04245,1
Q04272,1
Q04299,3
Q042F4,1
Q04338,2
Q04371,3
Q04372,1
Q04377,1
Q04410,1
Q04416,14
Q04430,1
Q04432,4
Q04437,1
Q04439,2
Q04475,1
Q04477,3
Q04491,2
Q04544,22
Q04609,79
Q04631,30
Q04636,3
Q04637,9
Q04640,1
Q04651,1
Q04656,1
Q04660,1
Q04673,1
Q04694,1
Q04721,2
Q04724,4
Q04736,1
Q04756,2
Q04759,3
Q04760,7
Q04771,75
Q04777,1
Q04781,1
Q04804,1
Q04815,1
Q04828,6
Q04830,5
Q04837,4
Q04839,1
Q04863,3
Q04866,1
Q04868,1
Q04912,3
Q04917,2
Q04AV7,1
Q04CY6,1
Q04D10,1
Q04D30,1
Q04DI1,1
Q04HB7,1
Q04HE1,1
Q04HJ2,1
Q04I02,1
Q04IN8,2
Q04JH4,1
Q04KU2,1
Q04LE4,3
Q04LZ5,1
Q04M32,5
Q04ML5,4
Q04PE5,1
Q04QG8,1
Q04TM5,1
Q04TM7,1
Q04TM9,1
Q04TP4,1
Q05022,1
Q05048,1
Q05066,1
Q05086,4
Q05096,1
Q05097,27
Q05098,1
Q05110,1
Q05115,7
Q05127,21
Q05128,6
Q05152,1
Q05193,7
Q05195,1
Q05209,2
Q05213,2
Q05315,37
Q05320,13
Q05322,1
Q05323,2
Q05329,1
Q05354,1
Q05397,26
Q05470,3
Q05471,1
Q05490,1
Q05506,1
Q05514,4
Q05516,3
Q05581,5
Q05583,1
Q05586,19
Q05592,2
Q05599,2
Q05603,34
Q05608,1
Q05609,1
Q05639,1
Q05652,2
Q05655,1
Q05753,1
Q05769,31
Q05776,3
Q05778,1
Q05783,1
Q05785,4
Q05789,1
Q05793,2
Q05816,4
Q05823,3
Q05866,1
Q05871,7
Q05876,1
Q05905,1
Q05909,3
Q05929,1
Q05939,1
Q059G6,1
Q05B79,2
Q05BQ5,2
Q05BX2,5
Q05FZ3,1
Q05H60,6
Q05JF3,2
Q06069,2
Q06078,1
Q06110,1
Q06117,1
Q06121,23
Q06124,78
Q06128,1
Q06129,1
Q06135,11
Q06141,2
Q06142,3
Q06151,1
Q06164,1
Q06174,2
Q06187,113
Q06190,1
Q06198,2
Q06210,10
Q06224,1
Q06241,1
Q06253,5
Q06259,3
Q06263,1
Q06277,3
Q06283,1
Q06287,4
Q06319,1
Q06321,1
Q06336,2
Q06338,1
Q06390,1
Q06406,1
Q06418,1
Q06433,1
Q06445,1
Q06449,2
Q06453,2
Q06455,1
Q06481,2
Q06486,2
Q06488,1
Q06489,1
Q06505,3
Q06520,4
Q06528,12
Q06549,1
Q06579,1
Q06584,1
Q06592,1
Q06602,1
Q06609,1
Q06623,1
Q06681,3
Q06685,2
Q06691,1
Q06696,2
Q06697,2
Q06700,1
Q06749,2
Q06755,3
Q06756,2
Q06778,2
Q06787,3
Q06801,4
Q06828,1
Q06830,10
Q06831,1
Q06848,1
Q06850,1
Q06851,8
Q06853,1
Q06877,1
Q06892,1
Q06971,1
Q06994,4
Q06A48,1
Q06A71,2
Q06AA4,1
Q06AK3,1
Q06B72,1
Q06B74,1
Q06B75,1
Q06GJ0,9
Q06K28,1
Q06KA2,2
Q06S87,5
Q06YR3,1
Q06ZW0,1
Q06ZW2,1
Q07006,1
Q07008,1
Q07009,2
Q07010,9
Q07011,4
Q07021,1
Q07075,7
Q07108,5
Q07157,9
Q07181,1
Q071N0,1
Q07230,1
Q07296,1
Q07340,1
Q07341,1
Q07343,35
Q07409,1
Q07412,27
Q07419,1
Q07422,3
Q07440,4
Q07448,1
Q07449,1
Q07457,1
Q07478,1
Q07523,2
Q07524,4
Q07596,1
Q07599,11
Q07607,1
Q07652,1
Q07654,1
Q07657,1
Q07661,1
Q07666,1
Q07688,6
Q07717,19
Q07729,2
Q07731,1
Q07763,2
Q07775,1
Q07785,4
Q07794,3
Q07802,1
Q07807,1
Q07812,23
Q07813,1
Q07817,76
Q07820,104
Q07832,3
Q07841,6
Q07864,1
Q07866,1
Q07869,62
Q07889,61
Q07890,9
Q07912,10
Q07914,1
Q07923,1
Q07930,3
Q07951,1
Q07954,1
Q07960,10
Q07982,5
Q07D00,1
Q07FI1,1
Q07WU7,2
Q07X94,1
Q07XK4,1
Q07XY2,1
Q07YH2,1
Q07Z15,2
Q08001,1
Q08024,2
Q08043,2
Q08048,2
Q08050,1
Q08096,1
Q080S8,1
Q08116,1
Q08162,1
Q08169,2
Q08179,1
Q08180,1
Q08188,7
Q08199,1
Q08204,1
Q08209,11
Q08210,25
Q08211,1
Q08215,1
Q08220,2
Q08225,1
Q08231,2
Q08235,1
Q08236,1
Q08255,3
Q08257,1
Q08282,2
Q08285,1
Q08291,1
Q082D2,1
Q082J6,1
Q08303,2
Q08326,1
Q08334,1
Q08345,30
Q08379,3
Q08380,2
Q08414,1
Q08432,1
Q08457,1
Q08465,1
Q08467,5
Q08484,2
Q08491,2
Q08493,1
Q08499,104
Q08506,1
Q08509,3
Q085A0,1
Q08601,2
Q08602,20
Q08603,20
Q08623,1
Q08636,2
Q08637,2
Q08638,29
Q08649,7
Q08685,1
Q08686,1
Q08689,1
Q086E4,1
Q08713,1
Q08722,9
Q08723,8
Q08729,1
Q08742,1
Q08746,2
Q08751,5
Q08753,2
Q08787,1
Q087X8,1
Q08826,2
Q08831,2
Q08840,1
Q08874,3
Q08881,26
Q08884,1
Q088B8,1
Q08914,2
Q08924,1
Q08932,1
Q08945,6
Q08957,1
Q08965,1
Q08999,1
Q08AE8,3
Q08AF3,1
Q08AG7,1
Q08AH3,6
Q08AS3,1
Q08BA6,2
Q08C52,1
Q08CF3,1
Q08D68,2
Q08FX8,1
Q08GC7,1
Q08I46,2
Q08J22,2
Q08JP6,1
Q09013,1
Q09024,1
Q09028,14
Q09057,2
Q09064,3
Q09065,5
Q09066,1
Q09067,2
Q09099,1
Q09128,1
Q09161,6
Q09176,1
Q09293,3
Q09312,16
Q09324,2
Q09328,9
Q09374,1
Q09472,24
Q09487,4
Q09490,3
Q09514,1
Q09535,1
Q09596,1
Q09666,1
Q09683,3
Q09734,2
Q09761,1
Q097N3,4
Q09808,2
Q09858,1
Q09906,1
Q09E27,7
Q09HD0,8
Q09JR9,1
Q09JX9,3
Q09LX0,4
Q09LX1,8
Q09LY5,4
Q09LY9,12
Q09LZ0,1
Q09LZ6,2
Q09TX9,1
Q09WL7,1
Q0A3A5,1
Q0A480,1
Q0AU90,1
Q0AZ30,1
Q0AZ52,1
Q0B0G9,1
Q0B0W9,1
Q0B2F6,3
Q0B2N4,2
Q0B313,1
Q0B4G1,6
Q0B681,1
Q0B6Q2,1
Q0BRB0,1
Q0C365,1
Q0C8A2,4
Q0C8G1,4
Q0CCT3,5
Q0CMX0,5
Q0CMZ1,4
Q0D8K4,1
Q0DI31,1
Q0DPB7,5
Q0E5W5,1
Q0E7J7,1
Q0E8P0,1
Q0E9H9,9
Q0EAC1,1
Q0EAC2,1
Q0ED31,24
Q0FPQ4,2
Q0G7J9,1
Q0GBY3,1
Q0GC07,3
Q0GF90,1
Q0GMU1,1
Q0GMU2,13
Q0GMU3,4
Q0GRC4,1
Q0GY13,2
Q0GYW2,1
Q0H0G9,1
Q0H2W9,2
Q0H2X1,1
Q0H8B9,1
Q0HD59,3
Q0HD60,1
Q0I0Z6,1
Q0I165,1
Q0I1B9,1
Q0I1W8,1
Q0I3M3,1
Q0I3S1,1
Q0I408,1
Q0I4G3,1
Q0I9X8,20
Q0IFG2,2
Q0IG34,1
Q0IH16,1
Q0IH98,1
Q0IIP8,2
Q0INY7,4
Q0IQK9,4
Q0J7P4,1
Q0J8A4,2
Q0JLP9,1
Q0JMY8,1
Q0JRZ9,4
Q0K312,2
Q0K313,3
Q0K371,1
Q0KBC8,1
Q0KBG3,2
Q0KBP1,2
Q0KC03,1
Q0KDY2,2
Q0KDY3,2
Q0KFV0,2
Q0KHR3,1
Q0KJL4,3
Q0KKI6,2
Q0MRG5,1
Q0MRQ4,1
Q0MX25,1
Q0P543,1
Q0P6M2,1
Q0P7K7,1
Q0P7K8,3
Q0P7Q2,1
Q0P7Q4,1
Q0P7Y3,4
Q0P823,1
Q0P842,1
Q0P844,3
Q0P864,10
Q0P891,1
Q0P897,2
Q0P8B2,1
Q0P8E9,1
Q0P8G4,2
Q0P8H3,1
Q0P8H5,1
Q0P8I4,3
Q0P8I6,3
Q0P8I7,2
Q0P8I9,1
Q0P8L1,2
Q0P8Q4,16
Q0P8U5,2
Q0P8W7,2
Q0P8W8,1
Q0P9C3,1
Q0P9D1,8
Q0P9D3,1
Q0P9J4,2
Q0P9S0,1
Q0P9V0,2
Q0P9X8,1
Q0PA13,1
Q0PA35,3
Q0PA47,1
Q0PAA2,2
Q0PAS0,1
Q0PAS1,1
Q0PAX7,1
Q0PAX8,1
Q0PAY2,1
Q0PB28,2
Q0PB48,1
Q0PB90,1
Q0PBB6,1
Q0PBC3,1
Q0PBL7,5
Q0PBP6,1
Q0PBQ7,1
Q0PBT7,1
Q0PBV2,1
Q0PBW2,1
Q0PBW4,2
Q0PBZ1,1
Q0PC20,6
Q0PC47,1
Q0PC96,1
Q0PCD7,1
Q0PF16,5
Q0PGJ6,1
Q0PMD2,1
Q0PQ60,2
Q0PQZ5,1
Q0PRF2,1
Q0PRN1,1
Q0PW17,1
Q0PW92,2
Q0QC76,1
Q0QF01,1
Q0QHL8,2
Q0QJA3,4
Q0QLE9,1
Q0QLF1,1
Q0QLF2,1
Q0QLF3,1
Q0QLF4,1
Q0QLF5,1
Q0R411,1
Q0RVH7,1
Q0RX74,1
Q0RYE0,1
Q0S167,1
Q0S195,1
Q0S2K3,1
Q0S3N9,1
Q0S4E1,1
Q0S4E5,1
Q0S4Q9,2
Q0S5Y9,1
Q0S658,1
Q0S6D0,2
Q0S6I7,1
Q0S7I6,1
Q0S7P9,3
Q0S7Q0,3
Q0S7R9,1
Q0S7V2,1
Q0S811,1
Q0S814,1
Q0S8G3,1
Q0S8Y1,1
Q0S8Y3,1
Q0S912,1
Q0S914,1
Q0S966,1
Q0S9B8,1
Q0S9X1,2
Q0S9X7,1
Q0SB06,1
Q0SB15,1
Q0SBK1,8
Q0SCI3,3
Q0SCU8,1
Q0SD48,1
Q0SDB1,2
Q0SE24,6
Q0SE57,1
Q0SFK6,6
Q0SFL8,1
Q0SFM8,1
Q0SH23,1
Q0SHW9,1
Q0SI31,1
Q0SK70,1
Q0SPG7,2
Q0SWL7,3
Q0T5U2,1
Q0TR53,15
Q0TTB4,1
Q0TTH1,4
Q0TUN8,1
Q0TV31,4
Q0UIL6,3
Q0VAS5,1
Q0VGL1,5
Q0VSW0,1
Q0VTF8,1
Q0WA27,1
Q0WA92,3
Q0WFT9,1
Q0WHI2,2
Q0WP12,1
Q0WPX7,1
Q0WUQ1,2
Q0WXP5,1
Q0WXX2,1
Q0WYG9,1
Q0WYK2,3
Q0X0A7,1
Q0Z7S8,2
Q0Z8S4,1
Q0Z952,1
Q0ZCG9,1
Q0ZCI9,1
Q0ZIH5,2
Q0ZPV7,2
Q0ZQ39,1
Q0ZQ43,1
Q0ZUL0,2
Q10103,1
Q10108,3
Q10109,1
Q10113,1
Q10199,1
Q10256,1
Q10265,1
Q10295,1
Q10337,2
Q10343,1
Q10356,3
Q10423,1
Q10432,1
Q10469,2
Q10471,9
Q10570,1
Q10588,4
Q10589,2
Q10657,1
Q10666,1
Q10712,2
Q10714,26
Q10740,2
Q10896,2
Q10905,2
Q10BI6,2
Q10CE7,1
Q10J20,2
Q10QA5,14
Q10Z45,3
Q11120,1
Q11174,3
Q11176,2
Q119I9,2
Q11B79,1
Q11C84,1
Q11H97,2
Q11KV9,7
Q11ZY2,1
Q12009,2
Q12018,1
Q12038,1
Q12045,2
Q12046,3
Q12051,23
Q12053,4
Q12063,1
Q12068,2
Q12083,3
Q12098,3
Q120R1,1
Q12102,1
Q12104,1
Q12109,2
Q12118,3
Q12125,1
Q12129,2
Q12149,6
Q12154,5
Q12158,1
Q12163,1
Q12165,1
Q12178,10
Q12186,3
Q12189,1
Q121U0,1
Q12200,1
Q12208,1
Q12211,1
Q12245,1
Q12284,2
Q12285,5
Q122C7,2
Q12305,1
Q12306,34
Q12314,4
Q12315,2
Q12318,3
Q12341,2
Q12373,1
Q12380,2
Q12390,3
Q12395,4
Q12396,3
Q12400,1
Q12404,1
Q12405,1
Q12415,1
Q12420,2
Q12432,2
Q12438,2
Q12440,1
Q12446,1
Q12449,1
Q12453,1
Q12460,1
Q12476,1
Q124A1,1
Q12517,1
Q12518,2
Q12522,1
Q12527,1
Q12567,1
Q12571,1
Q12629,3
Q12634,3
Q12657,4
Q12692,2
Q126W8,1
Q12715,3
Q12718,1
Q12723,1
Q12737,7
Q12756,1
Q12778,6
Q12791,1
Q12794,1
Q12797,25
Q12802,2
Q12809,2
Q12824,3
Q12830,35
Q12834,7
Q12849,2
Q12852,10
Q12860,1
Q12864,2
Q12866,25
Q12879,12
Q12888,29
Q128M1,2
Q12904,3
Q12906,3
Q12913,2
Q12918,3
Q12923,4
Q12931,6
Q12933,11
Q12955,1
Q12959,7
Q12962,14
Q12967,1
Q12968,1
Q12972,1
Q12996,1
Q129C0,1
Q12BV1,2
Q12CD8,1
Q12CU4,1
Q12G50,1
Q12GE3,2
Q12GY8,1
Q12HD7,1
Q12HR3,1
Q12KE2,1
Q12KP2,1
Q12KT8,2
Q12L70,1
Q12M27,2
Q12M31,1
Q12MB1,1
Q12ML0,1
Q12MY8,1
Q12QS6,5
Q12R70,2
Q12RS4,1
Q12TI0,1
Q12W16,1
Q13002,2
Q13007,2
Q13009,9
Q13011,1
Q13018,1
Q13029,1
Q13033,2
Q13043,7
Q13049,1
Q13075,1
Q13085,1
Q13093,31
Q13094,2
Q13105,5
Q13107,1
Q13114,1
Q13126,18
Q13127,1
Q13133,4
Q13136,1
Q13137,6
Q13144,1
Q13148,8
Q13153,32
Q13155,6
Q13158,1
Q13162,11
Q13163,2
Q13164,9
Q13177,1
Q13185,6
Q13188,7
Q13191,19
Q13202,1
Q13206,1
Q13224,2
Q13231,18
Q13232,6
Q13233,1
Q13237,5
Q13241,1
Q13253,1
Q13255,1
Q13257,3
Q13261,3
Q13263,2
Q13283,7
Q13285,2
Q13291,4
Q13303,1
Q13308,1
Q13309,2
Q13322,1
Q13324,1
Q13325,5
Q13330,4
Q13332,3
Q13336,1
Q13356,1
Q13362,2
Q13363,8
Q13370,1
Q13387,1
Q13393,1
Q13395,1
Q13404,1
Q13416,1
Q13418,8
Q13422,1
Q13423,3
Q13425,1
Q13426,9
Q13427,3
Q13432,6
Q13438,1
Q13439,2
Q13445,1
Q13451,111
Q13454,4
Q13459,2
Q13464,5
Q13467,3
Q13469,2
Q13470,3
Q13477,5
Q13480,1
Q13485,4
Q13489,2
Q13490,18
Q13501,9
Q13509,2
Q13510,1
Q13523,7
Q13526,96
Q13541,15
Q13542,1
Q13546,11
Q13554,1
Q13555,2
Q13557,6
Q13563,2
Q13568,1
Q13569,16
Q13572,4
Q13574,1
Q13576,2
Q13586,1
Q13609,1
Q13613,1
Q13614,3
Q13616,3
Q13618,2
Q13625,5
Q13627,52
Q13630,1
Q13635,4
Q13637,2
Q13641,3
Q13686,2
Q13698,2
Q13705,3
Q13740,1
Q13765,3
Q13772,1
Q13794,1
Q13813,7
Q13822,3
Q13825,3
Q13838,4
Q13867,1
Q13873,5
Q13882,7
Q13884,2
Q13885,2
Q13905,1
Q13907,4
Q13936,14
Q13946,4
Q13952,8
Q13976,17
Q139W5,1
Q13AR6,3
Q13GE3,1
Q13GE9,1
Q13GG5,1
Q13GL4,1
Q13GR0,1
Q13HC1,1
Q13HF0,1
Q13HH1,1
Q13HN3,1
Q13I95,1
Q13IQ2,1
Q13J81,1
Q13JM0,2
Q13JS1,1
Q13KT2,1
Q13LR5,1
Q13M28,1
Q13MR9,1
Q13MU9,1
Q13NG8,1
Q13PB7,5
Q13PU4,1
Q13PY7,1
Q13Q05,1
Q13QT8,2
Q13RP4,1
Q13S43,1
Q13SV4,1
Q13TZ4,1
Q13UL1,1
Q13VL5,1
Q13VQ7,1
Q13W28,1
Q13WC0,1
Q13WK3,3
Q13WK4,5
Q13WK7,1
Q13XB1,2
Q13YM5,1
Q14002,1
Q14004,2
Q14005,1
Q14008,2
Q14011,1
Q14012,2
Q14019,3
Q14050,4
Q14055,4
Q14103,1
Q14114,1
Q14116,8
Q14118,7
Q14135,1
Q14141,1
Q14142,1
Q14145,74
Q14149,6
Q14155,1
Q14160,21
Q14165,4
Q14183,1
Q14185,1
Q14186,1
Q14191,17
Q14195,2
Q141E8,1
Q14203,7
Q14204,1
Q14209,1
Q14240,1
Q14242,1
Q14247,1
Q14258,4
Q14289,15
Q142X8,1
Q14315,5
Q14318,3
Q14332,1
Q14353,1
Q14376,7
Q14393,2
Q14397,14
Q14416,3
Q14432,4
Q14444,4
Q14449,2
Q14451,8
Q14457,14
Q14493,1
Q14498,4
Q144Z1,1
Q14515,1
Q14524,3
Q14527,5
Q14534,2
Q14554,1
Q14562,2
Q14565,1
Q14596,2
Q145Q0,1
Q14623,6
Q14653,14
Q14657,1
Q14669,2
Q14671,8
Q14676,9
Q14677,3
Q14678,2
Q14679,1
Q14680,21
Q14683,11
Q14691,2
Q14694,1
Q146K3,1
Q146M9,1
Q14721,1
Q14728,1
Q14781,2
Q14790,16
Q14807,1
Q14831,1
Q14832,2
Q14847,1
Q14849,4
Q14896,2
Q148J6,4
Q148M6,1
Q14914,2
Q14974,4
Q14980,3
Q14995,5
Q149C2,1
Q149N8,1
Q14BN4,3
Q14CM0,4
Q14F22,1
Q14F36,1
Q14JW6,1
Q14U75,3
Q14U76,2
Q15004,1
Q15006,1
Q15013,1
Q15019,2
Q15020,2
Q15025,6
Q15027,4
Q15036,2
Q15046,6
Q15047,24
Q15057,1
Q15059,22
Q15063,1
Q15075,2
Q15078,5
Q15080,4
Q15084,4
Q15109,15
Q15113,1
Q15116,15
Q15118,5
Q15119,30
Q15120,2
Q15121,1
Q15126,1
Q15149,7
Q15154,3
Q15181,2
Q15185,1
Q15208,1
Q15223,1
Q15233,3
Q15256,1
Q15257,5
Q15262,1
Q15274,1
Q15276,4
Q15286,4
Q15287,1
Q15291,6
Q15303,3
Q15306,4
Q15311,2
Q15326,2
Q15363,1
Q15365,2
Q15366,3
Q15369,58
Q15370,59
Q15375,4
Q15382,7
Q15388,1
Q15389,4
Q15393,1
Q15397,1
Q15399,4
Q15404,3
Q15413,1
Q15418,17
Q15431,5
Q15436,3
Q15438,1
Q15459,1
Q15465,7
Q15466,6
Q15468,3
Q15475,1
Q15485,7
Q15493,4
Q15542,2
Q15545,1
Q15554,11
Q15561,14
Q15562,26
Q15582,2
Q15583,1
Q15596,282
Q15599,3
Q155Q3,1
Q155Z9,2
Q15628,2
Q15631,1
Q15633,3
Q15637,2
Q15642,1
Q15645,1
Q15646,1
Q15648,64
Q15650,5
Q15652,3
Q15661,13
Q15678,3
Q15691,26
Q15700,2
Q15717,8
Q15744,1
Q15746,3
Q15750,17
Q15751,2
Q15759,3
Q15762,1
Q15771,1
Q15772,1
Q15782,5
Q15788,194
Q15796,6
Q15797,3
Q15811,4
Q15813,2
Q15818,1
Q15819,13
Q15828,3
Q15835,1
Q15843,7
Q15848,3
Q15858,1
Q15878,1
Q15907,2
Q15910,15
Q15EG8,1
Q15GI4,7
Q15JG1,5
Q15KI8,14
Q160Z9,1
Q16181,3
Q16186,6
Q161M1,1
Q16222,5
Q16236,12
Q16254,1
Q16281,1
Q16288,5
Q16348,1
Q163F0,1
Q16512,4
Q16513,2
Q16514,1
Q16531,12
Q16539,226
Q16543,3
Q16548,24
Q16552,17
Q16555,12
Q16566,1
Q16570,2
Q16576,2
Q16584,4
Q16594,1
Q16595,10
Q16602,9
Q16611,34
Q16620,5
Q16625,3
Q16627,2
Q16630,3
Q16637,4
Q16643,1
Q16644,5
Q16647,2
Q16649,3
Q16651,8
Q16654,7
Q16655,13
Q16656,2
Q16658,17
Q16659,2
Q16665,19
Q16666,5
Q16667,1
Q16674,2
Q16695,9
Q16696,5
Q16698,3
Q166H0,1
Q16719,2
Q16740,3
Q16763,6
Q16769,33
Q16772,2
Q16773,6
Q16774,1
Q16775,2
Q16778,5
Q16790,26
Q16820,2
Q16825,1
Q16827,2
Q16828,1
Q16829,1
Q16831,3
Q16832,2
Q16836,11
Q16849,6
Q16850,4
Q16853,1
Q16873,9
Q16875,17
Q16878,15
Q16881,1
Q16938,1
Q16968,5
Q16980,1
Q16BC9,2
Q16C67,1
Q16CN9,2
Q16FX9,1
Q16KL9,2
Q16KU7,1
Q16LC3,2
Q16Y94,1
Q17042,1
Q17091,1
Q17284,1
Q17339,2
Q17427,2
Q17433,1
Q177W0,2
Q179T2,1
Q17CS8,5
Q17R31,1
Q17R98,1
Q17RY0,1
Q17TM8,1
Q17U16,1
Q17ZU8,1
Q18014,5
Q18086,1
Q180C0,1
Q180C6,1
Q180F0,1
Q180H4,1
Q180K0,2
Q180L7,1
Q180S3,1
Q180U8,1
Q180W0,2
Q180W3,1
Q181K6,1
Q181X4,1
Q181Y8,1
Q182D4,1
Q182N1,1
Q182R2,1
Q182Z0,1
Q183B0,1
Q183D5,1
Q183G9,2
Q183I2,1
Q183J3,3
Q183J9,1
Q183L9,1
Q183M8,1
Q183M9,1
Q183N4,1
Q183R7,21
Q183U2,1
Q183Y3,1
Q183Z1,1
Q18490,1
Q184N1,1
Q185R5,1
Q185U9,1
Q185X7,1
Q18688,1
Q186A6,2
Q186B7,6
Q186C2,1
Q186F5,1
Q186H8,1
Q186I6,4
Q186K7,1
Q186X0,1
Q186Y7,1
Q187E7,1
Q187F5,1
Q187M0,1
Q187N0,1
Q187N7,1
Q187U0,1
Q18888,1
Q18892,1
Q188Q3,4
Q188R0,1
Q188R2,1
Q188Z5,1
Q188Z7,1
Q18946,1
Q189B5,1
Q189K3,2
Q189T6,1
Q18A64,1
Q18A65,3
Q18A84,1
Q18AR0,1
Q18B92,1
Q18BE1,1
Q18BI8,1
Q18BM9,1
Q18BN0,1
Q18BV5,2
Q18CA9,1
Q18CJ4,1
Q18CL1,4
Q18CL6,1
Q18CP6,1
Q18DB2,1
Q18DC3,1
Q18DH5,1
Q18DH8,4
Q19007,4
Q194P4,2
Q194Q1,2
Q194Q4,4
Q194T1,9
Q19672,1
Q19774,1
Q19818,1
Q19905,2
Q19AK4,1
Q19KF7,1
Q1A2D0,4
Q1A666,2
Q1AH60,1
Q1AH74,1
Q1ALD4,5
Q1AN22,3
Q1AN23,1
Q1ASJ4,1
Q1AUE6,1
Q1CAM3,1
Q1CMW6,1
Q1CQP3,1
Q1CVJ3,1
Q1CVJ4,3
Q1CZR7,1
Q1CZZ7,1
Q1D0B6,2
Q1D3H3,1
Q1D489,2
Q1D4I1,4
Q1D4I3,8
Q1D4I4,8
Q1D4I5,2
Q1D4U9,1
Q1D5Y4,2
Q1D725,1
Q1D9P3,1
Q1DB03,1
Q1DB04,5
Q1EG27,2
Q1EG59,2
Q1EHA2,1
Q1EHA4,1
Q1EM40,1
Q1EMV2,15
Q1ENB6,1
Q1EPR5,1
Q1G1C3,1
Q1G1I7,1
Q1GA24,1
Q1GBW8,1
Q1GCP1,1
Q1GD40,1
Q1GD43,1
Q1GDP2,1
Q1GDR9,1
Q1GGU3,1
Q1GJN9,1
Q1GJR2,1
Q1GJV4,2
Q1GKY2,1
Q1GL43,1
Q1GLD7,1
Q1GLV3,2
Q1GMC3,1
Q1GNW5,1
Q1GNW6,2
Q1GXX6,1
Q1GYA6,1
Q1GYB6,1
Q1GZF4,1
Q1GZG6,1
Q1GZM5,1
Q1GZZ4,1
Q1H0I3,1
Q1H3S7,1
Q1H3U4,1
Q1H3V3,1
Q1H479,1
Q1H4C5,1
Q1H8W5,2
Q1HA49,1
Q1HBK6,1
Q1HEA2,2
Q1HLC5,1
Q1HMR5,1
Q1HPV9,1
Q1HQ55,1
Q1HR83,1
Q1HRL7,6
Q1HSF8,1
Q1HVF7,2
Q1HVK2,1
Q1I192,1
Q1I8U1,1
Q1INB9,1
Q1IYE3,1
Q1IZR6,1
Q1J0W0,2
Q1J1D6,1
Q1J1J5,1
Q1JU62,1
Q1JU63,1
Q1JU72,2
Q1JUP4,2
Q1JUQ0,5
Q1JV70,3
Q1JV72,1
Q1JZD9,1
Q1K4Q1,1
Q1K5M0,2
Q1K5Y8,1
Q1K8B6,4
Q1K9H2,1
Q1K9Q1,1
Q1KHJ8,3
Q1KHJ9,1
Q1KHK7,1
Q1KLR5,8
Q1KLY3,1
Q1KW74,1
Q1L1H6,1
Q1L4E3,2
Q1L777,1
Q1LAJ1,2
Q1LAJ7,1
Q1LBR9,1
Q1LBW6,1
Q1LCS4,26
Q1LDQ5,1
Q1LJ46,1
Q1LJK6,1
Q1LK00,1
Q1LKZ5,1
Q1LP42,1
Q1LW01,1
Q1M0Y9,1
Q1M1K6,3
Q1M7F4,5
Q1M964,1
Q1MFM4,1
Q1MK54,1
Q1MVD4,2
Q1MX24,1
Q1MX79,1
Q1N036,1
Q1NAJ2,1
Q1PBI3,2
Q1PBJ5,2
Q1PHM9,1
Q1PIV4,1
Q1PLH8,1
Q1PLI0,2
Q1PLI2,1
Q1PSF3,5
Q1PST0,4
Q1PUD9,1
Q1PX48,5
Q1PZE6,1
Q1Q2X6,2
Q1Q357,1
Q1Q7P3,3
Q1Q7P4,3
Q1QBB9,1
Q1QD32,1
Q1QD33,4
Q1QD51,3
Q1QD52,2
Q1QD53,1
Q1QDV8,1
Q1QEU6,1
Q1QT89,11
Q1QTX1,1
Q1QTY7,1
Q1QU06,1
Q1QUN0,2
Q1QUN2,2
Q1QUN7,2
Q1QZR9,2
Q1QZT7,1
Q1R0W5,4
Q1R1X2,1
Q1R2J4,3
Q1R2J5,1
Q1R2V7,1
Q1R2W8,1
Q1R2W9,3
Q1R2X3,1
Q1R3F7,3
Q1R415,1
Q1R4N6,1
Q1R4X0,1
Q1R4Y9,1
Q1R9C1,1
Q1RBS0,7
Q1RCS1,1
Q1RDE2,1
Q1RGF0,1
Q1RIM5,1
Q1RIS7,1
Q1RK29,1
Q1RK35,1
Q1RMX3,2
Q1RP79,1
Q1RPM1,1
Q1RPT5,1
Q1RQI9,1
Q1RS44,1
Q1RS66,1
Q1RS70,1
Q1RS71,1
Q1RS80,1
Q1W2P6,2
Q1W3Z7,7
Q1W548,2
Q1W5I8,1
Q1W6B1,6
Q1WDM0,3
Q1WQU8,2
Q1WR87,1
Q1WRG6,1
Q1WSH7,1
Q1WV04,1
Q1X6L4,1
Q1X6M4,2
Q1X881,1
Q1XA76,3
Q1XAB1,2
Q1XBV1,1
Q1XDX7,1
Q1XGK3,6
Q1XGL7,1
Q1XH05,4
Q1YQT8,1
Q1ZS18,5
Q20010,2
Q20057,4
Q20062,1
Q20222,1
Q202J8,1
Q20305,2
Q20363,1
Q203Y4,1
Q20646,1
Q206Z5,2
Q20728,2
Q207Z6,5
Q20HX4,1
Q20K61,1
Q20K66,1
Q20MG8,1
Q20MH9,1
Q20ND8,1
Q20R18,2
Q20UH7,1
Q216E8,1
Q21774,1
Q21A49,2
Q21A54,2
Q21FJ0,4
Q21HB2,2
Q21HC5,4
Q21JW4,1
Q21KE5,7
Q21LI5,2
Q21MB1,4
Q21PD3,1
Q21R90,1
Q21VB6,1
Q21XD7,2
Q22429,1
Q22942,1
Q22993,1
Q22GC0,1
Q23023,1
Q23229,1
Q23246,1
Q23536,3
Q23551,1
Q236S9,2
Q23734,1
Q23972,2
Q23985,1
Q23KH7,1
Q24008,5
Q24117,13
Q24306,5
Q24323,1
Q24368,1
Q24395,1
Q24451,69
Q24459,1
Q24478,3
Q24560,3
Q24570,2
Q24572,2
Q24816,1
Q24940,1
Q24973,2
Q24995,1
Q24NB0,1
Q24QE6,1
Q24SP6,1
Q24SP7,1
Q25063,1
Q251Q8,1
Q25252,29
Q25438,1
Q25442,1
Q25519,1
Q25526,1
Q25595,3
Q25659,1
Q256S2,1
Q25704,6
Q25733,2
Q25735,2
Q25756,2
Q257B3,1
Q25842,1
Q25BW5,2
Q25C86,3
Q26000,1
Q26066,3
Q26069,3
Q26080,3
Q26239,6
Q26241,14
Q26292,1
Q26366,1
Q26456,2
Q26490,3
Q26502,1
Q26548,2
Q26710,2
Q26806,1
Q26964,1
Q26966,12
Q26997,5
Q26998,6
Q27007,1
Q27040,1
Q27084,3
Q27198,8
Q27272,1
Q27415,1
Q27428,1
Q27450,3
Q27511,1
Q27546,2
Q27679,4
Q27686,7
Q27701,5
Q27709,14
Q27740,1
Q27743,15
Q27783,2
Q27793,3
Q27797,3
Q27869,1
Q27893,2
Q27894,1
Q27895,2
Q27934,1
Q27974,7
Q27GR2,5
Q27IM2,1
Q27RN2,1
Q28021,2
Q28090,1
Q28133,3
Q28146,3
Q28175,15
Q28280,1
Q28372,1
Q28399,1
Q283U5,3
Q28640,1
Q28943,9
Q28960,1
Q28CB4,2
Q28D68,1
Q28E03,1
Q28EY6,1
Q28JX0,1
Q28KC0,1
Q28MS9,1
Q28N01,1
Q28PN4,1
Q28QQ5,1
Q28QX3,1
Q28RT0,1
Q28SI7,1
Q28SU5,1
Q28TU0,1
Q28UM1,1
Q28VU1,1
Q29122,9
Q29147,3
Q29411,3
Q29431,1
Q29437,2
Q29460,9
Q29495,6
Q29550,1
Q29551,9
Q29599,4
Q29980,2
Q29983,2
Q29PV4,1
Q29ST3,3
Q29U70,4
Q2ACI1,1
Q2CBJ1,1
Q2CEE2,1
Q2CEE3,3
Q2CGV0,1
Q2CIP5,3
Q2EEY0,3
Q2EHL8,1
Q2F1K8,2
Q2F4V2,1
Q2F4V6,1
Q2F5R5,1
Q2F690,1
Q2F7J3,2
Q2F862,1
Q2F9Z1,3
Q2FAE9,1
Q2FCL6,2
Q2FDS6,4
Q2FEC4,2
Q2FFT4,1
Q2FG38,1
Q2FIA5,7
Q2FJM6,2
Q2FNF5,1
Q2FQ04,1
Q2FUB5,1
Q2FUW1,4
Q2FUY3,4
Q2FV22,2
Q2FV39,4
Q2FV54,2
Q2FV61,1
Q2FV63,1
Q2FVA4,1
Q2FVD0,2
Q2FVE5,1
Q2FVE7,3
Q2FVG3,1
Q2FVK5,1
Q2FVM5,3
Q2FVV7,3
Q2FVW9,1
Q2FW16,1
Q2FWC5,2
Q2FWC7,7
Q2FWH0,1
Q2FWH7,1
Q2FWI8,5
Q2FWK4,2
Q2FWN9,1
Q2FWP0,1
Q2FWW9,2
Q2FWX9,2
Q2FXB0,5
Q2FXB1,2
Q2FXC2,4
Q2FXC3,5
Q2FXC4,1
Q2FXC5,2
Q2FXC7,1
Q2FXL3,2
Q2FXM0,2
Q2FXM8,1
Q2FXP5,1
Q2FXQ8,1
Q2FXS9,2
Q2FXT0,1
Q2FY41,1
Q2FYM9,1
Q2FZ19,4
Q2FZ20,1
Q2FZ38,1
Q2FZ53,1
Q2FZ56,2
Q2FZ58,6
Q2FZ83,1
Q2FZ89,19
Q2FZ94,5
Q2FZE3,2
Q2FZE9,2
Q2FZK7,2
Q2FZP6,2
Q2FZQ3,1
Q2FZQ4,2
Q2FZV7,1
Q2G000,1
Q2G015,1
Q2G025,3
Q2G029,4
Q2G036,18
Q2G055,1
Q2G0D1,2
Q2G0L2,2
Q2G0L5,2
Q2G0Q5,5
Q2G0Q8,5
Q2G0S3,2
Q2G0V7,1
Q2G0X2,3
Q2G0X7,2
Q2G0X9,1
Q2G0Y7,1
Q2G141,2
Q2G155,1
Q2G157,1
Q2G159,3
Q2G160,9
Q2G185,1
Q2G1A5,2
Q2G1B8,1
Q2G1C0,4
Q2G1E0,2
Q2G1E9,1
Q2G1I5,1
Q2G1L5,2
Q2G1M5,1
Q2G1N7,1
Q2G1Q0,1
Q2G1Q1,1
Q2G1R9,2
Q2G1S5,3
Q2G1S8,2
Q2G222,1
Q2G229,1
Q2G258,1
Q2G261,4
Q2G285,3
Q2G286,4
Q2G2B2,4
Q2G2F3,1
Q2G2P5,6
Q2G2U4,2
Q2G2X6,1
Q2G2X7,1
Q2G2X9,1
Q2G3H6,1
Q2G4A7,1
Q2G4L9,1
Q2G4M1,1
Q2G506,4
Q2G542,2
Q2G5Y7,1
Q2G637,1
Q2G7J6,1
Q2G812,1
Q2G8A2,3
Q2G8A3,1
Q2G8B5,1
Q2G8B7,1
Q2G8F3,1
Q2G9F6,2
Q2G9H7,1
Q2G9S0,1
Q2G9T7,1
Q2G9Z0,1
Q2GA55,1
Q2GA76,3
Q2GA79,5
Q2GA85,1
Q2GAW8,1
Q2GB08,1
Q2GB12,9
Q2GB23,1
Q2GBV9,1
Q2GFI3,1
Q2GFJ0,1
Q2GGH8,1
Q2GHD1,1
Q2GHH2,1
Q2GHJ5,1
Q2GHN3,1
Q2GI30,2
Q2GI74,1
Q2GI86,1
Q2GIL5,2
Q2GIS1,1
Q2GJ02,1
Q2GK74,1
Q2GKC7,2
Q2GKM8,2
Q2GKX4,1
Q2GLA4,1
Q2GLF7,1
Q2GLJ4,1
Q2GWK9,2
Q2HBN6,2
Q2HJH1,2
Q2HNZ1,1
Q2HQJ7,1
Q2HR73,1
Q2HRB3,1
Q2HRB6,4
Q2HWH6,1
Q2HWI0,1
Q2HXD9,2
Q2HXR2,1
Q2HZ25,1
Q2I1Y8,2
Q2I2N4,4
Q2I6V7,2
Q2I6W2,1
Q2I752,3
Q2I8V6,1
Q2IDQ5,1
Q2IE03,1
Q2IFX2,1
Q2IKT5,1
Q2IR47,2
Q2ITY5,2
Q2IU01,1
Q2IU02,46
Q2IU40,3
Q2IUT5,1
Q2IWM2,1
Q2IXT5,1
Q2J9T9,1
Q2JJF6,1
Q2JYX5,1
Q2JZD9,1
Q2JZQ5,2
Q2K0Z2,13
Q2K0Z9,1
Q2K340,4
Q2K3F6,1
Q2K7I2,1
Q2KA75,1
Q2KB35,2
Q2KB38,1
Q2KC28,1
Q2KDJ1,1
Q2KDT2,3
Q2KDX6,19
Q2KHR2,2
Q2KIG3,2
Q2KII4,1
Q2KIR7,3
Q2KN24,2
Q2KN30,1
Q2KS96,1
Q2L4H3,2
Q2L695,1
Q2L6G2,1
Q2L887,1
Q2LAE1,1
Q2LC95,1
Q2LG68,5
Q2LK81,1
Q2LKZ0,3
Q2LQ23,1
Q2LQE8,1
Q2LU76,1
Q2LUI2,1
Q2M1P5,2
Q2M2I8,6
Q2M3X8,5
Q2MFS1,3
Q2MFY2,2
Q2MG50,1
Q2MG72,8
Q2MGH6,6
Q2MHN7,2
Q2MHR1,1
Q2MKA7,5
Q2N0S5,3
Q2N0S6,3
Q2N0S7,2
Q2N379,1
Q2N410,1
Q2N4T5,1
Q2N9N3,3
Q2NB77,1
Q2NB98,1
Q2NK75,1
Q2NK94,2
Q2NKJ3,1
Q2NKX8,1
Q2P9J6,1
Q2PA00,1
Q2PAJ1,3
Q2PAY4,1
Q2PBR5,1
Q2PCE5,1
Q2PFA6,1
Q2PHB2,3
Q2PHL4,6
Q2PIM0,1
Q2PMV7,1
Q2PS28,9
Q2PUH3,1
Q2PYN0,2
Q2Q067,1
Q2Q1W2,1
Q2Q449,2
Q2QDG8,1
Q2QEH4,5
Q2QJL3,11
Q2QQV2,2
Q2QRV3,3
Q2R2X7,1
Q2RBP2,1
Q2RFK4,1
Q2RGM7,7
Q2RHX9,1
Q2RI40,3
Q2RI41,3
Q2RI42,3
Q2RIF5,2
Q2RIF7,1
Q2RJ67,1
Q2RM91,4
Q2RMX1,10
Q2RPE2,1
Q2RQC5,1
Q2RRQ9,1
Q2RSA1,1
Q2RSB2,9
Q2RSB4,6
Q2RSU5,1
Q2RUN2,1
Q2RUX7,1
Q2RVS1,4
Q2RWL2,1
Q2RWM6,1
Q2RWX8,1
Q2RXE7,1
Q2RXF1,1
Q2RXN9,1
Q2RXX6,1
Q2S0R5,1
Q2S289,1
Q2S2F8,1
Q2S3S9,1
Q2S7D2,1
Q2S9J0,1
Q2S9K4,1
Q2SI73,1
Q2SJA2,1
Q2STE9,1
Q2STF3,1
Q2SU58,1
Q2SUC1,1
Q2SVC5,2
Q2SVL4,2
Q2SVW5,1
Q2SVY7,4
Q2SWD3,1
Q2SWE7,3
Q2SWH9,1
Q2SWM4,1
Q2SWT6,2
Q2SWY6,1
Q2SX36,1
Q2SXD6,1
Q2SXN9,1
Q2SXY2,1
Q2SYG4,1
Q2SYZ1,1
Q2SZ09,2
Q2SZ78,1
Q2SZ88,1
Q2SZ94,1
Q2SZA7,2
Q2SZC0,2
Q2SZE4,5
Q2SZF9,1
Q2SZN7,1
Q2SZT3,1
Q2T061,1
Q2T081,1
Q2T083,1
Q2T095,1
Q2T0D1,1
Q2T0H6,1
Q2T0K5,1
Q2T0L1,1
Q2T0S5,1
Q2T1A8,1
Q2T1B9,1
Q2T1L0,2
Q2T1M2,2
Q2T1U7,2
Q2T1V0,1
Q2T230,2
Q2T2I4,1
Q2T332,1
Q2T3G7,8
Q2T3W4,1
Q2T4A2,1
Q2T5A3,9
Q2T5S0,2
Q2T5S3,1
Q2T607,1
Q2T608,1
Q2T6B0,2
Q2T6J3,1
Q2T7H5,1
Q2T7H6,2
Q2T7I5,1
Q2T7K1,2
Q2T801,1
Q2T8B0,2
Q2T8S1,1
Q2T9E1,1
Q2T9S0,2
Q2TAY7,2
Q2TAZ0,2
Q2TBA0,1
Q2TCH5,8
Q2TDY4,2
Q2TFW1,2
Q2TJB8,2
Q2TNI4,3
Q2TR58,11
Q2TU34,1
Q2TV84,1
Q2TW47,2
Q2U1E8,1
Q2U1F3,3
Q2U852,3
Q2U8V9,3
Q2U8Y3,8
Q2U940,1
Q2UA85,2
Q2UAM5,3
Q2UD26,3
Q2UFA9,4
Q2UMX6,1
Q2UNF9,5
Q2UNX8,3
Q2UP46,2
Q2UP89,1
Q2UR69,2
Q2UUD6,1
Q2UWK0,1
Q2V0H0,1
Q2V6H4,6
Q2V8W4,2
Q2VA57,1
Q2VC81,3
Q2VE61,3
Q2VEQ7,3
Q2VFP3,1
Q2VGE8,1
Q2VJ58,1
Q2VJA0,1
Q2VL90,2
Q2VLG4,1
Q2VNC5,1
Q2VPQ0,3
Q2VRL0,1
Q2VSW6,2
Q2VY22,1
Q2VZ87,1
Q2VZN8,1
Q2W014,1
Q2W5N3,1
Q2W7Q6,1
Q2W8Q0,5
Q2W8Q2,1
Q2W8Q6,1
Q2W8S0,2
Q2W9I6,1
Q2WBH2,2
Q2XSK9,2
Q2XSL7,1
Q2XU25,1
Q2XU26,1
Q2XVP4,31
Q2Y879,1
Q2Y8N9,1
Q2YAE2,2
Q2YB24,1
Q2YD82,1
Q2YDS1,1
Q2YDZ3,1
Q2YE02,1
Q2YHF0,10
Q2YII2,1
Q2YIL4,1
Q2YIM3,2
Q2YIN4,1
Q2YJ21,1
Q2YJS1,2
Q2YK40,2
Q2YK41,1
Q2YK82,1
Q2YKG6,1
Q2YKI4,6
Q2YKI6,1
Q2YKS6,1
Q2YL80,1
Q2YLA2,1
Q2YLP8,1
Q2YLQ3,1
Q2YLR9,2
Q2YLW1,1
Q2YMG6,2
Q2YMM2,1
Q2YMP3,1
Q2YN93,1
Q2YNY7,2
Q2YP76,2
Q2YPM5,1
Q2YPW6,2
Q2YPZ4,1
Q2YQ04,1
Q2YQ23,1
Q2YQ74,4
Q2YQ76,1
Q2YQA0,5
Q2YQA5,1
Q2YQA6,1
Q2YQE0,1
Q2YQG6,1
Q2YQN9,2
Q2YQQ9,5
Q2YQX0,1
Q2YQX8,1
Q2YR76,1
Q2YRB9,1
Q2YRE0,1
Q2YRF5,1
Q2YRG4,2
Q2YRH9,1
Q2YRI3,1
Q2YRK4,2
Q2YRR4,1
Q2YSF8,2
Q2YT26,1
Q2YUF3,4
Q2YWJ9,1
Q2YY03,4
Q2Z1W1,2
Q30066,3
Q30069,3
Q30154,1
Q30291,1
Q304P7,3
Q306J3,1
Q306W4,1
Q309B1,1
Q309D1,4
Q30C66,1
Q30C70,5
Q30JB5,2
Q30NP1,1
Q30QR2,1
Q30V07,1
Q30V63,1
Q30W70,7
Q30WH0,2
Q30WV8,1
Q30Y26,1
Q30YZ6,1
Q31093,6
Q31135,5
Q31153,1
Q31163,3
Q31167,1
Q311G8,1
Q311Q1,1
Q31206,1
Q312S0,4
Q313A9,1
Q314Q8,1
Q315G1,3
Q316R4,1
Q316W1,1
Q31C15,1
Q31KC7,5
Q31KX8,4
Q31LH9,2
Q31LX1,4
Q31MH7,1
Q31MN3,3
Q31Q61,2
Q31QF3,2
Q31QG0,1
Q31QJ2,1
Q31QJ8,2
Q31QK9,1
Q31QW7,2
Q31RG0,1
Q31RG1,1
Q31RK2,1
Q32904,1
Q32R26,1
Q32WH4,4
Q32ZD5,2
Q32ZE1,224
Q331T7,2
Q333U2,1
Q337M4,1
Q33862,1
Q33E90,1
Q34807,1
Q37875,2
Q37964,2
Q37979,2
Q38087,91
Q38151,1
Q38152,1
Q38160,1
Q38184,1
Q381A3,2
Q381H3,4
Q381M1,7
Q38242,2
Q382J7,2
Q383Q5,1
Q383X0,1
Q384D1,1
Q384V4,2
Q384W3,1
Q384W5,1
Q38503,1
Q385B0,3
Q385E8,5
Q385P5,1
Q385Q9,2
Q385V6,1
Q385X1,1
Q38650,2
Q386P1,1
Q386Q8,1
Q38710,1
Q38712,1
Q38720,1
Q38723,1
Q38783,1
Q38789,1
Q387G0,2
Q38802,2
Q38814,1
Q38825,3
Q38846,2
Q38882,2
Q388K4,1
Q388M5,1
Q388P2,1
Q388T4,1
Q38946,1
Q38998,1
Q389P1,2
Q389P7,3
Q389T8,29
Q389W3,1
Q38AE9,1
Q38AH1,1
Q38AM1,1
Q38AR9,1
Q38AT7,1
Q38AU6,2
Q38AW2,1
Q38B90,3
Q38BP3,1
Q38BV6,5
Q38C91,15
Q38CA1,3
Q38CF2,3
Q38DC5,1
Q38DE2,6
Q38DG4,1
Q38EJ2,1
Q38F42,2
Q38HX3,2
Q38HX4,2
Q38PT6,3
Q38SQ2,1
Q39034,1
Q39044,1
Q39054,13
Q39119,1
Q39128,2
Q39172,1
Q39193,1
Q39230,2
Q39243,1
Q39249,2
Q39250,1
Q39255,7
Q392K7,2
Q39487,3
Q39547,1
Q39575,1
Q396C5,2
Q396C7,1
Q396C9,22
Q39761,1
Q39978,1
Q39KL8,1
Q39QF5,3
Q39R98,1
Q39RS1,1
Q39SB2,1
Q39SD5,1
Q39SU7,1
Q39TV8,4
Q39TV9,4
Q39U79,1
Q39UD1,1
Q39VC5,1
Q39VF8,1
Q39VG1,2
Q39VG2,2
Q39VG4,1
Q39VG5,1
Q39VU6,1
Q39VU7,1
Q39VV7,1
Q39YF0,1
Q39YP6,1
Q39ZI0,4
Q3A6W4,1
Q3AB29,3
Q3ACR9,3
Q3ACS0,2
Q3ACS2,1
Q3ACS3,2
Q3ACS4,4
Q3ACS5,4
Q3ADQ4,1
Q3AET9,1
Q3AFN4,1
Q3AG28,5
Q3BCY3,1
Q3BQL2,2
Q3BYJ5,3
Q3C1D5,3
Q3C1E2,3
Q3E792,1
Q3E7C1,1
Q3E829,1
Q3E830,1
Q3E833,1
Q3E835,1
Q3E840,2
Q3E8W4,3
Q3E991,2
Q3ESA4,1
Q3HKG0,1
Q3HKK3,1
Q3HKK5,1
Q3HM32,1
Q3HNM6,3
Q3HNM7,1
Q3HNQ2,2
Q3HR18,1
Q3HS77,2
Q3HTL7,1
Q3HUQ2,1
Q3HWU8,1
Q3HWZ5,2
Q3I1N2,1
Q3I4V7,2
Q3IDI7,1
Q3IGF7,1
Q3IL66,1
Q3IUY6,1
Q3IVH6,1
Q3IVS9,1
Q3IVY4,1
Q3IWB0,6
Q3IWE9,1
Q3IWN8,2
Q3IWP3,1
Q3IXX1,1
Q3IYE4,1
Q3IYV6,1
Q3IZQ3,2
Q3IZT6,1
Q3J170,6
Q3J179,4
Q3J1A5,6
Q3J1A6,6
Q3J1K7,1
Q3J1R2,2
Q3J2V1,2
Q3J3W0,1
Q3J4G5,1
Q3J4W3,2
Q3J568,1
Q3J5A7,5
Q3J5G0,5
Q3J5L6,2
Q3J677,1
Q3J6K8,1
Q3JF88,1
Q3JFM9,1
Q3JFS3,1
Q3JFV4,1
Q3JFX2,1
Q3JGP5,1
Q3JHV3,1
Q3JIF9,1
Q3JIP8,1
Q3JJN0,1
Q3JJT1,2
Q3JK21,6
Q3JK38,12
Q3JL79,1
Q3JLD6,2
Q3JLL8,2
Q3JNE1,1
Q3JNL6,1
Q3JNW6,50
Q3JP15,1
Q3JP68,3
Q3JP94,5
Q3JPI3,1
Q3JQ34,1
Q3JQ66,1
Q3JQ67,1
Q3JQ80,1
Q3JQT3,1
Q3JQY0,2
Q3JR17,1
Q3JRA0,19
Q3JRA3,1
Q3JRF0,2
Q3JRK4,1
Q3JRS9,2
Q3JRV4,1
Q3JUN4,1
Q3JUV5,6
Q3JV59,1
Q3JV82,1
Q3JVB1,1
Q3JVJ9,1
Q3JW91,2
Q3JWH1,1
Q3JWH7,6
Q3JWU2,1
Q3JXA5,1
Q3JY22,1
Q3JY40,2
Q3JY79,2
Q3K5N8,5
Q3K7T6,7
Q3K9A0,2
Q3K9A1,1
Q3KB33,1
Q3KC85,1
Q3KFK7,3
Q3KJ04,1
Q3KK31,3
Q3KK32,1
Q3KN41,1
Q3KP22,1
Q3KP82,1
Q3KSS4,3
Q3KSS8,3
Q3KST2,3
Q3KSU1,2
Q3KVL7,2
Q3L181,4
Q3L245,1
Q3L7F5,1
Q3L887,14
Q3L8N0,2
Q3LG57,1
Q3LHN3,6
Q3LRX8,2
Q3LRX9,1
Q3LSM1,1
Q3LSM4,3
Q3M362,1
Q3M3X1,1
Q3M4J2,1
Q3M4Y5,1
Q3M5E0,1
Q3M5E3,1
Q3M5E4,1
Q3M5Q1,1
Q3M5R2,1
Q3M5Z3,3
Q3M655,1
Q3M6C3,1
Q3M6F6,1
Q3M723,1
Q3M7B8,1
Q3M7N3,1
Q3M7V9,1
Q3M7W6,1
Q3M8K9,1
Q3M8P8,1
Q3M8Q7,1
Q3MAV7,1
Q3MAW0,1
Q3MB62,1
Q3MCR9,2
Q3MD55,1
Q3MEY9,1
Q3MFD8,1
Q3MFZ5,9
Q3MHR7,4
Q3MHW7,2
Q3MIT2,1
Q3MQ26,1
Q3S2T9,1
Q3S340,3
Q3S4A7,1
Q3SAG3,2
Q3SAW3,4
Q3SFD8,1
Q3SH04,1
Q3SJ38,1
Q3SJE6,2
Q3SJX0,1
Q3SKI5,1
Q3SPU6,1
Q3SX13,22
Q3SYG4,1
Q3SYX9,4
Q3SZN8,1
Q3T035,4
Q3T101,8
Q3T133,1
Q3T1U8,3
Q3T552,2
Q3T905,1
Q3T920,1
Q3TBT3,6
Q3TCN2,3
Q3TMQ6,1
Q3TTA7,1
Q3TUA9,2
Q3TWN3,1
Q3U2S8,5
Q3U4G3,7
Q3U5C8,1
Q3U8K7,1
Q3UGR5,1
Q3UH53,2
Q3UHD1,4
Q3UHJ0,3
Q3UHK8,1
Q3UKX1,5
Q3UND0,2
Q3UPF5,1
Q3UPR0,1
Q3UPW2,1
Q3UR85,2
Q3UR97,1
Q3URR7,1
Q3US76,1
Q3UYV9,2
Q3UZZ6,7
Q3V1H9,1
Q3V3E1,2
Q3V4Q3,1
Q3V4T6,1
Q3V574,1
Q3V6T2,1
Q3V872,1
Q3XZN6,1
Q3XZT4,1
Q3XZW5,1
Q3XZW8,3
Q3Y185,1
Q3Y1J9,1
Q3Y316,1
Q3Y373,1
Q3Y416,1
Q3Y6N6,1
Q3Y6U7,2
Q3Y8L7,1
Q3Y9I4,1
Q3Y9I6,1
Q3YBR2,1
Q3YN09,1
Q3YPH0,1
Q3YTH2,2
Q3ZC95,3
Q3ZCT8,1
Q3ZCW2,2
Q3ZD72,19
Q3ZDM6,14
Q3ZDQ7,2
Q3ZDQ8,2
Q3ZDQ9,2
Q3ZDR0,2
Q3ZTX8,3
Q40059,18
Q40069,1
Q40128,1
Q401L4,1
Q401L7,1
Q40309,1
Q40316,1
Q40409,2
Q404H3,2
Q40577,26
Q40750,1
Q40772,1
Q40778,2
Q40963,1
Q41009,1
Q41038,1
Q41159,2
Q41261,1
Q41290,2
Q41372,4
Q41415,6
Q41448,2
Q41460,2
Q41510,1
Q41594,2
Q41635,1
Q41736,3
Q41931,2
Q41951,1
Q42369,1
Q42418,2
Q42449,2
Q42525,3
Q42551,2
Q42561,4
Q42578,1
Q42690,1
Q42694,1
Q42795,1
Q42831,1
Q42967,1
Q43060,1
Q43077,2
Q43088,3
Q43125,2
Q43133,2
Q43207,2
Q43295,2
Q43314,1
Q43316,1
Q43317,1
Q43446,1
Q43576,2
Q43607,1
Q43725,1
Q43758,29
Q43832,8
Q43843,1
Q43866,1
Q43899,1
Q43965,1
Q43992,1
Q43998,1
Q44048,3
Q44057,1
Q44124,2
Q44167,2
Q44177,3
Q44185,3
Q44212,2
Q44238,4
Q44244,7
Q44297,1
Q44384,2
Q44467,12
Q44493,1
Q44501,4
Q44522,1
Q44529,3
Q44532,1
Q44635,1
Q44790,2
Q44977,1
Q45040,4
Q45070,2
Q45071,5
Q45075,3
Q45087,1
Q45095,3
Q45135,34
Q45222,4
Q45288,1
Q45361,1
Q45458,5
Q45462,6
Q45488,3
Q45498,1
Q45563,2
Q45581,1
Q45589,27
Q45591,1
Q45601,1
Q45614,1
Q45619,1
Q45664,1
Q45670,1
Q45681,1
Q45697,15
Q45712,1
Q45723,1
Q45730,1
Q45757,2
Q45782,1
Q45871,7
Q45878,7
Q45894,6
Q45920,1
Q45996,4
Q45TY0,1
Q45U61,2
Q45VS8,1
Q45Z29,1
Q46041,2
Q46079,4
Q46085,8
Q460N3,35
Q460N5,38
Q46134,1
Q46220,7
Q46342,2
Q46346,1
Q46347,3
Q46372,2
Q46373,2
Q46381,5
Q46389,4
Q46393,3
Q46444,1
Q46455,3
Q46495,6
Q46509,11
Q46547,1
Q46582,1
Q46604,12
Q46630,1
Q46669,1
Q46707,1
Q46731,4
Q46803,1
Q46822,18
Q46829,1
Q46845,1
Q46851,3
Q46856,2
Q46857,1
Q46864,5
Q46865,1
Q46877,9
Q46891,1
Q46893,6
Q46896,3
Q46897,2
Q46898,1
Q46899,1
Q46901,1
Q46915,1
Q46925,6
Q46927,5
Q46938,1
Q46944,2
Q46948,2
Q46961,2
Q46982,3
Q46AN5,2
Q46AP6,1
Q46E78,1
Q46E79,6
Q46E80,11
Q46EH3,1
Q46EH4,1
Q46G04,1
Q46G05,1
Q46J75,1
Q46KI2,1
Q46MU0,1
Q46N53,6
Q46P95,1
Q46PQ5,1
Q46QL5,1
Q46R41,1
Q46R99,1
Q46RB9,1
Q46RV7,1
Q46SA5,1
Q46TN2,1
Q46TQ1,1
Q46TT3,1
Q46TU1,1
Q46UZ9,5
Q46VW8,1
Q46WL3,1
Q46Y90,1
Q46Z90,1
Q47015,1
Q47030,12
Q47038,1
Q47066,19
Q47098,2
Q470B9,1
Q470Y2,1
Q47106,2
Q47108,1
Q47112,15
Q47149,3
Q47150,1
Q47155,28
Q471D6,1
Q471I2,1
Q471W7,1
Q47200,4
Q47208,1
Q47212,6
Q472T4,1
Q47341,1
Q47396,7
Q473P3,1
Q473P7,1
Q47445,1
Q47450,3
Q47453,1
Q47454,2
Q47465,2
Q47506,5
Q47510,5
Q47511,9
Q47537,5
Q47591,1
Q47592,3
Q47644,2
Q47673,5
Q47690,2
Q47746,4
Q47764,3
Q47765,3
Q47785,2
Q47897,2
Q47898,12
Q479B8,2
Q47KB1,1
Q47KL3,1
Q47KX2,1
Q47L40,1
Q47MC2,1
Q47ME9,1
Q47NH7,1
Q47NK3,2
Q47NQ8,3
Q47NR5,2
Q47NR9,4
Q47NS0,2
Q47NS2,1
Q47NS3,2
Q47PI5,1
Q47PU3,13
Q47Q21,2
Q47QF8,1
Q47QG3,1
Q47QT5,1
Q47QW6,1
Q47RA9,1
Q47RE1,1
Q47RJ7,1
Q47RM6,1
Q47RW6,1
Q47SA9,2
Q47SP5,1
Q47ST9,2
Q47UF8,1
Q47UI6,1
Q47UY5,1
Q47UY7,1
Q47VZ4,3
Q47X65,1
Q47XN7,2
Q47Z72,1
Q47ZP9,1
Q48031,1
Q48152,5
Q481E4,1
Q48245,1
Q48255,6
Q482G5,1
Q48391,4
Q483R4,2
Q483U6,1
Q48422,1
Q48423,1
Q48428,1
Q48434,1
Q48436,2
Q48468,1
Q48484,1
Q48485,6
Q484B6,2
Q484V4,1
Q486I1,1
Q48898,1
Q488E0,1
Q48935,10
Q489U8,2
Q48A34,1
Q48AL6,1
Q48EB9,2
Q48EL2,1
Q48HR6,1
Q48J46,1
Q48JX0,1
Q48MN0,1
Q48MT7,3
Q49149,1
Q49150,1
Q49410,1
Q49434,1
Q49492,9
Q495A1,4
Q495M9,1
Q49610,3
Q496J9,4
Q49A26,5
Q49AH0,1
Q49DS8,1
Q49PI7,1
Q49PR7,1
Q49PX0,1
Q49SB0,1
Q49TP5,1
Q49US3,1
Q49X04,1
Q49XF6,1
Q49YI7,1
Q4A0A0,1
Q4A0V8,4
Q4A1L5,1
Q4A3Y2,1
Q4A6K4,2
Q4A724,2
Q4AA29,1
Q4ACU6,2
Q4AE23,1
Q4AE24,1
Q4AE26,1
Q4AE59,1
Q4AE70,3
Q4CPZ0,1
Q4CQA8,1
Q4CQE2,5
Q4CWB4,3
Q4D080,1
Q4D1B8,1
Q4D1H5,2
Q4D3U8,1
Q4D3W2,55
Q4D3W3,2
Q4D6Q6,2
Q4D9S6,1
Q4D9Z4,2
Q4DA54,18
Q4DA73,13
Q4DA80,5
Q4DAD2,1
Q4DBP9,1
Q4DCQ3,2
Q4DI29,1
Q4DJ07,1
Q4DJ68,8
Q4DLS1,1
Q4DPB9,2
Q4DPQ9,1
Q4DQ03,1
Q4DRC4,8
Q4DSA0,6
Q4DSV5,1
Q4DV70,1
Q4DZ98,1
Q4DZT1,1
Q4E090,1
Q4E1W2,2
Q4E2I1,2
Q4E4C8,1
Q4E4E1,6
Q4E4L7,1
Q4E5N1,1
Q4F883,2
Q4FAU9,1
Q4FKC0,1
Q4FLR5,2
Q4FMK2,1
Q4FMW4,1
Q4FNM4,5
Q4FP21,3
Q4FPU3,1
Q4FPZ7,1
Q4FQF7,9
Q4FQQ8,1
Q4FRT2,2
Q4FTX3,3
Q4FU81,1
Q4FV99,1
Q4FVA8,1
Q4FVQ2,1
Q4FX34,1
Q4FZB7,4
Q4FZZ9,3
Q4G0J3,1
Q4G0N4,1
Q4G0W2,2
Q4G112,1
Q4G1L2,18
Q4G1L3,3
Q4GWU5,18
Q4GYA9,1
Q4GZ95,1
Q4GZL2,2
Q4H132,1
Q4H2B8,1
Q4HYR2,1
Q4J894,3
Q4J8K9,1
Q4J924,1
Q4J973,2
Q4J974,1
Q4J989,1
Q4J9E6,1
Q4J9F2,1
Q4J9G1,1
Q4J9H1,1
Q4J9H4,1
Q4J9H5,1
Q4J9K7,2
Q4J9K8,3
Q4J9K9,1
Q4J9L0,1
Q4J9R6,1
Q4J9S1,1
Q4J9T1,1
Q4JA33,6
Q4JAT2,5
Q4JAZ7,1
Q4JB16,2
Q4JB37,1
Q4JB80,6
Q4JC35,3
Q4JC68,2
Q4JIM5,1
Q4JIX5,2
Q4JL05,1
Q4JR05,1
Q4K376,3
Q4K3B5,1
Q4K3B6,1
Q4K423,1
Q4K4B6,1
Q4K4F7,1
Q4K4R5,3
Q4K5A6,3
Q4K5L5,3
Q4K5N8,2
Q4K6F7,1
Q4K6H7,1
Q4K707,1
Q4K8I0,1
Q4K8M0,4
Q4K977,44
Q4K9X1,3
Q4KAF7,1
Q4KAG7,1
Q4KB02,1
Q4KBL6,1
Q4KC90,1
Q4KC91,1
Q4KCD8,1
Q4KCF6,3
Q4KCY5,1
Q4KCZ1,1
Q4KCZ3,4
Q4KDF4,1
Q4KDJ6,2
Q4KED9,1
Q4KFT4,1
Q4KGU2,2
Q4KGW9,1
Q4KHD9,1
Q4KM66,1
Q4KMG0,2
Q4KMQ1,1
Q4KRW3,1
Q4KTA7,1
Q4L0W4,1
Q4L5E3,2
Q4L5E4,2
Q4L6K9,1
Q4L864,1
Q4LAV3,1
Q4LB86,1
Q4LDD4,1
Q4MV79,3
Q4MYJ2,1
Q4P8R9,1
Q4PP54,1
Q4PRK9,6
Q4PS70,1
Q4Q067,1
Q4Q0M0,1
Q4Q0R9,1
Q4Q124,1
Q4Q159,1
Q4Q1A3,1
Q4Q217,1
Q4Q239,1
Q4Q3K2,5
Q4Q412,1
Q4Q413,2
Q4Q4I6,5
Q4Q5L3,1
Q4Q5S8,47
Q4Q6F6,2
Q4Q6K7,2
Q4Q7A6,1
Q4Q7K6,1
Q4Q7M2,1
Q4Q7R2,1
Q4Q7R3,1
Q4Q7X6,2
Q4QAU9,1
Q4QBH1,1
Q4QBL1,6
Q4QC30,1
Q4QC75,1
Q4QCD2,2
Q4QDS0,1
Q4QDU3,11
Q4QE15,1
Q4QED0,1
Q4QED2,2
Q4QEJ1,1
Q4QEN5,2
Q4QES5,1
Q4QEW6,1
Q4QEW7,14
Q4QEZ7,1
Q4QF57,1
Q4QF76,1
Q4QFW1,1
Q4QG08,1
Q4QH17,1
Q4QH86,1
Q4QHJ8,1
Q4QHU7,1
Q4QI49,1
Q4QIE0,1
Q4QL22,1
Q4QL73,1
Q4QLH0,7
Q4QMM5,2
Q4QMV6,2
Q4QN95,2
Q4QNE7,1
Q4QP43,1
Q4QX31,1
Q4R0L3,1
Q4R0W2,1
Q4R102,1
Q4R2T2,8
Q4R5S0,1
Q4SMR4,3
Q4TUQ1,1
Q4TZQ3,4
Q4U0W0,1
Q4U1A6,5
Q4U331,3
Q4U443,6
Q4U447,2
Q4U5Z6,4
Q4U600,1
Q4UKE8,1
Q4ULX7,1
Q4UN54,1
Q4UNB2,1
Q4UNB3,1
Q4UQD0,1
Q4UWS5,2
Q4V3E2,2
Q4V8K1,1
Q4V925,1
Q4VA93,1
Q4VCS5,17
Q4VE97,1
Q4VGL6,4
Q4VID6,1
Q4VP08,2
Q4VPP2,1
Q4VSJ8,2
Q4VUZ3,1
Q4VVG2,1
Q4VWQ3,1
Q4VWW5,4
Q4VYA5,1
Q4W1X2,17
Q4W2K4,3
Q4W5X6,1
Q4W6G0,1
Q4W6L6,6
Q4W6Y8,1
Q4W803,3
Q4W8A1,9
Q4W8M3,1
Q4WAR0,4
Q4WAW7,2
Q4WAW9,8
Q4WAZ0,2
Q4WB03,1
Q4WCL5,7
Q4WCU5,5
Q4WDF2,1
Q4WDM9,1
Q4WDZ8,1
Q4WEH3,1
Q4WEQ6,1
Q4WF29,5
Q4WF54,1
Q4WF55,1
Q4WF56,1
Q4WF74,1
Q4WFT3,1
Q4WG73,1
Q4WH08,2
Q4WHW0,1
Q4WHY9,1
Q4WIF5,1
Q4WJJ3,1
Q4WL81,6
Q4WLV6,4
Q4WM08,2
Q4WMJ8,12
Q4WP27,4
Q4WP32,4
Q4WPJ0,2
Q4WPS9,4
Q4WQ18,2
Q4WQS0,7
Q4WQY4,2
Q4WTC0,1
Q4WUI2,1
Q4WUL0,1
Q4WUR1,1
Q4WW81,9
Q4WWF5,3
Q4WWR8,1
Q4WX16,2
Q4WY53,1
Q4WZ11,2
Q4WZ70,1
Q4WZA5,2
Q4WZB3,4
Q4X049,1
Q4X0F7,1
Q4X158,4
Q4YCF6,1
Q4YU79,2
Q4Z9Y5,2
Q4ZC86,1
Q4ZD58,2
Q4ZDP4,1
Q4ZR20,1
Q500V5,3
Q50245,1
Q503K9,1
Q50497,3
Q504Y3,3
Q50565,1
Q505N9,3
Q50744,1
Q50833,1
Q50859,2
Q50883,1
Q50925,4
Q50927,2
Q50940,2
Q50964,2
Q50BW9,1
Q50EJ2,7
Q50EL0,2
Q50EL4,8
Q50KB2,4
Q50LE4,2
Q50LE9,6
Q50LF0,6
Q50LF1,6
Q50LF2,6
Q51006,1
Q51162,1
Q51183,1
Q51227,1
Q51344,1
Q51353,2
Q51366,1
Q51372,1
Q51380,2
Q51400,3
Q51405,6
Q51407,1
Q51424,1
Q51426,1
Q51441,1
Q51451,2
Q51479,1
Q51480,2
Q51487,1
Q51502,2
Q51503,1
Q51504,7
Q51507,6
Q51537,1
Q51547,1
Q51548,1
Q51564,1
Q51565,1
Q51577,1
Q51578,3
Q51643,1
Q51645,1
Q51658,25
Q51669,2
Q51693,2
Q51705,1
Q51714,2
Q51723,2
Q51739,1
Q51742,1
Q51743,1
Q51744,1
Q51760,1
Q51782,1
Q51790,1
Q51792,7
Q51793,5
Q51815,2
Q51817,6
Q51883,6
Q51911,1
Q51912,8
Q51918,11
Q51945,1
Q51947,1
Q51948,3
Q51958,2
Q51990,3
Q52012,8
Q52060,1
Q52078,1
Q52086,3
Q52209,1
Q52349,1
Q52369,3
Q52424,6
Q52428,4
Q52430,1
Q52432,1
Q52437,11
Q52440,3
Q52612,1
Q52675,9
Q52G60,1
Q52L64,12
Q52L95,3
Q52LA3,2
Q52QI9,3
Q52QJ1,3
Q52QJ2,1
Q52SW3,1
Q52T95,1
Q52V24,2
Q52VH2,5
Q52ZA0,1
Q53008,3
Q53119,3
Q53122,1
Q53123,1
Q53239,8
Q53284,1
Q53291,4
Q53353,1
Q53396,2
Q53464,4
Q53547,2
Q53554,1
Q53586,1
Q53591,3
Q53597,1
Q53635,1
Q53653,2
Q53654,4
Q53685,4
Q53688,1
Q53692,1
Q53728,9
Q53752,7
Q53766,1
Q53793,3
Q53796,2
Q53826,4
Q53865,1
Q53901,2
Q53908,5
Q53EH2,1
Q53EL6,1
Q53ET0,1
Q53EZ4,2
Q53FA7,1
Q53FT3,2
Q53G59,4
Q53GL0,1
Q53GL7,2
Q53H47,3
Q53HC5,1
Q53HL2,3
Q53I06,3
Q53I19,3
Q53I60,2
Q53IQ4,1
Q53J09,2
Q53K16,1
Q53QZ3,1
Q53TZ2,4
Q53U08,4
Q53UG7,1
Q53UG8,2
Q53UJ4,6
Q53VU8,1
Q53VW9,1
Q53VX2,1
Q53VY0,1
Q53VY1,2
Q53VY2,2
Q53VZ2,11
Q53W05,1
Q53W14,1
Q53W17,1
Q53W25,2
Q53W28,4
Q53W51,1
Q53W59,1
Q53W63,1
Q53W68,1
Q53W75,1
Q53W80,22
Q53W82,5
Q53W83,2
Q53W84,2
Q53W90,1
Q53W91,2
Q53W92,5
Q53W95,1
Q53WA2,1
Q53WA3,1
Q53WA6,2
Q53WB3,23
Q53WD9,1
Q53WG6,1
Q53WG9,5
Q53WH0,1
Q53WI4,1
Q53WJ1,2
Q53Z42,3
Q54089,1
Q540U1,4
Q54137,3
Q541D8,1
Q54216,1
Q54276,11
Q54323,1
Q54324,4
Q54331,2
Q54413,1
Q54436,5
Q54443,3
Q54450,3
Q54468,4
Q54506,1
Q54527,8
Q54528,2
Q54530,1
Q546I9,1
Q54714,1
Q54715,1
Q54727,33
Q54735,1
Q54764,4
Q54765,2
Q54801,1
Q54816,6
Q54873,16
Q54944,1
Q54971,1
Q54A96,1
Q54AD6,2
Q54AI1,8
Q54B72,1
Q54BW5,1
Q54HC2,1
Q54HG2,1
Q54HH2,1
Q54LT0,2
Q54X65,1
Q54XS1,3
Q55012,9
Q55013,1
Q55075,1
Q55080,6
Q55088,2
Q55139,1
Q55168,2
Q55169,2
Q55245,1
Q55247,1
Q55389,5
Q55415,1
Q55418,4
Q55460,4
Q55467,2
Q55535,1
Q55544,1
Q55554,1
Q55650,5
Q55670,1
Q55688,1
Q556V8,4
Q55777,1
Q55781,5
Q55793,1
Q55813,1
Q55835,1
Q55891,17
Q55938,2
Q55BQ2,1
Q55DL0,1
Q55FE6,1
Q56008,1
Q56026,6
Q56062,2
Q56063,1
Q56148,1
Q56185,10
Q56187,7
Q56215,1
Q56219,1
Q56230,1
Q56232,6
Q56243,2
Q56257,2
Q56268,1
Q56304,1
Q56308,1
Q56310,14
Q56312,7
Q56313,6
Q56319,1
Q56320,1
Q56328,1
Q56366,4
Q56415,1
Q564N5,3
Q56691,2
Q56694,2
Q567P1,1
Q56839,6
Q56840,1
Q56844,2
Q56905,1
Q56952,20
Q56973,1
Q56975,1
Q56991,1
Q569B4,2
Q569W9,3
Q569X1,2
Q56A73,1
Q56F26,9
Q56GA4,1
Q56H30,1
Q56I99,1
Q56R04,1
Q56S05,1
Q56WD9,3
Q56Y11,2
Q56YA5,2
Q57017,1
Q570C0,5
Q57122,1
Q57130,1
Q57142,2
Q57159,6
Q57160,2
Q57193,6
Q571K4,1
Q57221,1
Q57227,1
Q57231,1
Q57261,3
Q57265,4
Q57280,1
Q57323,2
Q57329,1
Q57366,1
Q57399,1
Q57468,2
Q57471,3
Q57530,1
Q57534,1
Q57540,1
Q57549,1
Q57556,11
Q57564,2
Q57565,1
Q57566,1
Q57573,2
Q57587,1
Q57594,1
Q57599,1
Q57600,4
Q57609,1
Q57612,1
Q57622,2
Q57623,1
Q57636,1
Q57658,1
Q57665,1
Q57679,2
Q57688,1
Q57695,1
Q57700,2
Q57703,1
Q57705,2
Q57727,1
Q57764,5
Q57773,1
Q577I6,1
Q57812,1
Q57815,1
Q57816,4
Q57818,3
Q57820,1
Q57829,1
Q57834,32
Q57836,1
Q57839,2
Q57840,1
Q57849,2
Q57851,1
Q57872,5
Q57884,2
Q57902,1
Q57912,4
Q57913,3
Q57930,1
Q57961,1
Q57968,1
Q57977,3
Q57986,4
Q57991,1
Q57997,1
Q57A95,1
Q57AQ0,1
Q57DE3,1
Q57DF0,1
Q57DY1,2
Q57ES7,2
Q57FR6,2
Q57K43,1
Q57LE3,1
Q57N83,1
Q57U41,1
Q57U70,2
Q57U83,3
Q57V32,1
Q57V43,1
Q57VC7,5
Q57VY5,1
Q57VZ2,1
Q57W55,2
Q57W63,2
Q57WE7,1
Q57WP0,1
Q57WT9,1
Q57X73,1
Q57XD5,1
Q57XM6,1
Q57ZF2,1
Q57ZH3,5
Q57ZL6,6
Q57ZS7,1
Q58025,1
Q58026,2
Q58033,1
Q58034,1
Q58090,1
Q58097,1
Q580Y8,2
Q58102,1
Q58105,1
Q58108,2
Q58122,3
Q58125,1
Q58134,1
Q58152,1
Q58164,3
Q58174,1
Q58192,1
Q58193,1
Q58194,6
Q581R8,2
Q581W1,13
Q581Y0,4
Q58206,2
Q58235,3
Q58256,1
Q58261,1
Q58280,1
Q58292,1
Q58293,1
Q582G4,3
Q582K6,1
Q58301,1
Q58309,1
Q58337,1
Q58346,3
Q58361,1
Q58380,3
Q583M9,1
Q58410,1
Q58416,1
Q58435,6
Q58439,1
Q58440,2
Q58452,2
Q58462,1
Q58484,1
Q58487,1
Q58494,2
Q58497,2
Q58499,2
Q584R4,1
Q584S0,1
Q58503,1
Q58504,5
Q58505,1
Q58531,1
Q58546,1
Q58559,1
Q58576,1
Q58584,2
Q58586,1
Q58597,2
Q585F3,4
Q585M6,1
Q58605,4
Q58609,2
Q58610,4
Q58622,2
Q58625,2
Q58643,1
Q58644,1
Q58649,3
Q58657,1
Q58663,2
Q58667,1
Q58673,1
Q58696,1
Q586Y0,1
Q58717,1
Q58734,5
Q58791,2
Q587A7,3
Q587B3,2
Q587D3,1
Q58801,1
Q58806,2
Q58812,1
Q58819,1
Q58820,1
Q58830,4
Q58839,2
Q58855,2
Q58899,1
Q588B8,1
Q588D6,2
Q588Z2,1
Q58923,1
Q58929,3
Q58933,5
Q58952,1
Q58959,1
Q58970,4
Q58976,1
Q58987,2
Q58988,1
Q58989,6
Q58993,3
Q58998,1
Q58999,1
Q58AD3,4
Q58CQ2,4
Q58E56,2
Q58EU8,10
Q58F21,17
Q58FS3,1
Q58HP2,1
Q58HP3,2
Q58L87,2
Q58M74,1
Q58MU6,5
Q58NA1,1
Q58NB6,2
Q58NS4,2
Q58PW8,1
Q58T34,1
Q58VP7,3
Q58WW0,1
Q58XD2,1
Q59014,1
Q59028,1
Q59034,2
Q59045,1
Q59055,1
Q59092,1
Q59096,1
Q59109,8
Q59110,8
Q59111,1
Q59112,1
Q59196,3
Q59232,1
Q59248,1
Q59250,1
Q59260,2
Q59263,7
Q59288,5
Q59289,2
Q59290,4
Q59310,4
Q59325,4
Q59393,2
Q59401,3
Q59452,2
Q59470,11
Q59471,11
Q59472,11
Q59474,1
Q59475,2
Q59476,2
Q59478,1
Q59485,1
Q59490,1
Q59517,1
Q59523,8
Q59560,1
Q59623,2
Q59632,1
Q59643,16
Q59646,3
Q59647,3
Q59675,3
Q59713,1
Q59718,1
Q59721,2
Q59771,4
Q59787,1
Q59819,7
Q59922,1
Q59931,4
Q59933,2
Q59961,2
Q59962,1
Q59976,2
Q59987,2
Q59990,2
Q59994,1
Q59DX8,2
Q59EE1,2
Q59EM9,1
Q59HN8,1
Q59I44,1
Q59IT3,1
Q59KZ2,1
Q59L12,2
Q59QT3,1
Q59TS4,1
Q59TV7,1
Q59UP8,6
Q59WG0,1
Q59X88,2
Q5A0X8,1
Q5A3V6,4
Q5A4W8,5
Q5A5Q7,1
Q5A872,1
Q5AAJ8,5
Q5AAT0,2
Q5AD07,6
Q5AF03,1
Q5AI14,1
Q5AJ71,1
Q5ALM0,1
Q5AME2,1
Q5AND9,1
Q5AP80,1
Q5AQQ0,1
Q5AR31,1
Q5AR34,1
Q5AR53,23
Q5AU62,6
Q5AUX2,1
Q5AV79,1
Q5B038,1
Q5B153,1
Q5B5Z6,4
Q5B6T5,2
Q5BAS1,2
Q5BBX1,2
Q5BCM1,1
Q5BEJ7,1
Q5BJZ2,1
Q5BL07,1
Q5C9L2,4
Q5C9L7,3
Q5CCJ4,3
Q5CCK4,1
Q5CPH1,4
Q5CPP8,3
Q5CPU3,1
Q5CQB7,1
Q5CQH9,1
Q5CQI4,1
Q5CQK4,1
Q5CR09,2
Q5CR27,7
Q5CR64,8
Q5CRC5,1
Q5CRJ8,1
Q5CRY1,1
Q5CS01,2
Q5CSE7,1
Q5CSF3,1
Q5CSM7,1
Q5CTR0,1
Q5CUE2,1
Q5CUP2,1
Q5CVP1,1
Q5CWN3,1
Q5CWT6,1
Q5CX58,1
Q5CXX3,1
Q5CXZ9,1
Q5CYE4,1
Q5CYG0,1
Q5CYJ7,1
Q5CYL9,2
Q5CYN0,1
Q5CYP8,1
Q5CYZ2,6
Q5CYZ3,1
Q5CZ29,1
Q5CZR5,4
Q5D006,1
Q5D1E8,3
Q5D6Y4,2
Q5D8E3,1
Q5DD64,1
Q5DE13,1
Q5DIQ1,1
Q5DK16,2
Q5DL24,2
Q5DL43,1
Q5DLU2,1
Q5DQT1,3
Q5DRN8,1
Q5DSM6,3
Q5DTV4,3
Q5DUA6,1
Q5DW55,2
Q5DYV8,1
Q5DZ44,1
Q5DZD6,1
Q5DZH6,1
Q5E046,3
Q5E0B9,1
Q5E0H6,1
Q5E1U2,1
Q5E2X3,1
Q5E3V1,1
Q5E3X2,1
Q5E4K6,1
Q5E5J7,1
Q5E6G3,1
Q5E7M1,1
Q5E8F4,1
Q5E8L1,1
Q5E997,1
Q5E9J8,1
Q5EA61,1
Q5EAQ1,1
Q5EAW4,2
Q5EBH1,2
Q5EBM2,1
Q5EBY5,1
Q5EDC8,1
Q5EEL8,5
Q5EG65,2
Q5EGK8,1
Q5EGM3,1
Q5EGY4,1
Q5EK29,3
Q5EK40,13
Q5EP31,4
Q5EP34,5
Q5EPH2,4
Q5F4D9,1
Q5F4T5,33
Q5F4Y3,1
Q5F581,1
Q5F5B5,1
Q5F5D2,1
Q5F5E3,1
Q5F5I0,1
Q5F5Q1,1
Q5F5Y7,1
Q5F5Y8,1
Q5F5Z9,2
Q5F676,1
Q5F6E9,12
Q5F6V7,1
Q5F6X0,1
Q5F6Z8,1
Q5F7A4,2
Q5F7U7,1
Q5F7X0,2
Q5F809,1
Q5F829,1
Q5F881,1
Q5F882,1
Q5F8M6,1
Q5F8Q1,1
Q5F9K6,2
Q5F9M1,2
Q5F9M9,1
Q5FA19,1
Q5FA94,4
Q5FAC0,2
Q5FAE1,1
Q5FAH0,1
Q5FAI4,1
Q5FAJ3,12
Q5FAK7,3
Q5FB34,1
Q5FBB7,1
Q5FBD2,3
Q5FBS0,3
Q5FIG7,1
Q5FIM8,2
Q5FIM9,1
Q5FJ32,1
Q5FJ43,1
Q5FJ46,1
Q5FJB3,1
Q5FK79,1
Q5FKC3,1
Q5FKD7,1
Q5FL51,1
Q5FL96,2
Q5FLN0,3
Q5FLP2,1
Q5FLQ3,1
Q5FM28,2
Q5FMB7,1
Q5FNX9,1
Q5FPC4,1
Q5FQJ0,1
Q5FT75,2
Q5FTJ3,1
Q5FTL8,1
Q5FWF4,4
Q5FX67,1
Q5FZI9,1
Q5G290,1
Q5G291,1
Q5G2D4,2
Q5G3N6,1
Q5G3P4,1
Q5G8B6,1
Q5G935,1
Q5G940,11
Q5GA15,1
Q5GA16,2
Q5GAF0,2
Q5GHF7,1
Q5GJ75,1
Q5GL29,1
Q5GQ85,2
Q5GS31,2
Q5GUA3,2
Q5GUT0,1
Q5GV10,1
Q5GYJ8,2
Q5H1U9,4
Q5H3Z2,16
Q5H434,2
Q5H4I7,2
Q5H4T8,4
Q5H5J0,5
Q5H614,3
Q5H7J4,1
Q5H8A6,2
Q5H924,1
Q5H9F3,1
Q5HCK7,1
Q5HCN2,1
Q5HCZ5,5
Q5HE12,1
Q5HE64,1
Q5HE81,1
Q5HE87,1
Q5HEB7,4
Q5HED0,2
Q5HED1,1
Q5HEG2,4
Q5HEK9,1
Q5HES4,1
Q5HF23,2
Q5HF61,2
Q5HF73,1
Q5HFG7,2
Q5HFV4,4
Q5HG24,1
Q5HG25,2
Q5HGD2,1
Q5HGM3,1
Q5HGN2,1
Q5HGZ3,4
Q5HH30,2
Q5HHB9,3
Q5HHC2,1
Q5HHM4,5
Q5HJD7,3
Q5HK90,1
Q5HK91,2
Q5HK94,1
Q5HKE8,5
Q5HKQ1,2
Q5HKZ1,2
Q5HLN6,3
Q5HNV1,2
Q5HPA2,2
Q5HQ06,1
Q5HQW0,1
Q5HSJ4,7
Q5HVN3,1
Q5I2M5,2
Q5I3C1,2
Q5I4I3,1
Q5I6B0,3
Q5I6E6,2
Q5I6Y1,1
Q5I6Y2,1
Q5ICL9,1
Q5IFH7,1
Q5IFH8,1
Q5IJ48,1
Q5IW40,4
Q5IZD9,1
Q5J1Q6,2
Q5JCX2,1
Q5JCX3,1
Q5JD03,6
Q5JD28,1
Q5JD38,3
Q5JD94,1
Q5JDA3,3
Q5JDJ7,2
Q5JDR0,1
Q5JDW7,1
Q5JE88,1
Q5JER9,1
Q5JET1,1
Q5JF22,1
Q5JF30,1
Q5JF31,1
Q5JF32,2
Q5JFD3,1
Q5JFM9,1
Q5JFV8,2
Q5JFV9,1
Q5JFW0,1
Q5JGC2,2
Q5JGJ6,1
Q5JGJ7,1
Q5JGL0,1
Q5JGN0,1
Q5JGZ3,1
Q5JH47,1
Q5JHF1,1
Q5JHM2,1
Q5JI52,1
Q5JI69,1
Q5JID5,2
Q5JIH3,3
Q5JIH4,3
Q5JIH7,1
Q5JII0,3
Q5JII1,3
Q5JII7,7
Q5JIW4,1
Q5JIY4,1
Q5JIZ3,4
Q5JIZ5,1
Q5JIZ8,3
Q5JJ92,1
Q5JJF4,1
Q5JP69,2
Q5JRX3,2
Q5JS13,1
Q5JS54,1
Q5JSS6,2
Q5JST6,2
Q5JT35,2
Q5JTC6,3
Q5JTJ3,2
Q5JTV8,1
Q5JTZ9,2
Q5JU85,1
Q5JUX0,1
Q5JVF3,1
Q5KQI6,4
Q5KSB7,3
Q5KST5,6
Q5KU26,1
Q5KUD5,1
Q5KVJ9,2
Q5KVS1,1
Q5KVX8,1
Q5KW03,1
Q5KW80,31
Q5KWC1,29
Q5KWD0,1
Q5KWF3,1
Q5KWH6,2
Q5KWX7,1
Q5KWZ7,1
Q5KX02,1
Q5KX27,1
Q5KXG9,2
Q5KXY1,1
Q5KXY4,2
Q5KY26,1
Q5KY38,1
Q5KY88,1
Q5KY94,1
Q5KYB2,2
Q5KYB3,1
Q5KYD1,5
Q5KYF9,1
Q5KYG7,1
Q5KYP7,4
Q5KYT1,1
Q5KYY8,1
Q5KZ26,1
Q5KZF0,1
Q5KZG6,1
Q5KZU5,18
Q5KZY7,1
Q5L084,1
Q5L0D5,1
Q5L0J3,2
Q5L0U0,2
Q5L106,1
Q5L147,1
Q5L1E2,3
Q5L1S0,1
Q5L1S1,1
Q5L1X8,2
Q5L206,1
Q5L2C2,1
Q5L2U2,1
Q5L3C1,2
Q5L3C7,4
Q5L3C9,1
Q5L3D0,1
Q5L3D5,1
Q5L3F4,1
Q5L3Q1,1
Q5L3S8,1
Q5L3T3,1
Q5L3Y2,2
Q5L4B1,6
Q5L5G1,1
Q5L7K1,1
Q5L7M9,2
Q5L7T7,1
Q5L808,1
Q5L8Y8,1
Q5L9C9,1
Q5L9G5,1
Q5L9L3,1
Q5L9X2,1
Q5L9Z8,1
Q5LA60,1
Q5LAA3,1
Q5LAA6,1
Q5LAQ6,1
Q5LAR6,1
Q5LAZ3,1
Q5LAZ4,1
Q5LB10,1
Q5LBB1,1
Q5LBG4,1
Q5LBM4,1
Q5LBR6,1
Q5LBW5,1
Q5LBW6,1
Q5LC36,1
Q5LC76,1
Q5LCG5,1
Q5LCX7,1
Q5LCY3,1
Q5LD59,1
Q5LDM9,1
Q5LDN3,1
Q5LDT7,1
Q5LE76,1
Q5LE83,1
Q5LE92,1
Q5LE95,1
Q5LEB7,1
Q5LEF0,1
Q5LEF1,1
Q5LEL2,1
Q5LEN2,1
Q5LER3,1
Q5LES9,1
Q5LF82,1
Q5LFG6,1
Q5LFK0,1
Q5LFM5,1
Q5LGD2,1
Q5LGG0,1
Q5LGG4,1
Q5LGM0,1
Q5LGM6,1
Q5LGR4,1
Q5LH16,2
Q5LH31,1
Q5LH68,4
Q5LHD5,1
Q5LHN1,1
Q5LHP3,1
Q5LI79,1
Q5LIB7,1
Q5LIC7,2
Q5LIG1,1
Q5LIP7,1
Q5LIW1,1
Q5LKJ1,1
Q5LKL9,1
Q5LKQ8,2
Q5LKY7,1
Q5LL54,1
Q5LL55,1
Q5LLA5,1
Q5LLB8,1
Q5LLB9,1
Q5LLW6,3
Q5LM08,1
Q5LM80,1
Q5LM96,1
Q5LMG0,1
Q5LMH0,1
Q5LMI4,1
Q5LMU1,1
Q5LN19,1
Q5LPC9,1
Q5LQA4,1
Q5LQD5,1
Q5LQF6,1
Q5LQW4,1
Q5LQZ3,1
Q5LR19,1
Q5LRQ9,1
Q5LRU5,1
Q5LRV1,1
Q5LS56,2
Q5LS67,1
Q5LSC5,1
Q5LSJ5,3
Q5LSK1,1
Q5LT18,1
Q5LT66,1
Q5LTF6,1
Q5LTV6,1
Q5LU41,1
Q5LUB5,2
Q5LUH0,1
Q5LV76,1
Q5LVV0,1
Q5LVY3,1
Q5LWU5,1
Q5LX22,1
Q5LX24,1
Q5LXE3,1
Q5M0B4,7
Q5M2R3,1
Q5M2U8,1
Q5M2Z6,1
Q5M3Z4,1
Q5M4D0,1
Q5M4H8,16
Q5M4P7,1
Q5M4W1,1
Q5M4Z1,1
Q5M500,1
Q5M539,1
Q5M554,1
Q5M567,1
Q5M586,8
Q5M594,1
Q5M5S4,1
Q5M7A7,2
Q5M7L6,3
Q5M842,5
Q5MAG5,1
Q5MGS7,1
Q5MJ80,1
Q5MK11,3
Q5MNZ6,2
Q5MQD0,4
Q5MWV9,1
Q5MYC0,2
Q5MYR6,2
Q5NBT9,3
Q5NBX1,5
Q5NBY9,1
Q5NCF2,1
Q5NCS9,1
Q5NCY0,1
Q5NDF2,3
Q5NE12,1
Q5NE14,2
Q5NE95,1
Q5NEC5,1
Q5NEJ0,1
Q5NEJ3,1
Q5NEJ8,1
Q5NEQ5,4
Q5NES5,1
Q5NF01,1
Q5NF33,1
Q5NF56,1
Q5NF57,2
Q5NF68,1
Q5NF74,1
Q5NF76,1
Q5NFC4,4
Q5NFJ9,1
Q5NFM5,2
Q5NFN6,1
Q5NFR4,1
Q5NFU2,1
Q5NFX0,7
Q5NG28,1
Q5NG43,1
Q5NG89,1
Q5NGA7,2
Q5NGB3,1
Q5NGB5,1
Q5NGE8,5
Q5NGE9,2
Q5NGF2,2
Q5NGF3,1
Q5NGF6,1
Q5NGP6,1
Q5NGQ3,5
Q5NGZ6,1
Q5NH47,3
Q5NH60,1
Q5NH85,1
Q5NH99,1
Q5NHD0,1
Q5NHF0,1
Q5NHF3,2
Q5NHF4,2
Q5NHG5,1
Q5NHL5,1
Q5NHQ9,1
Q5NHR1,2
Q5NHS8,1
Q5NI32,1
Q5NI77,1
Q5NII8,1
Q5NII9,2
Q5NIJ6,1
Q5NIJ9,1
Q5NIN6,2
Q5NIQ1,2
Q5NLA1,2
Q5NLX3,1
Q5NMB8,1
Q5NN22,1
Q5NP81,1
Q5NPJ9,1
Q5NQE9,1
Q5NT46,2
Q5NTA4,1
Q5NU29,1
Q5NU42,4
Q5NV88,2
Q5NV90,1
Q5NVK7,1
Q5NWP0,2
Q5P025,1
Q5P5I0,1
Q5P5I1,1
Q5P5I2,1
Q5P5I4,2
Q5P8S7,2
Q5PPM0,2
Q5PSJ1,1
Q5PSP8,1
Q5PSV9,2
Q5PXH3,2
Q5PXQ6,1
Q5PY77,1
Q5Q157,4
Q5QA94,2
Q5QF96,2
Q5QGG3,2
Q5QGH9,2
Q5QGZ9,1
Q5QJ60,1
Q5QL47,1
Q5QNS5,1
Q5QT35,3
Q5QTY1,1
Q5QU98,1
Q5QUJ8,1
Q5QX87,1
Q5R179,1
Q5R1B3,3
Q5R1F1,1
Q5R1F5,3
Q5R1I3,2
Q5R372,1
Q5RH73,1
Q5RJ80,1
Q5RJP0,2
Q5RJP4,1
Q5RT80,2
Q5RTL1,3
Q5RZ08,9
Q5RZ09,1
Q5RZ98,1
Q5S007,8
Q5S3G3,1
Q5S3G7,8
Q5S3G8,2
Q5S3I3,7
Q5S581,4
Q5S585,1
Q5S6Z9,41
Q5S7Y5,1
Q5SBM0,3
Q5SBN3,4
Q5SFD1,3
Q5SGE1,1
Q5SGN2,1
Q5SGW3,1
Q5SGZ2,3
Q5SGZ9,2
Q5SH14,1
Q5SH17,1
Q5SH22,1
Q5SH23,3
Q5SH26,1
Q5SH27,1
Q5SH28,2
Q5SH33,1
Q5SH51,1
Q5SH52,3
Q5SH67,1
Q5SH84,1
Q5SH88,1
Q5SH92,2
Q5SHB0,6
Q5SHB1,1
Q5SHB9,1
Q5SHC1,1
Q5SHC7,1
Q5SHD1,2
Q5SHD3,1
Q5SHD6,1
Q5SHE1,5
Q5SHE5,1
Q5SHE9,1
Q5SHF5,2
Q5SHF9,1
Q5SHH4,1
Q5SHH5,3
Q5SHI0,1
Q5SHI3,1
Q5SHJ4,1
Q5SHL1,1
Q5SHL6,1
Q5SHL7,1
Q5SHN1,5
Q5SHN3,17
Q5SHN5,1
Q5SHN6,2
Q5SHN7,17
Q5SHN8,16
Q5SHN9,16
Q5SHP0,16
Q5SHP2,18
Q5SHP3,16
Q5SHP6,16
Q5SHP8,16
Q5SHP9,16
Q5SHQ0,16
Q5SHQ4,16
Q5SHQ5,17
Q5SHQ6,16
Q5SHQ7,16
Q5SHQ9,1
Q5SHR2,16
Q5SHR6,6
Q5SHS3,1
Q5SHT5,1
Q5SHT6,1
Q5SHT7,1
Q5SHU3,2
Q5SHU6,1
Q5SHU9,1
Q5SHV2,5
Q5SHV7,1
Q5SHV8,2
Q5SHW7,1
Q5SHW9,1
Q5SHX3,16
Q5SHY0,1
Q5SHZ1,16
Q5SHZ2,3
Q5SHZ3,14
Q5SHZ4,2
Q5SHZ8,3
Q5SI02,15
Q5SI12,2
Q5SI17,1
Q5SI28,2
Q5SI36,1
Q5SI52,2
Q5SI56,4
Q5SI58,1
Q5SI60,1
Q5SI76,2
Q5SI78,2
Q5SI81,1
Q5SI82,1
Q5SI93,1
Q5SI95,2
Q5SIA2,1
Q5SIA8,3
Q5SIB2,1
Q5SIC2,1
Q5SID2,3
Q5SID6,1
Q5SID7,1
Q5SID9,4
Q5SIE2,1
Q5SIE3,5
Q5SIE5,1
Q5SIH3,17
Q5SIH8,1
Q5SII2,4
Q5SII9,1
Q5SIL0,1
Q5SIL5,1
Q5SIM3,1
Q5SIM6,2
Q5SIP1,1
Q5SIP4,2
Q5SIP7,1
Q5SIT3,1
Q5SIT4,1
Q5SIT5,1
Q5SIU9,1
Q5SIV0,1
Q5SIW0,1
Q5SIY4,18
Q5SIY7,1
Q5SIZ2,1
Q5SIZ3,1
Q5SIZ5,2
Q5SIZ6,1
Q5SJ05,1
Q5SJ15,1
Q5SJ28,2
Q5SJ29,1
Q5SJ34,1
Q5SJ47,3
Q5SJ55,2
Q5SJ57,1
Q5SJ58,1
Q5SJ64,3
Q5SJ65,4
Q5SJ76,17
Q5SJ79,9
Q5SJ80,12
Q5SJ82,4
Q5SJ83,3
Q5SJ94,1
Q5SJA1,5
Q5SJB8,1
Q5SJC3,1
Q5SJC4,2
Q5SJC8,2
Q5SJD8,1
Q5SJE1,16
Q5SJE8,1
Q5SJF5,1
Q5SJF8,4
Q5SJG6,1
Q5SJH3,17
Q5SJH5,2
Q5SJI0,1
Q5SJJ5,1
Q5SJJ6,1
Q5SJM0,2
Q5SJM3,1
Q5SJN0,4
Q5SJP1,1
Q5SJP3,6
Q5SJP7,3
Q5SJP8,6
Q5SJP9,1
Q5SJQ0,1
Q5SJQ7,1
Q5SJR1,1
Q5SJS4,1
Q5SJS9,1
Q5SJT0,1
Q5SJV0,1
Q5SJV1,1
Q5SJV5,1
Q5SJV7,4
Q5SJW0,1
Q5SJW4,1
Q5SJX7,1
Q5SJX8,1
Q5SJY9,4
Q5SK02,2
Q5SK03,1
Q5SK07,1
Q5SK18,1
Q5SK23,1
Q5SK28,2
Q5SK43,1
Q5SK58,1
Q5SK63,1
Q5SK67,1
Q5SK82,4
Q5SK86,1
Q5SK98,1
Q5SKB1,1
Q5SKC5,1
Q5SKD2,5
Q5SKD6,1
Q5SKD9,1
Q5SKG7,1
Q5SKG8,2
Q5SKH2,3
Q5SKH6,2
Q5SKH7,1
Q5SKI6,1
Q5SKJ3,1
Q5SKK7,1
Q5SKL8,2
Q5SKM2,1
Q5SKM5,6
Q5SKM8,1
Q5SKN0,1
Q5SKN7,2
Q5SKN9,2
Q5SKQ0,2
Q5SKQ2,2
Q5SKR5,4
Q5SKS3,1
Q5SKS4,1
Q5SKS6,1
Q5SKU1,16
Q5SKU4,1
Q5SKU6,1
Q5SKV3,1
Q5SKW0,5
Q5SKW1,5
Q5SKW5,11
Q5SKW7,3
Q5SKW8,3
Q5SKW9,1
Q5SKX7,1
Q5SL02,2
Q5SL04,6
Q5SL27,1
Q5SL28,1
Q5SL35,5
Q5SL42,1
Q5SL69,1
Q5SL73,1
Q5SL77,1
Q5SL78,1
Q5SL79,1
Q5SL80,1
Q5SL81,1
Q5SL84,3
Q5SL92,1
Q5SLA5,2
Q5SLB4,18
Q5SLC3,2
Q5SLC4,2
Q5SLC6,1
Q5SLC9,4
Q5SLD7,19
Q5SLE3,1
Q5SLE6,4
Q5SLE7,11
Q5SLF1,1
Q5SLF2,2
Q5SLF5,1
Q5SLG2,3
Q5SLG6,1
Q5SLI2,1
Q5SLI8,9
Q5SLI9,5
Q5SLJ0,1
Q5SLJ4,1
Q5SLJ9,1
Q5SLK3,1
Q5SLK5,1
Q5SLK6,2
Q5SLL2,1
Q5SLL4,1
Q5SLL5,3
Q5SLL6,1
Q5SLL8,2
Q5SLM7,2
Q5SLM9,1
Q5SLP1,5
Q5SLP6,1
Q5SLP7,2
Q5SLP8,34
Q5SLP9,1
Q5SLQ0,17
Q5SLQ1,16
Q5SLQ3,4
Q5SLQ6,2
Q5SLR0,3
Q5SLR1,1
Q5SLR3,4
Q5SLR4,4
Q5SLR6,1
Q5SLS0,2
Q5SLS1,1
Q5SLS3,3
Q5SLS5,1
Q5SLS9,2
Q5SLV2,3
Q5SLV5,2
Q5SLV9,1
Q5SLW7,1
Q5SLW8,1
Q5SLX0,2
Q5SLX2,1
Q5SLX5,2
Q5SLX6,1
Q5SM01,1
Q5SM04,2
Q5SM06,3
Q5SM11,1
Q5SM16,1
Q5SM19,5
Q5SM21,1
Q5SM23,1
Q5SM28,1
Q5SM30,2
Q5SM35,1
Q5SM39,2
Q5SM42,2
Q5SM60,5
Q5SM65,2
Q5SM75,2
Q5SM78,1
Q5SM82,3
Q5SM95,1
Q5SMC7,2
Q5SMD0,1
Q5SME3,1
Q5SME6,1
Q5SMF5,1
Q5SMG6,1
Q5SMG8,3
Q5SMG9,3
Q5SMH8,1
Q5SPW0,2
Q5SQI0,10
Q5SRE7,2
Q5SRI9,8
Q5SSF7,1
Q5SSZ7,5
Q5SU54,2
Q5SW79,1
Q5SW96,1
Q5SWA1,3
Q5SWZ9,2
Q5SXA9,4
Q5SYB0,1
Q5T0W9,12
Q5T1C6,2
Q5T280,3
Q5T2D3,1
Q5T2T1,1
Q5T2W1,3
Q5T440,3
Q5T4W7,3
Q5T5U3,1
Q5T5X7,1
Q5T6S3,1
Q5T890,1
Q5T8D3,1
Q5T8I9,1
Q5TA31,1
Q5TA45,1
Q5TA50,4
Q5TAX3,1
Q5TBC7,1
Q5TC82,4
Q5TCQ9,1
Q5TCY1,8
Q5TDH0,1
Q5TEC6,1
Q5TFQ8,1
Q5THR3,2
Q5TJA9,1
Q5TKA1,1
Q5TLE4,1
Q5TLG6,33
Q5TZA2,1
Q5U315,1
Q5U3W1,1
Q5U5Q3,4
Q5U5Q9,1
Q5U780,1
Q5U7L7,2
Q5U807,1
Q5U8X5,4
Q5U923,3
Q5U924,3
Q5U925,2
Q5UB51,4
Q5UCA8,1
Q5UEA2,24
Q5UES8,1
Q5UFR2,1
Q5UFR5,4
Q5UNV6,3
Q5UNW7,1
Q5UP54,2
Q5UP71,1
Q5UPJ7,1
Q5UPL1,3
Q5UPL2,1
Q5UPS5,1
Q5UPT2,1
Q5UQ00,4
Q5UQ27,2
Q5UQA5,1
Q5UQC3,3
Q5UQL3,20
Q5UQX1,2
Q5UR12,1
Q5UVJ4,1
Q5UXY6,2
Q5UZS4,1
Q5V043,1
Q5V3A0,1
Q5V4F9,1
Q5V4K4,1
Q5V5P7,1
Q5V8X3,2
Q5V8Z9,4
Q5V9K0,1
Q5VGF0,1
Q5VMP0,2
Q5VRM0,1
Q5VST9,4
Q5VT52,1
Q5VT66,2
Q5VTE6,2
Q5VTR2,1
Q5VTY9,1
Q5VV17,1
Q5VVQ6,2
Q5VVX9,1
Q5VVY1,4
Q5VW32,2
Q5VWG9,4
Q5VWZ2,2
Q5VY80,2
Q5VYS8,3
Q5VYX0,1
Q5VZ89,1
Q5VZK9,1
Q5VZV1,1
Q5W0Q7,1
Q5W0Z9,2
Q5W111,1
Q5W1E8,1
Q5W249,2
Q5W271,4
Q5W503,1
Q5W9E8,2
Q5W9R9,6
Q5WDL1,1
Q5WFD8,1
Q5WMC0,1
Q5WPU5,4
Q5WPZ4,1
Q5WRG2,2
Q5WWY0,3
Q5WYB1,1
Q5WZ95,1
Q5WZW9,1
Q5X159,1
Q5X5Q1,1
Q5XBN5,1
Q5XC60,3
Q5XD01,2
Q5XE14,1
Q5XFY8,1
Q5XHE3,1
Q5XI77,1
Q5XJA0,3
Q5XJX1,3
Q5XVG3,2
Q5XX01,1
Q5XX02,2
Q5XX06,1
Q5XX07,1
Q5Y1E7,1
Q5Y389,6
Q5Y4Y6,1
Q5Y7C3,1
Q5Y7D1,1
Q5Y7D3,2
Q5Y812,5
Q5YBA4,1
Q5YD59,4
Q5YEX6,2
Q5YFA7,1
Q5YIR8,2
Q5YNS8,5
Q5YTV5,3
Q5YUF0,1
Q5YXQ1,2
Q5YYT7,1
Q5Z1T5,1
Q5Z3N8,1
Q5Z8S0,1
Q5ZAJ0,1
Q5ZHQ2,1
Q5ZIS0,13
Q5ZIY8,1
Q5ZJ90,1
Q5ZJQ3,1
Q5ZK43,6
Q5ZKX9,5
Q5ZMW5,1
Q5ZQQ5,1
Q5ZRD1,1
Q5ZRE5,1
Q5ZRE6,2
Q5ZRG1,1
Q5ZRG2,3
Q5ZRL4,1
Q5ZRN7,1
Q5ZRP2,1
Q5ZRR1,1
Q5ZRR6,2
Q5ZRR7,1
Q5ZRW1,1
Q5ZRW2,1
Q5ZRY9,1
Q5ZS31,1
Q5ZS45,1
Q5ZS72,1
Q5ZS97,2
Q5ZSB6,2
Q5ZSC4,2
Q5ZSD5,2
Q5ZSI8,2
Q5ZSK6,1
Q5ZSK8,2
Q5ZSL2,1
Q5ZSM2,1
Q5ZSN0,2
Q5ZSQ2,3
Q5ZSQ3,5
Q5ZSR0,1
Q5ZSR1,1
Q5ZSU4,1
Q5ZSW6,1
Q5ZSX5,1
Q5ZT13,1
Q5ZT21,1
Q5ZT35,1
Q5ZT65,1
Q5ZT82,1
Q5ZT91,1
Q5ZTB4,1
Q5ZTD3,2
Q5ZTE0,1
Q5ZTF2,1
Q5ZTJ2,1
Q5ZTK4,4
Q5ZTK6,1
Q5ZTL2,1
Q5ZTL3,5
Q5ZTL4,7
Q5ZTL7,1
Q5ZTM4,1
Q5ZTW8,1
Q5ZTX1,1
Q5ZTY7,4
Q5ZU30,3
Q5ZU37,1
Q5ZU41,1
Q5ZU48,1
Q5ZU83,1
Q5ZUA2,23
Q5ZUB7,1
Q5ZUE7,1
Q5ZUG6,1
Q5ZUH0,1
Q5ZUP7,1
Q5ZUS4,2
Q5ZUU1,1
Q5ZUV9,3
Q5ZUX2,1
Q5ZV24,1
Q5ZV85,1
Q5ZVC1,1
Q5ZVE3,2
Q5ZVE4,2
Q5ZVH3,3
Q5ZVR1,1
Q5ZVS2,1
Q5ZVY3,1
Q5ZVZ2,1
Q5ZW04,1
Q5ZW53,1
Q5ZW80,1
Q5ZWD7,1
Q5ZWF6,2
Q5ZWI2,1
Q5ZWI4,3
Q5ZWV6,1
Q5ZWW6,2
Q5ZWX8,1
Q5ZWY8,1
Q5ZWY9,4
Q5ZWZ3,1
Q5ZX22,1
Q5ZX43,2
Q5ZX45,1
Q5ZX93,1
Q5ZXA3,2
Q5ZXA4,3
Q5ZXB6,1
Q5ZXC3,1
Q5ZXD1,1
Q5ZXE0,1
Q5ZXH5,1
Q5ZXQ9,1
Q5ZXS4,1
Q5ZXU7,1
Q5ZXX6,1
Q5ZXY5,1
Q5ZY11,1
Q5ZY30,1
Q5ZY78,2
Q5ZYB7,1
Q5ZYC6,2
Q5ZYC7,5
Q5ZYC9,3
Q5ZYD0,1
Q5ZYD3,1
Q5ZYD6,1
Q5ZYF2,1
Q5ZYG6,2
Q5ZYK8,1
Q5ZYP6,1
Q5ZYZ3,1
Q5ZZ22,2
Q5ZZ27,1
Q5ZZ84,1
Q5ZZ88,1
Q5ZZB5,2
Q5ZZB7,2
Q5ZZC6,1
Q5ZZD5,1
Q5ZZH8,1
Q5ZZI0,1
Q60029,2
Q60032,8
Q60034,2
Q60037,3
Q60049,1
Q60053,9
Q60099,4
Q60136,1
Q60153,1
Q60173,1
Q60176,1
Q60187,5
Q60257,1
Q60277,1
Q602J2,1
Q60329,1
Q60343,2
Q60349,1
Q60350,1
Q60351,1
Q60352,2
Q60357,1
Q60358,6
Q60363,1
Q60364,3
Q60365,3
Q60381,4
Q60393,3
Q603T8,1
Q604L6,1
Q60596,3
Q60598,4
Q60603,3
Q60629,1
Q60648,1
Q60675,6
Q606Q2,1
Q60754,2
Q60760,1
Q60773,1
Q60778,2
Q60787,1
Q60793,9
Q60795,4
Q607C7,1
Q60803,1
Q60819,1
Q60841,3
Q60867,1
Q60875,1
Q60932,3
Q60954,2
Q60994,2
Q609M8,1
Q60AN0,1
Q60AR3,5
Q60AR6,5
Q60AU8,1
Q60AX2,4
Q60BX6,1
Q60FD2,1
Q60GK5,1
Q60GU1,3
Q60I24,1
Q60I25,1
Q60I38,1
Q60I59,1
Q61026,14
Q61033,1
Q61091,3
Q61140,1
Q61179,1
Q61188,1
Q61193,1
Q61194,2
Q61207,1
Q61234,2
Q61249,1
Q61301,2
Q61330,1
Q61337,1
Q61420,1
Q61496,1
Q61510,1
Q61597,1
Q61627,1
Q61644,1
Q61823,4
Q61830,4
Q61846,1
Q61885,1
Q61937,1
Q61955,1
Q62011,2
Q62074,1
Q62120,1
Q62132,1
Q62165,4
Q62191,113
Q62192,1
Q62226,5
Q62227,1
Q62230,4
Q62245,1
Q62261,1
Q62296,2
Q62318,1
Q62356,1
Q62384,1
Q62413,1
Q62420,1
Q62425,3
Q62446,1
Q62605,1
Q62625,4
Q62636,4
Q62645,5
Q62651,1
Q62696,5
Q62735,1
Q62747,2
Q62760,9
Q62765,1
Q62768,4
Q62838,3
Q62884,1
Q62902,2
Q62915,1
Q62936,1
Q62986,4
Q62997,3
Q63009,3
Q63041,1
Q63042,2
Q63053,3
Q63135,1
Q63155,4
Q63226,1
Q63273,2
Q63342,3
Q63345,2
Q63366,2
Q63373,1
Q63376,1
Q63424,1
Q63450,2
Q63511,1
Q63537,2
Q63549,1
Q63570,1
Q63584,2
Q63622,1
Q63635,1
Q63707,3
Q63739,1
Q63870,1
Q63881,2
Q63F05,1
Q63HN8,1
Q63HR2,1
Q63I75,1
Q63IC6,1
Q63ID0,1
Q63IJ7,1
Q63IP8,1
Q63J81,1
Q63J95,4
Q63JW5,2
Q63K37,2
Q63K53,1
Q63K67,1
Q63KH5,2
Q63NA5,3
Q63NA6,1
Q63NE4,2
Q63NT7,1
Q63P16,1
Q63QH7,1
Q63QJ1,1
Q63QJ9,1
Q63R74,2
Q63RA7,1
Q63RY4,1
Q63S01,1
Q63SB3,2
Q63SW7,1
Q63T51,1
Q63T71,4
Q63T74,4
Q63T80,1
Q63T97,4
Q63TA4,1
Q63TL0,1
Q63UH6,1
Q63UP7,3
Q63V82,1
Q63VH2,1
Q63VU8,2
Q63X76,1
Q63XK6,1
Q63XL8,1
Q63XZ4,1
Q63Y08,4
Q63YA8,1
Q63YH5,1
Q63ZY3,3
Q64010,6
Q64096,1
Q64105,3
Q641Q2,4
Q64237,1
Q64249,1
Q64288,2
Q642G4,1
Q64303,1
Q64331,1
Q64337,2
Q64339,5
Q64346,1
Q64368,4
Q64373,11
Q64374,4
Q643B8,4
Q643B9,2
Q643C8,10
Q64438,1
Q64467,1
Q64487,2
Q64520,1
Q64536,2
Q64537,4
Q64605,1
Q64610,220
Q64632,1
Q64702,1
Q64761,1
Q64762,1
Q64817,1
Q64822,1
Q64823,14
Q64BR7,1
Q64PD9,1
Q64QR8,2
Q64SV7,1
Q64T43,2
Q64UD2,1
Q64UP6,1
Q64V53,1
Q64W45,1
Q64WA7,1
Q64XJ4,1
Q64XZ4,1
Q64ZB8,1
Q65163,1
Q65179,3
Q65199,3
Q652L6,5
Q653D5,1
Q65480,1
Q658P3,2
Q65900,466
Q65914,3
Q659I5,1
Q65AT0,1
Q65AT1,1
Q65CJ7,2
Q65CX5,4
Q65D11,1
Q65D31,1
Q65D37,1
Q65DC7,1
Q65EQ1,1
Q65EX3,3
Q65FG2,1
Q65FG3,1
Q65HR4,1
Q65HU8,1
Q65J43,5
Q65JI7,2
Q65JI8,1
Q65JI9,3
Q65JX9,1
Q65KY4,1
Q65KZ6,2
Q65LG7,3
Q65LL6,1
Q65MA9,1
Q65MB6,2
Q65MI2,2
Q65NL9,1
Q65NN2,1
Q65NU7,2
Q65T37,1
Q65TW5,1
Q65UJ3,3
Q65XA0,4
Q65XK0,2
Q65XY8,2
Q65XZ7,2
Q65YW7,3
Q65Z23,1
Q65Z69,3
Q65ZC0,7
Q65ZC9,1
Q65ZI1,5
Q66104,3
Q663P0,1
Q66418,3
Q66479,1
Q665A4,1
Q665C6,2
Q66729,1
Q66793,1
Q66972,2
Q66BP3,2
Q66CF3,1
Q66D48,1
Q66DQ2,8
Q66ED7,1
Q66G68,2
Q66GI4,8
Q66GR6,1
Q66GS9,2
Q66GT5,2
Q66JG9,2
Q66K64,1
Q67296,1
Q672W7,5
Q67333,1
Q673V0,1
Q674X2,1
Q675N6,2
Q67622,3
Q676U5,3
Q67711,1
Q67897,1
Q67953,3
Q67A25,5
Q67AJ6,1
Q67FT0,8
Q67G25,3
Q67G28,1
Q67PI3,3
Q67PY4,3
Q67XG0,1
Q682I1,1
Q68871,2
Q689C4,1
Q689C6,1
Q68CN4,1
Q68CZ6,2
Q68D85,3
Q68DC2,1
Q68DK7,1
Q68DU8,4
Q68DV7,1
Q68E01,4
Q68EH2,1
Q68FF6,1
Q68FT9,3
Q68G84,9
Q68GV9,1
Q68J44,1
Q68JC9,1
Q68KK2,1
Q68RJ5,1
Q68RJ8,1
Q68T42,112
Q68VL9,3
Q68VM0,3
Q68WT4,1
Q68WW0,2
Q68X84,1
Q68XJ3,1
Q69014,2
Q69467,1
Q69527,1
Q69B42,2
Q69CJ8,1
Q69CK0,1
Q69G21,1
Q69YH5,1
Q69Z26,3
Q69Z98,2
Q6A070,1
Q6A0I4,6
Q6A1F6,1
Q6A562,5
Q6A564,1
Q6A8X5,6
Q6AL91,1
Q6AMB9,1
Q6AQ66,3
Q6AQB0,1
Q6ARP5,1
Q6AV34,1
Q6AW42,2
Q6AWJ9,1
Q6AXG6,1
Q6AZJ8,6
Q6B0I6,282
Q6B341,1
Q6B3P2,1
Q6B519,1
Q6B6C5,3
Q6B7R3,2
Q6B856,135
Q6B8I1,1
Q6B8L6,1
Q6B8L7,1
Q6B9W9,1
Q6BB74,1
Q6BBK3,1
Q6BBK6,1
Q6BBK8,3
Q6BBR6,3
Q6BCB5,5
Q6BDS0,2
Q6BF16,2
Q6BSM0,1
Q6C4P5,1
Q6C999,1
Q6CII8,1
Q6CJ70,2
Q6CJ80,1
Q6CJY0,1
Q6CK86,2
Q6CL77,1
Q6CLK3,2
Q6CMF0,1
Q6CMU6,1
Q6CN52,1
Q6CNW4,1
Q6CP22,1
Q6CPD1,2
Q6CPU0,1
Q6CR58,1
Q6CRN7,1
Q6CSZ6,5
Q6CTI2,1
Q6CTL1,1
Q6CUC3,1
Q6CUK7,3
Q6CUV9,2
Q6CUZ3,2
Q6CVA1,1
Q6CVH5,1
Q6CVQ9,1
Q6CVZ8,1
Q6CXP4,1
Q6CYK7,1
Q6D0N7,2
Q6D1E8,1
Q6D291,1
Q6D2K4,1
Q6D2T7,1
Q6D4Z0,1
Q6D504,1
Q6D507,1
Q6D515,1
Q6D532,1
Q6D5A0,1
Q6D5K4,2
Q6D5T7,1
Q6D5X8,1
Q6D668,1
Q6D6E7,2
Q6D6I7,1
Q6D6K1,1
Q6D6L3,1
Q6D750,1
Q6D820,1
Q6D8G1,1
Q6D8U3,2
Q6D8U5,1
Q6DCU6,2
Q6DD88,2
Q6DDS9,6
Q6DDT4,1
Q6DE08,11
Q6DFM0,1
Q6DGL5,1
Q6DHI5,4
Q6DHV7,1
Q6DKI7,2
Q6DL83,1
Q6DMN0,1
Q6DN04,1
Q6DN90,3
Q6DN99,2
Q6DND9,1
Q6DNE2,1
Q6DNE3,1
Q6DNE7,4
Q6DNF1,3
Q6DNF2,2
Q6DNL8,2
Q6DNN3,3
Q6DPL2,4
Q6DQ33,6
Q6DQ34,10
Q6DRA1,17
Q6DRK7,2
Q6DSZ5,1
Q6DT10,1
Q6DUB6,1
Q6DUW9,1
Q6DWK3,1
Q6E3N3,3
Q6E434,3
Q6E4B4,1
Q6E4K6,1
Q6E7K0,2
Q6EAT3,1
Q6EAX3,1
Q6ED33,1
Q6EDY6,1
Q6EEF9,1
Q6EF58,2
Q6EIG7,2
Q6EN42,3
Q6ES21,2
Q6EV19,1
Q6EZB3,3
Q6EZC2,1
Q6F0T5,2
Q6F3E8,1
Q6F3I7,4
Q6F4M8,1
Q6F4N4,1
Q6F5A0,1
Q6F6A2,1
Q6F7I0,1
Q6F828,2
Q6F8X8,1
Q6FBA6,1
Q6FBB7,1
Q6FBS8,1
Q6FE56,1
Q6FEW8,1
Q6FF51,1
Q6FF54,1
Q6FI18,1
Q6FI81,1
Q6FJQ6,1
Q6FJS2,1
Q6FJV0,3
Q6FKQ5,2
Q6FLB1,3
Q6FLU9,1
Q6FMA3,1
Q6FML9,2
Q6FNA9,5
Q6FPH0,9
Q6FPN0,1
Q6FPX9,1
Q6FS46,2
Q6FSG8,1
Q6FT40,1
Q6FU56,1
Q6FUW5,3
Q6FV31,1
Q6FVN3,3
Q6FWV7,6
Q6FX55,5
Q6FXA8,1
Q6FYW3,1
Q6G1R9,1
Q6G2A9,1
Q6G2F0,1
Q6G2G3,1
Q6G3V6,1
Q6G439,1
Q6G468,1
Q6G549,1
Q6G7I0,2
Q6GBS4,1
Q6GDH2,2
Q6GDK5,1
Q6GEG9,1
Q6GEY3,4
Q6GEZ3,2
Q6GFB4,1
Q6GFF9,2
Q6GFT9,1
Q6GGE2,1
Q6GGU4,4
Q6GH13,1
Q6GH41,1
Q6GHJ5,1
Q6GHN9,2
Q6GHP9,9
Q6GHQ0,1
Q6GHT5,1
Q6GI75,3
Q6GII7,2
Q6GIL6,6
Q6GIL7,1
Q6GIL8,10
Q6GJ80,1
Q6GJ88,2
Q6GJI9,8
Q6GKU0,1
Q6GLU2,1
Q6GMV2,1
Q6GMW3,1
Q6GMX0,4
Q6GMX4,3
Q6GMX6,13
Q6GQQ9,2
Q6GTX8,1
Q6GWS2,1
Q6GWS6,3
Q6GYR8,2
Q6GYW3,2
Q6GZ04,1
Q6H1E5,1
Q6H2K0,2
Q6H321,1
Q6H3D7,1
Q6H9H7,1
Q6HAC6,1
Q6HG14,1
Q6HGT3,1
Q6HKH9,1
Q6HSF4,1
Q6I6B2,1
Q6I6C4,1
Q6I7B2,3
Q6I7B6,1
Q6I7B7,2
Q6I7B9,1
Q6I7L1,1
Q6I7L2,2
Q6IAA8,4
Q6IBS0,2
Q6ICB0,1
Q6ICL3,3
Q6IDD9,2
Q6IMN6,3
Q6IMW5,3
Q6IN85,1
Q6IP81,1
Q6IPQ0,1
Q6IQ22,1
Q6IQ23,2
Q6IQ55,6
Q6IRB5,1
Q6IRV4,2
Q6ISB3,1
Q6IUF7,1
Q6IV60,1
Q6IV62,5
Q6IV65,5
Q6IV66,5
Q6IVU2,1
Q6IWL4,1
Q6IYF9,3
Q6J1Z5,3
Q6J1Z6,3
Q6J4Y8,3
Q6J5N4,2
Q6J613,1
Q6JP75,4
Q6JV24,4
Q6JXI5,3
Q6K1C5,1
Q6K209,1
Q6KB05,2
Q6KC22,2
Q6KD95,2
Q6KHA5,1
Q6KZ68,1
Q6KZI8,1
Q6L0C3,1
Q6L208,1
Q6L2J9,1
Q6L2R8,1
Q6L545,2
Q6L5H6,3
Q6L5X8,1
Q6L6Q4,2
Q6L703,1
Q6L732,10
Q6L737,2
Q6L7B0,1
Q6L8Q7,3
Q6LD08,1
Q6LDG3,1
Q6LFH8,1
Q6LM17,1
Q6LMJ0,1
Q6LTE1,1
Q6LUT2,2
Q6LX54,4
Q6LX55,1
Q6LX84,1
Q6LXX7,1
Q6LY05,1
Q6LY14,1
Q6LYF9,1
Q6LYG0,1
Q6LYQ5,1
Q6LZM9,1
Q6LZY8,1
Q6M145,2
Q6M171,1
Q6MGD0,1
Q6MHS9,4
Q6MHT0,4
Q6MI90,1
Q6MIH5,2
Q6MIH8,3
Q6MJ59,2
Q6MJN2,1
Q6MJN8,1
Q6MKF5,2
Q6ML84,2
Q6MLJ0,1
Q6MLN6,2
Q6MM14,2
Q6MM15,6
Q6MM30,3
Q6MN62,1
Q6MNC5,1
Q6MNK1,1
Q6MNM0,1
Q6MNP0,1
Q6MNZ7,1
Q6MPN2,1
Q6MPU8,3
Q6MPU9,3
Q6MPX4,2
Q6MQ12,1
Q6MQ71,1
Q6MQC7,1
Q6MQY8,4
Q6MRM1,2
Q6MTB9,2
Q6MWZ8,1
Q6MX01,1
Q6MX18,1
Q6MX39,4
Q6MX43,1
Q6MZP7,1
Q6MZV7,6
Q6MZZ7,1
Q6N021,6
Q6N022,1
Q6N030,2
Q6N089,7
Q6N095,1
Q6N0K4,1
Q6N0R4,1
Q6N0W2,1
Q6N0W9,10
Q6N193,2
Q6N1K8,1
Q6N1P6,1
Q6N1Q6,1
Q6N1S2,1
Q6N272,1
Q6N2L8,1
Q6N2U2,1
Q6N2U4,1
Q6N370,1
Q6N3B2,1
Q6N3R9,2
Q6N3S9,1
Q6N446,1
Q6N4M9,1
Q6N4Z3,1
Q6N563,1
Q6N5G1,1
Q6N5G2,1
Q6N5G3,1
Q6N5P6,2
Q6N5V5,1
Q6N6X2,1
Q6N7D3,1
Q6N7G5,1
Q6N7Y7,1
Q6N882,1
Q6N8A5,1
Q6N8L4,1
Q6N8N2,2
Q6N8V9,2
Q6N8W4,5
Q6N8W7,1
Q6N8X0,1
Q6N9H8,1
Q6N9M9,1
Q6NA87,1
Q6NAE3,1
Q6NAM1,49
Q6NB45,1
Q6NB62,1
Q6NBC6,1
Q6NC13,2
Q6NCA5,1
Q6NCV7,1
Q6NCZ4,1
Q6NCZ6,1
Q6ND88,4
Q6NDF6,1
Q6NDT3,1
Q6NEA9,2
Q6NEE5,1
Q6NEK1,1
Q6NEK4,1
Q6NEL2,1
Q6NER4,4
Q6NF12,1
Q6NF81,2
Q6NF82,2
Q6NFK7,1
Q6NFL3,1
Q6NFZ9,1
Q6NGI5,1
Q6NGS1,2
Q6NGV6,4
Q6NGV8,1
Q6NH06,1
Q6NHA4,1
Q6NIF5,1
Q6NIK0,1
Q6NIK4,1
Q6NIZ1,1
Q6NJA6,1
Q6NJJ0,1
Q6NJK4,2
Q6NJY4,1
Q6NK05,2
Q6NK15,7
Q6NK78,1
Q6NKQ9,1
Q6NLS5,2
Q6NPF9,1
Q6NQ79,2
Q6NS38,12
Q6NS95,2
Q6NSA1,1
Q6NSJ0,3
Q6NTF7,1
Q6NUF4,1
Q6NUJ5,1
Q6NUK1,2
Q6NVY1,1
Q6NW40,2
Q6NXT2,12
Q6NY42,5
Q6NYC1,2
Q6NZ36,1
Q6NZB1,18
Q6NZI2,1
Q6NZY4,2
Q6P0N0,1
Q6P179,2
Q6P1C1,1
Q6P1C6,1
Q6P1I3,1
Q6P1J9,2
Q6P1M3,3
Q6P1N9,1
Q6P2H3,1
Q6P2P2,3
Q6P2Q9,16
Q6P3Q9,1
Q6P3S1,1
Q6P4F2,1
Q6P4F7,1
Q6P4G7,6
Q6P4R8,1
Q6P4T1,2
Q6P4V5,3
Q6P549,1
Q6P587,3
Q6P589,1
Q6P5F9,1
Q6P5S8,13
Q6P6C2,8
Q6P6J0,2
Q6P6M7,3
Q6P823,3
Q6P988,125
Q6P9K9,1
Q6P9R4,1
Q6PAF4,1
Q6PAT0,2
Q6PB44,1
Q6PBN2,1
Q6PCD5,1
Q6PDY2,1
Q6PE15,1
Q6PF95,1
Q6PFD5,1
Q6PFD9,1
Q6PFX9,4
Q6PGF2,1
Q6PH17,2
Q6PHR2,2
Q6PHU5,3
Q6PHW0,2
Q6PHZ2,1
Q6PI26,2
Q6PI79,1
Q6PIF2,1
Q6PIF6,3
Q6PIL8,2
Q6PIP8,4
Q6PIR9,1
Q6PIW4,1
Q6PJ56,1
Q6PJ69,1
Q6PJA7,2
Q6PJB2,2
Q6PJF2,3
Q6PJG0,3
Q6PJG6,1
Q6PJP8,307
Q6PKG0,5
Q6PKX2,1
Q6PL18,106
Q6PN23,2
Q6PQJ9,2
Q6PQK2,8
Q6PSU2,1
Q6PW77,3
Q6PXP4,1
Q6PXS3,1
Q6PYX1,8
Q6Q004,1
Q6Q0J0,1
Q6Q0J1,2
Q6Q0J6,1
Q6Q0J9,1
Q6Q0K9,1
Q6Q0L3,1
Q6Q0L4,2
Q6Q0L5,1
Q6Q1Q5,1
Q6Q1R8,2
Q6Q1S2,1
Q6Q271,1
Q6Q272,1
Q6Q386,1
Q6Q4F4,1
Q6Q546,2
Q6Q547,1
Q6Q783,1
Q6Q794,1
Q6Q899,2
Q6QBS4,2
Q6QCC2,1
Q6QCM8,1
Q6QCN1,1
Q6QD55,1
Q6QDB5,1
Q6QEF8,1
Q6QGE2,1
Q6QGE8,3
Q6QGH2,1
Q6QJ55,4
Q6QK01,1
Q6QLL4,4
Q6QLM7,1
Q6QLQ4,3
Q6QLV2,1
Q6QR64,1
Q6QT01,1
Q6QT42,3
Q6QVT7,2
Q6QWR1,3
Q6R2Q7,3
Q6R3M4,1
Q6R5N8,1
Q6R661,1
Q6R7N7,1
Q6R7Z5,1
Q6R837,1
Q6RCQ7,1
Q6RCR0,1
Q6RCR4,1
Q6REQ5,2
Q6REV3,1
Q6RFZ0,1
Q6RHR9,2
Q6RJQ3,1
Q6RKB1,3
Q6RSN8,1
Q6RUA7,2
Q6RYA0,2
Q6RYA8,1
Q6RYS7,1
Q6RYW5,6
Q6S5I3,1
Q6S5M9,1
Q6S996,1
Q6S9S1,1
Q6SJ71,3
Q6SJB6,1
Q6SJQ7,9
Q6SJY7,5
Q6SLM0,2
Q6SLM1,2
Q6SPF0,4
Q6SSJ6,2
Q6ST21,5
Q6STF1,1
Q6SVB5,2
Q6SVB6,3
Q6SW59,3
Q6SW81,1
Q6SZW1,9
Q6T179,1
Q6T1W8,4
Q6T1X6,1
Q6T3W5,2
Q6T6J0,2
Q6TA00,3
Q6TAQ1,1
Q6TBX7,1
Q6TCP8,2
Q6TDU5,1
Q6TEC1,4
Q6TEI5,1
Q6TEK8,1
Q6TER0,1
Q6TFC4,1
Q6TFC5,4
Q6TFC6,3
Q6TFL7,1
Q6TGC4,4
Q6TGN5,1
Q6TKR8,4
Q6TKR9,4
Q6TM72,1
Q6TMG6,5
Q6TNP8,1
Q6TQR6,11
Q6TRV5,1
Q6TRZ5,1
Q6TS05,1
Q6TUJ5,7
Q6TV43,1
Q6TW43,1
Q6TXQ4,1
Q6U605,1
Q6U6J0,1
Q6U7R4,2
Q6U8B0,2
Q6U8B1,1
Q6U9F0,1
Q6UB28,3
Q6UB36,1
Q6UCJ9,1
Q6UD73,2
Q6UDW7,5
Q6UN15,1
Q6UQ65,1
Q6URH4,1
Q6USC4,1
Q6UUV9,3
Q6UV28,3
Q6UVJ0,2
Q6UVM5,4
Q6UWP2,1
Q6UWV6,1
Q6UWW0,1
Q6UWY2,1
Q6UWZ7,1
Q6UX04,2
Q6UXL0,1
Q6UXN8,1
Q6UXT8,2
Q6UXV0,1
Q6UY68,1
Q6UY69,1
Q6V1M8,1
Q6V1X1,5
Q6V4H0,1
Q6V4S5,1
Q6V702,1
Q6V7J5,10
Q6V8M0,1
Q6VAB4,11
Q6VAK4,2
Q6VAL8,2
Q6VAY1,1
Q6VBJ0,5
Q6VE93,1
Q6VEQ7,3
Q6VMI5,1
Q6VN19,1
Q6VN21,1
Q6VPE5,18
Q6VPT2,1
Q6VPT6,1
Q6VS32,1
Q6VT21,3
Q6VT83,11
Q6VVP7,2
Q6VVX0,1
Q6VY99,3
Q6VZT9,1
Q6W0C5,3
Q6W2J9,1
Q6W6X6,1
Q6W7J7,9
Q6WAU1,3
Q6WG30,2
Q6WIF3,1
Q6WJ03,6
Q6WKZ4,1
Q6WNK7,7
Q6WNP1,1
Q6WRH7,2
Q6WRY3,1
Q6WRY5,1
Q6WRY9,2
Q6WSR8,3
Q6WV12,3
Q6WVP6,8
Q6WVP7,10
Q6WY08,21
Q6WZB0,17
Q6X1E6,4
Q6X2Y9,1
Q6X3H6,4
Q6X3P5,1
Q6XBH1,3
Q6XBY4,3
Q6XBY7,3
Q6XCI5,1
Q6XEC0,94
Q6XGD4,2
Q6XGD8,1
Q6XHB2,6
Q6XJV4,1
Q6XK79,1
Q6XL56,1
Q6XLL6,1
Q6XNL3,3
Q6XNP7,1
Q6XPS7,1
Q6XQ58,2
Q6XV27,8
Q6XZF7,4
Q6Y2R8,1
Q6Y3X3,1
Q6Y7P9,1
Q6Y7T6,2
Q6Y7W6,3
Q6YBS3,1
Q6YCN3,1
Q6YD91,5
Q6YFU0,1
Q6YGZ0,3
Q6YHU6,1
Q6YI95,1
Q6YMS4,20
Q6YN16,1
Q6YP15,1
Q6YRW5,6
Q6YRW8,1
Q6YWF1,1
Q6Z1J6,1
Q6Z2T3,1
Q6ZJK7,3
Q6ZKC0,1
Q6ZMI3,1
Q6ZMJ2,1
Q6ZMJ4,1
Q6ZMT1,2
Q6ZMT4,2
Q6ZMU5,1
Q6ZMZ3,1
Q6ZN16,1
Q6ZN17,1
Q6ZN18,1
Q6ZN44,1
Q6ZNE5,1
Q6ZNX1,5
Q6ZPF3,1
Q6ZQJ5,1
Q6ZSG1,6
Q6ZTA4,1
Q6ZTN6,1
Q6ZU15,1
Q6ZUJ8,1
Q6ZUM4,1
Q6ZVK8,2
Q6ZVN8,1
Q6ZW49,1
Q6ZW76,2
Q6ZXB6,1
Q6ZXC0,1
Q6ZYF6,1
Q6ZYH1,1
Q6ZYJ2,1
Q6ZYJ4,1
Q6ZYJ9,1
Q6ZYL4,1
Q6ZZ87,1
Q6ZZI7,2
Q6ZZI8,1
Q6ZZJ1,6
Q6ZZJ3,1
Q6ZZJ7,2
Q700B8,1
Q700D2,1
Q700S9,2
Q703E9,1
Q703I2,1
Q704D1,2
Q704V1,9
Q70626,6
Q707V3,1
Q70966,1
Q709H6,2
Q709Q5,1
Q70A61,2
Q70AA1,1
Q70AC7,5
Q70AS3,1
Q70AY4,7
Q70AY8,3
Q70C34,2
Q70C53,4
Q70CA4,2
Q70CD0,1
Q70CQ3,2
Q70DK5,2
Q70DX5,2
Q70E73,2
Q70ET3,8
Q70ET4,1
Q70GK9,14
Q70I00,1
Q70I53,11
Q70IY1,9
Q70KD1,1
Q70KD9,4
Q70KE6,3
Q70KH6,4
Q70KH9,5
Q70KP4,1
Q70KR1,1
Q70KY3,9
Q70LC3,1
Q70LC6,1
Q70LC7,1
Q70LE6,1
Q70LE8,1
Q70LM7,4
Q70MM3,2
Q70PR2,1
Q70Q12,1
Q70SQ1,1
Q70SY0,4
Q70UR4,1
Q70XD7,2
Q70YQ6,3
Q70Z35,1
Q711B0,1
Q711P7,1
Q712I1,1
Q712K3,1
Q716G6,1
Q716G8,1
Q716H3,8
Q716H4,5
Q719H9,3
Q71AW2,3
Q71B32,1
Q71DI3,14
Q71EB8,1
Q71EW5,1
Q71LX4,1
Q71PB4,1
Q71QF2,2
Q71RC2,1
Q71RI9,2
Q71RW8,5
Q71T02,2
Q71T70,1
Q71TT1,2
Q71U36,1
Q71U53,1
Q71VM4,6
Q71Y35,1
Q720Y7,1
Q72497,8
Q72498,23
Q72547,2
Q726F3,4
Q727N1,1
Q72874,1
Q729W9,1
Q72A99,10
Q72AS3,21
Q72AS4,21
Q72C27,1
Q72CX3,2
Q72D34,1
Q72DN3,1
Q72EC8,3
Q72EF3,1
Q72EF4,1
Q72EJ0,8
Q72EJ1,8
Q72F88,1
Q72FB2,1
Q72G28,1
Q72G96,1
Q72GF3,12
Q72GH6,1
Q72GM3,2
Q72GM6,1
Q72GR8,4
Q72GR9,1
Q72GS0,3
Q72GY3,1
Q72GY4,3
Q72H18,2
Q72H73,2
Q72H90,3
Q72H91,1
Q72HI0,3
Q72HN8,2
Q72HU9,2
Q72HW2,36
Q72I39,3
Q72I44,1
Q72IB8,3
Q72IB9,1
Q72IC1,1
Q72IH5,1
Q72II0,1
Q72IR6,2
Q72IT0,4
Q72IW7,1
Q72IW8,1
Q72IW9,3
Q72J35,1
Q72J47,3
Q72J81,1
Q72J89,1
Q72JC8,1
Q72JG5,4
Q72JJ3,1
Q72JJ7,3
Q72JS5,1
Q72JT8,1
Q72K29,9
Q72KD3,3
Q72KM1,4
Q72KX2,2
Q72KX8,2
Q72KY0,10
Q72L02,1
Q72L49,1
Q72L89,2
Q72LA4,2
Q72LA5,2
Q72LA6,2
Q72LF3,1
Q72LF4,1
Q72LK7,1
Q72LL6,4
Q72LM7,1
Q72LV5,1
Q72MQ6,1
Q72NB4,1
Q72NS0,1
Q72Q74,1
Q72Q78,1
Q72QM3,1
Q72QN4,1
Q72QS5,1
Q72SM7,1
Q72TC3,1
Q72TN2,1
Q72U33,1
Q72U69,1
Q72WF4,1
Q72X44,2
Q72YM0,1
Q72YY9,1
Q72ZL3,1
Q731F0,1
Q73369,1
Q73372,4
Q734F6,1
Q734F7,1
Q734X3,4
Q736B0,1
Q736M3,1
Q738D3,1
Q738X4,1
Q739E5,1
Q739H9,1
Q739M5,2
Q739M9,9
Q739U3,2
Q739W0,1
Q73A38,1
Q73BT6,1
Q73CJ8,1
Q73CU0,2
Q73CY4,1
Q73CZ7,1
Q73EI2,1
Q73FL6,1
Q73GA4,3
Q73HD4,1
Q73HD5,1
Q73HU7,2
Q73KE9,1
Q73LY9,2
Q73M21,1
Q73MJ7,3
Q73MU2,1
Q73PT7,1
Q73PV9,3
Q73Q47,2
Q73QT1,4
Q73QT9,1
Q73QW4,1
Q73RI0,2
Q73SC8,1
Q73T33,1
Q73VV7,1
Q73W00,1
Q73WB6,1
Q73WL5,1
Q73WM1,1
Q73WU1,4
Q73X99,1
Q73XB1,1
Q73ZE2,1
Q740M4,1
Q740S0,1
Q740Y8,1
Q741V7,1
Q742C8,1
Q742N2,1
Q742X5,1
Q743A2,1
Q743I2,1
Q743J2,1
Q743W5,1
Q74448,1
Q744G1,1
Q746F4,1
Q746G4,1
Q746J6,1
Q746J7,1
Q746K1,4
Q746L9,1
Q746M7,4
Q746X3,8
Q747F6,1
Q747J2,1
Q748S4,1
Q749D0,4
Q749F5,1
Q749I7,1
Q749P2,1
Q74AD5,1
Q74AE4,3
Q74AQ6,1
Q74BH2,1
Q74BP5,2
Q74CB3,3
Q74CB4,1
Q74CG9,1
Q74D49,1
Q74D82,1
Q74D90,1
Q74DA3,1
Q74DE4,1
Q74DN1,1
Q74ED8,1
Q74EF5,1
Q74EH6,1
Q74EM7,1
Q74F93,1
Q74FM4,1
Q74FR2,1
Q74FR4,1
Q74FY6,4
Q74G82,1
Q74G83,1
Q74GM9,1
Q74GS0,1
Q74H32,1
Q74K42,2
Q74M37,2
Q74MF3,1
Q74MJ7,1
Q74ML9,3
Q74MP4,1
Q74MS5,1
Q74MS9,2
Q74MZ1,1
Q74N31,1
Q74N74,2
Q74NK7,1
Q74P24,2
Q74PW2,1
Q74SQ6,1
Q74XD3,1
Q74Y93,2
Q74ZE6,1
Q74ZQ8,1
Q75002,2
Q753P9,2
Q756A7,1
Q756Z6,8
Q75760,2
Q75DJ0,2
Q75DL0,1
Q75E93,2
Q75FB3,1
Q75I93,21
Q75PQ8,1
Q75TD0,2
Q75UV1,3
Q75VV9,2
Q75VX1,1
Q75WH8,20
Q75WK2,2
Q75WN8,1
Q75WP3,6
Q75WT9,2
Q76270,4
Q76353,1
Q763K9,2
Q764N8,1
Q765A9,2
Q765B0,1
Q769D3,2
Q76BK2,1
Q76BU9,2
Q76BV4,3
Q76CE6,1
Q76CE7,2
Q76CE8,1
Q76CS9,1
Q76DI4,1
Q76EB7,1
Q76EQ0,2
Q76FN8,1
Q76G20,1
Q76HJ9,2
Q76HK0,1
Q76HN4,1
Q76I76,1
Q76IQ6,1
Q76IQ9,3
Q76K71,4
Q76KA9,1
Q76KB0,15
Q76KF5,3
Q76KY2,3
Q76KY3,1
Q76KY4,3
Q76KY5,3
Q76KY6,1
Q76KZ6,2
Q76L36,2
Q76L37,1
Q76LB0,1
Q76LX5,5
Q76MT9,1
Q76N89,1
Q76NL8,8
Q76NM2,3
Q76NM3,1
Q76NM4,1
Q76PF1,1
Q76R61,1
Q76RI8,2
Q76RJ0,1
Q76SB0,1
Q76SF9,1
Q76VI8,2
Q76ZQ3,1
Q77378,1
Q775D6,4
Q77DJ5,4
Q77DJ6,2
Q77J78,3
Q77J90,1
Q77M42,1
Q77M43,1
Q77Q82,1
Q77VV3,3
Q77WJ4,1
Q77XR4,1
Q77YG1,1
Q77Z83,1
Q783R1,1
Q786F3,1
Q78EG7,1
Q78PB6,1
Q792Q4,8
Q793I8,1
Q794W0,1
Q79790,1
Q79791,2
Q797E6,1
Q79DR3,1
Q79F77,8
Q79FE1,2
Q79FU3,1
Q79FW0,2
Q79FX6,1
Q79FX8,12
Q79G13,4
Q79H45,1
Q79IK2,1
Q79LN3,2
Q79MP6,5
Q79N53,3
Q79PF4,10
Q79PF6,2
Q79SE0,1
Q79SH7,2
Q79V60,2
Q79V61,1
Q79V62,1
Q79VD9,1
Q79VH8,1
Q79VI7,2
Q79ZN1,1
Q79ZR9,2
Q7A0G9,1
Q7A0I6,2
Q7A0W3,1
Q7A161,1
Q7A189,2
Q7A1I3,4
Q7A1N5,1
Q7A224,3
Q7A225,5
Q7A260,1
Q7A2N3,1
Q7A2Q0,1
Q7A2Q1,2
Q7A2S0,1
Q7A382,2
Q7A441,2
Q7A4G9,3
Q7A4T2,4
Q7A649,1
Q7A652,2
Q7A655,5
Q7A656,2
Q7A827,6
Q7AKG9,1
Q7AKI2,1
Q7AKQ8,2
Q7ANT0,1
Q7AP54,1
Q7AP55,1
Q7APD5,1
Q7ATH7,1
Q7ATU9,1
Q7AZX0,2
Q7B004,2
Q7B302,1
Q7B8P6,4
Q7B8V4,4
Q7BAE3,2
Q7BCK4,2
Q7BG50,1
Q7BGC0,2
Q7BGI8,1
Q7BJM5,1
Q7BJX9,6
Q7BK04,2
Q7BLB4,1
Q7BMM3,1
Q7BMQ8,2
Q7BNC2,8
Q7BP35,1
Q7BQ98,2
Q7BQR5,2
Q7BSA3,1
Q7BSH1,2
Q7BSK6,1
Q7BSV3,1
Q7BSV8,1
Q7BSW5,3
Q7BTX0,2
Q7BU69,1
Q7BUF9,2
Q7BVV5,4
Q7CEG3,3
Q7CG46,1
Q7CHH5,1
Q7CIR8,1
Q7CJX8,1
Q7CLS3,2
Q7CP66,4
Q7CP75,3
Q7CP90,1
Q7CPA2,1
Q7CPI7,2
Q7CPJ3,1
Q7CPM2,1
Q7CPM9,1
Q7CPV2,1
Q7CPV8,1
Q7CPX8,1
Q7CQ56,1
Q7CQE0,2
Q7CQG2,1
Q7CQI7,1
Q7CQR1,1
Q7CQR3,1
Q7CQZ5,1
Q7CR15,1
Q7CR56,1
Q7CR57,1
Q7CRA4,14
Q7CRD4,1
Q7CRQ0,3
Q7CRW4,1
Q7CSI0,5
Q7CTE6,1
Q7CU39,2
Q7CUQ2,1
Q7CUX4,1
Q7CWE5,1
Q7CWV1,8
Q7CWZ6,1
Q7CX01,1
Q7CX36,6
Q7CX73,1
Q7CXI0,1
Q7CY45,1
Q7CZ16,1
Q7CZ24,1
Q7D028,1
Q7D0B8,1
Q7D0E8,1
Q7D0W3,1
Q7D120,1
Q7D182,1
Q7D1C9,1
Q7D1T6,2
Q7D2W7,1
Q7D447,2
Q7D5X2,1
Q7D6F2,1
Q7D6H9,1
Q7D756,1
Q7D9B8,1
Q7DAM2,2
Q7DAU8,2
Q7DB50,1
Q7DB61,1
Q7DBA6,1
Q7DD47,3
Q7DD70,1
Q7DD94,2
Q7DDD9,1
Q7DDI9,2
Q7DDN8,1
Q7DDR9,7
Q7DDU0,1
Q7DF83,4
Q7DFA3,1
Q7DGD4,21
Q7DHH4,3
Q7DI68,1
Q7DJJ2,4
Q7DJN2,1
Q7DK11,1
Q7DK12,1
Q7DKE4,2
Q7DMN9,1
Q7DN95,1
Q7DNA1,1
Q7G188,1
Q7GDB3,1
Q7JQ07,3
Q7JQT0,1
Q7JV70,1
Q7JVK6,1
Q7JXA8,3
Q7JXB9,1
Q7JYX0,16
Q7JZM3,1
Q7K119,1
Q7K1U0,3
Q7K1Y4,1
Q7K237,1
Q7K304,1
Q7K740,13
Q7K8Y5,2
Q7K9G0,1
Q7KIF1,1
Q7KIF2,1
Q7KK90,1
Q7KLV9,1
Q7KMS3,1
Q7KN62,1
Q7KQK0,3
Q7KQK1,1
Q7KQK5,11
Q7KQK7,1
Q7KQL3,1
Q7KQL8,2
Q7KQL9,1
Q7KQM6,1
Q7KRY7,1
Q7KUD5,2
Q7KYR7,2
Q7KZ85,1
Q7KZF4,7
Q7KZI7,2
Q7L0J3,1
Q7L0Q8,1
Q7L0Y3,1
Q7L1T6,3
Q7L266,13
Q7L2J0,2
Q7L513,1
Q7L523,2
Q7L576,2
Q7L5D6,1
Q7L5N1,1
Q7L5Y1,1
Q7L804,5
Q7L8A9,12
Q7LBC6,36
Q7LBR1,3
Q7LC44,7
Q7LFL8,1
Q7LG56,1
Q7LHI2,1
Q7LIJ0,4
Q7LLW9,2
Q7LST4,1
Q7LWY0,7
Q7LXU0,3
Q7LYT7,3
Q7LYV2,1
Q7LYW4,1
Q7LYW7,1
Q7LYY8,1
Q7LZ71,4
Q7LZK5,1
Q7LZK8,1
Q7LZQ1,1
Q7M0J8,4
Q7M0L1,6
Q7M0R2,2
Q7M135,2
Q7M181,3
Q7M1P4,1
Q7M1Q1,1
Q7M1T4,4
Q7M3E1,1
Q7M3K2,1
Q7M3Y3,1
Q7M413,6
Q7M418,6
Q7M419,6
Q7M421,1
Q7M422,9
Q7M462,3
Q7M4F9,2
Q7M4J4,4
Q7M4T6,1
Q7M523,3
Q7M537,5
Q7M729,1
Q7M7B7,1
Q7M7C7,1
Q7M7F7,1
Q7M8V9,1
Q7M9C8,1
Q7M9V0,2
Q7MAW0,1
Q7MAW7,1
Q7MBY8,2
Q7MCD2,1
Q7MCK3,1
Q7MD38,1
Q7MDD4,1
Q7MGW0,1
Q7MHK3,2
Q7MHL9,3
Q7MK24,1
Q7MLH2,1
Q7MP98,1
Q7MPU6,1
Q7MPU7,1
Q7MPZ0,1
Q7MPZ1,1
Q7MR56,1
Q7MRH8,1
Q7MSJ8,2
Q7MSS8,1
Q7MT04,1
Q7MT13,1
Q7MT37,2
Q7MTT4,1
Q7MUU3,1
Q7MUW6,4
Q7MUZ3,1
Q7MV79,1
Q7MVC7,1
Q7MVE9,1
Q7MVF6,1
Q7MVG4,1
Q7MVG6,1
Q7MVU4,1
Q7MVV4,3
Q7MVW1,1
Q7MW33,1
Q7MW40,1
Q7MW70,1
Q7MW92,1
Q7MWA6,1
Q7MWD3,1
Q7MWD8,1
Q7MWF2,1
Q7MWI3,1
Q7MX11,1
Q7MX62,5
Q7MX90,1
Q7MX99,1
Q7MXB3,1
Q7MXD1,1
Q7MXD3,1
Q7MXK0,1
Q7MXL1,1
Q7MXL4,1
Q7MXR4,1
Q7MXV0,1
Q7MXY2,1
Q7MZL9,2
Q7MZT8,6
Q7N0L3,1
Q7N439,2
Q7N4I5,1
Q7N4T1,1
Q7N4Z6,3
Q7N561,4
Q7N647,1
Q7N648,1
Q7N6X0,1
Q7N8I7,1
Q7N8I8,4
Q7N8J0,7
Q7NCP4,2
Q7NDN8,8
Q7NFA3,1
Q7NGM3,1
Q7NGR7,1
Q7NIT8,1
Q7NL79,1
Q7NL80,1
Q7NLD6,1
Q7NLD7,1
Q7NMP6,2
Q7NP59,1
Q7NQL0,1
Q7NQP7,2
Q7NR94,1
Q7NRS2,1
Q7NSA6,2
Q7NSS5,1
Q7NSV3,1
Q7NSZ5,3
Q7NTB2,1
Q7NTG7,1
Q7NTU7,1
Q7NTW8,1
Q7NU07,1
Q7NU26,1
Q7NUG2,1
Q7NV52,2
Q7NVP2,1
Q7NWG4,10
Q7NWQ3,1
Q7NWW7,1
Q7NX84,2
Q7NX87,1
Q7NXD4,2
Q7NXP4,1
Q7NY09,1
Q7NY36,1
Q7NY68,1
Q7NYF4,1
Q7NYG4,1
Q7NYG6,1
Q7NZ70,1
Q7NZ90,2
Q7P0B4,1
Q7P1I2,1
Q7P1K4,2
Q7PF80,1
Q7PGA3,4
Q7PLK0,1
Q7PNF2,5
Q7PP01,1
Q7PRG3,1
Q7PVS6,3
Q7PXJ0,3
Q7PXT9,3
Q7Q3R9,1
Q7Q5N3,1
Q7Q9J3,3
Q7QIJ8,3
Q7R866,1
Q7RAS9,1
Q7RB63,2
Q7RBT4,1
Q7RMC9,1
Q7RMV2,1
Q7RP52,1
Q7RPE4,1
Q7RQ71,2
Q7RRM6,1
Q7RSE5,2
Q7RT90,1
Q7RTN6,2
Q7RTP6,1
Q7RTR0,2
Q7RTV0,2
Q7RVQ8,1
Q7RWP2,1
Q7RY31,2
Q7RYZ9,5
Q7S439,1
Q7S6N4,3
Q7S6U4,3
Q7S860,7
Q7S936,1
Q7SA19,1
Q7SBA0,1
Q7SDP4,1
Q7SF71,1
Q7SHI8,2
Q7SHQ5,2
Q7SI97,1
Q7SI98,20
Q7SI99,1
Q7SIA0,1
Q7SIA1,1
Q7SIA3,1
Q7SIA4,1
Q7SIA5,2
Q7SIA8,2
Q7SIA9,1
Q7SIB2,3
Q7SIB3,3
Q7SIB4,1
Q7SIB6,36
Q7SIB7,4
Q7SIB8,4
Q7SIB9,1
Q7SIC0,1
Q7SIC1,1
Q7SIC2,5
Q7SIC7,2
Q7SIC9,1
Q7SID0,2
Q7SID2,17
Q7SID3,17
Q7SID4,1
Q7SID5,1
Q7SID7,1
Q7SID8,1
Q7SID9,2
Q7SIE0,1
Q7SIE1,1
Q7SIE2,1
Q7SIE3,4
Q7SIE4,2
Q7SIE9,1
Q7SIF3,2
Q7SIF4,2
Q7SIF6,2
Q7SIF7,1
Q7SIF9,1
Q7SIG0,1
Q7SIG1,3
Q7SIG2,1
Q7SIG3,1
Q7SIG4,28
Q7SIG5,1
Q7SIG6,1
Q7SIG7,1
Q7SIH1,1
Q7SIH2,1
Q7SMT3,1
Q7SPG9,1
Q7SSE3,1
Q7SSI0,25
Q7SZE1,1
Q7SZI7,1
Q7T0W4,1
Q7T1K6,3
Q7T247,1
Q7T248,1
Q7T291,1
Q7T2I5,1
Q7T2M9,1
Q7T2Q0,2
Q7T2Q1,2
Q7T918,1
Q7T925,1
Q7TD07,1
Q7TDW8,1
Q7TGC7,2
Q7TGD1,1
Q7TND8,1
Q7TPH6,2
Q7TQN3,1
Q7TS55,4
Q7TS98,4
Q7TSA3,1
Q7TSG1,1
Q7TSN7,1
Q7TSU7,1
Q7U3N0,1
Q7U624,1
Q7UAV7,1
Q7UC03,1
Q7UJS6,1
Q7UK26,1
Q7UNW4,1
Q7UTD8,1
Q7V0T9,3
Q7V2D3,2
Q7V3J8,1
Q7V4A7,1
Q7V6D4,9
Q7V6F7,1
Q7V867,1
Q7VD37,1
Q7VD38,1
Q7VD39,1
Q7VGB0,2
Q7VKS4,1
Q7VL18,3
Q7VN73,1
Q7VS30,2
Q7VSD3,1
Q7VSP8,1
Q7VTJ9,2
Q7VTL8,2
Q7VTS1,1
Q7VTV0,1
Q7VU70,1
Q7VV85,1
Q7VVY4,1
Q7VWF8,1
Q7VXA3,1
Q7VXB1,1
Q7VXB3,1
Q7VXW9,3
Q7VY20,1
Q7VYH2,1
Q7VYU0,1
Q7VZ16,1
Q7VZN9,1
Q7W019,1
Q7W0A0,1
Q7W0A9,1
Q7W0Z9,1
Q7W2Q0,1
Q7W3B7,1
Q7W3D6,1
Q7W521,1
Q7W557,2
Q7W6R8,1
Q7W6X1,1
Q7W7N7,1
Q7W867,1
Q7W980,1
Q7W9W5,1
Q7WAF1,1
Q7WB69,1
Q7WBE0,1
Q7WG29,1
Q7WRR2,3
Q7WRZ5,1
Q7WSC1,1
Q7WSG2,1
Q7WSJ4,1
Q7WSN5,3
Q7WT42,1
Q7WT50,3
Q7WTC8,1
Q7WTL3,2
Q7WTN6,7
Q7WTR6,5
Q7WTT9,4
Q7WTU0,4
Q7WU28,2
Q7WUJ1,16
Q7WUU8,1
Q7WWK9,1
Q7WXQ3,1
Q7WXQ4,1
Q7WY37,1
Q7WY62,1
Q7WY73,1
Q7WY78,4
Q7WYA8,5
Q7WYF5,3
Q7WYN2,2
Q7WYN3,11
Q7WZ31,2
Q7WZ62,1
Q7WZ70,1
Q7WZ83,1
Q7WZC7,1
Q7WZI1,1
Q7WZI9,1
Q7X0D9,5
Q7X0F0,1
Q7X0P3,1
Q7X2G7,2
Q7X2H8,4
Q7X386,1
Q7X4S4,2
Q7X506,4
Q7X8Q2,2
Q7X9A0,1
Q7X9A9,3
Q7XI92,1
Q7XJ80,1
Q7XJJ7,1
Q7XSK0,2
Q7XT97,7
Q7XYS8,1
Q7XYS9,1
Q7XZK2,4
Q7XZK3,2
Q7XZV5,1
Q7Y0Q9,1
Q7Y231,2
Q7Y265,1
Q7Y3F3,5
Q7Y442,1
Q7Y599,1
Q7Y5B1,2
Q7YR23,2
Q7YRZ8,3
Q7YS85,5
Q7YT09,5
Q7YT16,2
Q7YT17,1
Q7YT37,1
Q7YTB0,1
Q7YW97,9
Q7YXJ9,1
Q7YXK2,1
Q7YXL2,1
Q7YYQ9,3
Q7YZT0,1
Q7Z144,1
Q7Z1F8,1
Q7Z1H1,1
Q7Z1V1,8
Q7Z2D0,1
Q7Z2E3,9
Q7Z2W4,5
Q7Z3B3,2
Q7Z3B4,5
Q7Z3T8,2
Q7Z3Y4,11
Q7Z406,1
Q7Z434,3
Q7Z460,3
Q7Z494,1
Q7Z4H3,4
Q7Z4H4,1
Q7Z4I7,1
Q7Z4S6,5
Q7Z4V5,76
Q7Z4W1,3
Q7Z589,3
Q7Z5L9,3
Q7Z5R6,1
Q7Z624,1
Q7Z628,1
Q7Z699,1
Q7Z6B0,1
Q7Z6E9,1
Q7Z6J0,2
Q7Z6J2,1
Q7Z6K5,1
Q7Z6L1,2
Q7Z6M4,1
Q7Z6Z7,9
Q7Z7C8,2
Q7Z7D3,1
Q7Z7L7,3
Q7Z8P9,8
Q7Z8V1,2
Q7Z9L3,3
Q7Z9M7,1
Q7Z9M9,1
Q7ZA32,34
Q7ZA77,2
Q7ZAK5,3
Q7ZC55,1
Q7ZCI0,7
Q7ZCL6,3
Q7ZCR0,5
Q7ZUW7,8
Q7ZVE3,3
Q7ZVT3,3
Q7ZWC3,2
Q800Y1,1
Q804T6,1
Q805F6,1
Q805F7,1
Q805N7,1
Q809J3,1
Q80A33,1
Q80BF2,1
Q80BK4,11
Q80FI3,2
Q80J94,7
Q80J95,10
Q80S15,1
Q80TS3,3
Q80TS7,4
Q80U58,1
Q80U87,1
Q80UL9,1
Q80UM7,1
Q80UW2,5
Q80V24,1
Q80VC9,2
Q80VW5,6
Q80W21,1
Q80W49,1
Q80WD1,2
Q80WG5,1
Q80WL1,2
Q80WM9,1
Q80X44,6
Q80Y61,1
Q80Z29,1
Q80Z64,1
Q80ZD8,1
Q80ZG1,2
Q811D0,1
Q811U4,1
Q811U5,2
Q81258,1
Q812L9,1
Q812M4,1
Q812W6,1
Q813T3,4
Q813T7,2
Q814S6,2
Q814U7,1
Q815J1,1
Q815X4,1
Q816D9,1
Q816E8,23
Q816F1,1
Q816R0,1
Q816R4,1
Q816V9,1
Q81817,1
Q818A3,1
Q818H0,1
Q818P3,1
Q818Z9,20
Q819E8,1
Q819J1,2
Q819K2,1
Q819U0,2
Q819Z6,1
Q81A57,1
Q81AI8,1
Q81AM1,1
Q81AS3,1
Q81AY6,1
Q81B18,1
Q81BA8,2
Q81BF7,1
Q81BJ4,1
Q81BL7,4
Q81BN2,1
Q81C08,1
Q81C15,1
Q81CG1,1
Q81D71,2
Q81D84,2
Q81DA0,2
Q81DD6,1
Q81DM5,1
Q81DR6,1
Q81E32,2
Q81EE8,4
Q81EJ6,4
Q81EK9,2
Q81EP4,2
Q81ES4,1
Q81EU2,1
Q81EW9,1
Q81EX1,1
Q81F45,1
Q81F54,1
Q81FD4,1
Q81FF1,1
Q81FK8,1
Q81FP2,1
Q81FS4,1
Q81G35,3
Q81G39,4
Q81G55,6
Q81G57,3
Q81GI3,5
Q81GQ9,2
Q81H03,1
Q81H14,1
Q81HJ5,1
Q81HL8,1
Q81HQ7,1
Q81HW2,40
Q81HX3,1
Q81IG4,1
Q81IK1,1
Q81IL5,3
Q81IM3,1
Q81IT4,1
Q81J58,1
Q81JD7,2
Q81JG3,1
Q81JI2,1
Q81JI9,2
Q81JJ9,2
Q81JK8,1
Q81JP2,1
Q81K75,1
Q81KU0,1
Q81L65,1
Q81LA9,1
Q81LD0,1
Q81LV7,1
Q81LW0,1
Q81M99,1
Q81MQ2,1
Q81NT5,1
Q81P63,3
Q81PP9,2
Q81Q29,2
Q81QM4,1
Q81R22,16
Q81RP3,3
Q81RQ4,1
Q81RQ8,1
Q81SV8,1
Q81SZ9,1
Q81T09,1
Q81TB4,10
Q81TL8,1
Q81TU1,1
Q81U22,1
Q81U45,1
Q81UB2,2
Q81VC3,1
Q81VW8,26
Q81VX4,1
Q81W73,3
Q81WF0,1
Q81WF6,1
Q81WH2,1
Q81WK5,1
Q81WU4,1
Q81X75,1
Q81X77,1
Q81XR2,1
Q81YA8,1
Q81YV0,1
Q81ZH0,1
Q81ZZ3,1
Q82035,1
Q82040,2
Q820S6,3
Q820T1,1
Q82122,4
Q82134,5
Q82446,1
Q82462,1
Q82500,2
Q825I8,1
Q825J7,1
Q827Q5,1
Q82AV7,1
Q82EE4,1
Q82ES4,1
Q82FC3,2
Q82GL5,4
Q82H41,2
Q82HY3,1
Q82IF8,1
Q82IZ1,4
Q82KE3,1
Q82L23,1
Q82L26,3
Q82L35,2
Q82LM3,2
Q82MH6,1
Q82MM8,1
Q82NB5,1
Q82P90,4
Q82PP4,2
Q82PV2,1
Q82Q85,1
Q82QL3,1
Q82RK0,1
Q82S11,1
Q82S47,1
Q82S91,1
Q82SE2,1
Q82SR2,1
Q82SS8,1
Q82T10,1
Q82T22,1
Q82UI9,2
Q82US3,1
Q82UW4,1
Q82UZ2,1
Q82V11,4
Q82VD6,1
Q82VN8,2
Q82VX3,1
Q82VX5,3
Q82WP3,1
Q82X29,1
Q82X47,4
Q82XK1,1
Q82XL7,1
Q82XR9,1
Q82XT5,1
Q82Y41,10
Q82Z09,1
Q82Z21,1
Q82Z74,1
Q82ZB5,1
Q82ZC8,1
Q82ZD2,1
Q82ZE8,1
Q82ZG7,1
Q82ZI3,1
Q82ZI8,1
Q82ZJ0,2
Q82ZN0,1
Q82ZN7,1
Q82ZN9,1
Q82ZP8,1
Q82ZQ3,1
Q82ZT5,1
Q82ZV0,1
Q82ZZ3,1
Q830E8,1
Q830J4,1
Q830N3,1
Q830N7,4
Q830N9,2
Q830S2,1
Q830T5,2
Q830V1,1
Q830X4,1
Q830Y8,2
Q83156,1
Q831B0,1
Q831B2,1
Q831K6,1
Q831K8,2
Q831P3,1
Q831P8,1
Q831P9,3
Q831Q5,1
Q831R3,1
Q831W7,2
Q831Y8,1
Q831Y9,1
Q832K9,3
Q832L1,1
Q832L2,1
Q83389,3
Q833I7,1
Q833V2,2
Q833W9,2
Q833Y3,2
Q83417,3
Q83467,5
Q834E8,1
Q834I9,1
Q834L5,1
Q834P5,1
Q834R2,2
Q834R3,4
Q834W6,5
Q834X5,1
Q835D7,1
Q835L3,1
Q835L8,1
Q835X4,2
Q835X8,1
Q835Y1,1
Q83623,2
Q836C2,1
Q836G9,2
Q836H1,1
Q836H8,1
Q836J0,3
Q836L2,1
Q836L4,1
Q836M4,2
Q836T6,1
Q836U6,1
Q836W4,1
Q836Z8,1
Q837C3,1
Q837D6,1
Q837D8,1
Q837E0,2
Q837J0,2
Q837J7,1
Q837K0,1
Q837P6,1
Q837R1,1
Q837S0,2
Q837U5,1
Q837U7,4
Q837V6,10
Q837X5,1
Q83883,31
Q83884,11
Q838C1,1
Q838C3,1
Q838D6,1
Q838I6,1
Q838J7,1
Q838Q5,1
Q838Q8,1
Q838Q9,1
Q838R0,1
Q838S1,7
Q838W1,1
Q838Z1,1
Q839D1,1
Q839G9,1
Q839J6,1
Q839P3,1
Q839P8,2
Q839Z1,8
Q83A21,1
Q83A84,1
Q83AA3,1
Q83AA8,1
Q83AB0,1
Q83AB2,4
Q83AC2,1
Q83AP3,2
Q83AV9,1
Q83AY9,1
Q83B44,1
Q83BE4,1
Q83BF9,1
Q83BJ0,1
Q83BL4,1
Q83BL7,1
Q83BY6,1
Q83BZ9,1
Q83C83,1
Q83CT0,1
Q83CW4,1
Q83DC7,1
Q83DD7,1
Q83DG4,1
Q83DI6,1
Q83DJ2,1
Q83DR7,1
Q83DW0,1
Q83DX0,1
Q83DY0,1
Q83E06,1
Q83E11,4
Q83E39,1
Q83E49,1
Q83E52,1
Q83EL7,1
Q83EM7,1
Q83EV9,1
Q83F40,1
Q83F42,1
Q83FA3,1
Q83LS2,1
Q83LX4,1
Q83PQ0,1
Q83PW0,1
Q83Q96,1
Q83SQ0,1
Q83UA7,2
Q83V25,12
Q83V33,14
Q83VG5,1
Q83VS7,1
Q83VS8,2
Q83VS9,1
Q83WA8,1
Q83WB0,1
Q83WF2,3
Q83WF5,1
Q83WG3,3
Q83WH5,3
Q83WS1,34
Q83WS2,34
Q83X90,1
Q83XK4,5
Q83XN4,5
Q83XP9,1
Q83Y56,1
Q83YM3,1
Q840G9,1
Q840M4,1
Q840P9,7
Q840U9,1
Q841A2,1
Q841S6,3
Q84294,2
Q842J9,4
Q842S4,1
Q84406,2
Q84424,2
Q844J9,1
Q84527,2
Q845W8,1
Q846U5,1
Q846V4,2
Q846W7,1
Q846W9,3
Q848S6,1
Q84AF2,2
Q84AQ1,2
Q84AQ2,2
Q84AQ3,1
Q84AQ4,2
Q84AR1,10
Q84B82,4
Q84BQ8,1
Q84BQ9,12
Q84BR1,1
Q84BR2,1
Q84CN9,1
Q84CU3,10
Q84DB4,1
Q84DC3,1
Q84EX5,19
Q84FH6,3
Q84FL5,1
Q84FS5,6
Q84FS6,6
Q84FY8,2
Q84G06,3
Q84G21,4
Q84GJ4,1
Q84H73,2
Q84HB1,1
Q84HB8,2
Q84HC8,1
Q84HF5,21
Q84HI7,1
Q84HI8,4
Q84II0,1
Q84II3,1
Q84II6,26
Q84IX8,1
Q84IX9,1
Q84IY0,1
Q84K35,3
Q84KJ5,3
Q84LQ5,1
Q84MC2,2
Q84MC7,1
Q84ND2,1
Q84SC3,1
Q84T68,1
Q84V36,1
Q84VW9,1
Q84W65,1
Q84W66,1
Q84WK4,3
Q84XA1,1
Q84XU2,1
Q84Y95,1
Q84YL2,1
Q84ZN6,1
Q84ZU4,1
Q85295,1
Q852V1,1
Q85307,1
Q85319,1
Q85365,1
Q859I6,1
Q859J2,1
Q859P9,11
Q85FT5,2
Q860B7,1
Q860N6,2
Q86169,3
Q861F6,1
Q861F7,8
Q868H0,1
Q868M7,3
Q86925,4
Q86993,1
Q869A5,1
Q869A6,1
Q869C3,2
Q869D4,1
Q86A17,1
Q86BX0,1
Q86C09,34
Q86D28,6
Q86FP9,1
Q86KR9,1
Q86LL8,1
Q86MV5,3
Q86N96,2
Q86PD7,2
Q86PR3,1
Q86PT9,2
Q86QZ1,1
Q86RB0,2
Q86RB2,1
Q86RS6,1
Q86SB3,2
Q86SE8,1
Q86SE9,1
Q86SG5,1
Q86SQ0,3
Q86SQ9,5
Q86SR1,1
Q86SX6,1
Q86SZ2,3
Q86T03,1
Q86T24,15
Q86T82,1
Q86TB9,1
Q86TG7,1
Q86TI0,1
Q86TM3,2
Q86TU7,16
Q86U42,2
Q86U44,54
Q86U70,4
Q86U86,26
Q86UR1,1
Q86US8,4
Q86UT5,1
Q86UU0,3
Q86UW6,2
Q86UW9,2
Q86UX7,2
Q86UY6,4
Q86V24,4
Q86V25,4
Q86V88,1
Q86V97,1
Q86VI3,1
Q86VP1,6
Q86VQ6,1
Q86VS8,2
Q86VU5,1
Q86W24,1
Q86W50,6
Q86W56,24
Q86WA6,4
Q86WT6,2
Q86WV1,1
Q86WV5,1
Q86WV6,54
Q86X55,27
Q86XE0,1
Q86XE5,2
Q86XK2,1
Q86XP0,1
Q86XR8,1
Q86Y01,5
Q86Y07,5
Q86Y38,7
Q86Y78,1
Q86Y97,1
Q86YC2,2
Q86YI8,2
Q86YL7,4
Q86YN6,1
Q86YS6,1
Q86YT6,6
Q86YW5,1
Q86Z14,2
Q873X9,13
Q873Y0,2
Q874E3,5
Q874E9,1
Q877G8,2
Q877H3,1
Q87CC0,2
Q87CN2,1
Q87DZ3,2
Q87EL2,2
Q87FE3,1
Q87FS7,1
Q87GE5,1
Q87GI3,1
Q87GI4,1
Q87HB1,1
Q87HB4,1
Q87HD3,1
Q87HP3,1
Q87HP4,2
Q87I71,2
Q87I90,1
Q87ID1,1
Q87IM6,2
Q87J40,1
Q87JH9,1
Q87JZ2,1
Q87K18,1
Q87K41,1
Q87KC5,1
Q87KR4,1
Q87KW6,1
Q87LT3,1
Q87LX4,1
Q87M69,1
Q87MF5,1
Q87MW0,1
Q87MW5,1
Q87NC6,1
Q87ND7,1
Q87NV8,1
Q87NY2,1
Q87P32,1
Q87PK2,1
Q87PN2,1
Q87Q40,1
Q87Q63,1
Q87QN1,1
Q87QX1,1
Q87R42,1
Q87RG9,1
Q87RI8,1
Q87RS1,1
Q87RY9,1
Q87SR8,2
Q87T87,2
Q87TC9,1
Q87TF0,1
Q87TK1,1
Q87TM9,1
Q87TZ9,1
Q87UC6,1
Q87UE5,2
Q87UE6,1
Q87UR7,1
Q87UX0,1
Q87VB1,1
Q87VX8,1
Q87W03,1
Q87WS9,1
Q87X74,1
Q87XG5,1
Q87Z37,1
Q87Z81,1
Q87ZV1,2
Q88016,1
Q880F6,1
Q880Y1,1
Q880Z0,1
Q881D3,1
Q881P0,1
Q882E2,1
Q883G8,1
Q883V3,1
Q884G2,1
Q884H9,1
Q884M3,1
Q885U1,1
Q886T9,1
Q887M8,1
Q887Q3,2
Q887T9,1
Q888A4,1
Q88992,1
Q889N2,1
Q88A25,1
Q88AV7,1
Q88AY9,1
Q88B12,1
Q88B47,2
Q88B84,1
Q88B90,1
Q88BB5,1
Q88BC5,3
Q88BE5,1
Q88CC1,2
Q88CH6,1
Q88CM1,1
Q88E10,2
Q88E39,2
Q88E47,3
Q88EB0,1
Q88EQ6,2
Q88FB1,2
Q88FY1,3
Q88FY2,3
Q88GF9,1
Q88H28,1
Q88H32,2
Q88H39,1
Q88HJ8,2
Q88HV5,3
Q88IJ7,1
Q88IY3,3
Q88J51,1
Q88J85,1
Q88JB0,1
Q88JH0,2
Q88JK6,6
Q88JL2,1
Q88JP1,1
Q88JU2,1
Q88JU3,1
Q88JX8,1
Q88K39,7
Q88K57,1
Q88K58,1
Q88KH9,1
Q88KV1,1
Q88LI9,1
Q88LK7,2
Q88LL5,1
Q88LS1,1
Q88LV1,1
Q88MI5,1
Q88MI6,1
Q88N39,4
Q88N92,1
Q88ND3,1
Q88NF7,3
Q88NI1,1
Q88NV2,2
Q88PD0,2
Q88PF6,1
Q88PQ6,2
Q88QP8,1
Q88QT2,3
Q88QV5,6
Q88QX9,1
Q88R07,1
Q88R27,1
Q88R33,1
Q88RA3,1
Q88RE7,2
Q88RQ5,1
Q88S37,1
Q88VM8,1
Q88Z44,1
Q890V3,4
Q89268,1
Q89292,2
Q892G2,1
Q89399,3
Q89410,1
Q89462,3
Q89490,1
Q89702,1
Q89797,1
Q899Y1,2
Q89BM6,1
Q89E26,5
Q89EJ6,25
Q89F76,1
Q89FH0,3
Q89GW5,5
Q89IH6,2
Q89U61,3
Q89UC4,1
Q89VB6,3
Q89VT6,4
Q89VT8,11
Q89XR0,2
Q89Y83,1
Q89YI8,13
Q89YP8,1
Q89YQ6,5
Q89YQ8,1
Q89YR3,2
Q89YR9,1
Q89YS0,2
Q89YS2,1
Q89YS4,2
Q89YS5,1
Q89YU3,1
Q89YV0,1
Q89Z24,1
Q89Z59,1
Q89ZB9,2
Q89ZG6,1
Q89ZG7,3
Q89ZH8,1
Q89ZI2,33
Q89ZS6,1
Q89ZX5,3
Q89ZX7,3
Q8A013,1
Q8A031,1
Q8A045,1
Q8A051,3
Q8A066,1
Q8A090,5
Q8A0C5,1
Q8A0C7,1
Q8A0N1,5
Q8A0N4,7
Q8A0N7,2
Q8A0P1,1
Q8A0Q6,2
Q8A0U2,1
Q8A109,3
Q8A169,1
Q8A171,1
Q8A174,1
Q8A183,2
Q8A184,1
Q8A185,1
Q8A186,1
Q8A1B4,1
Q8A1C1,1
Q8A1E9,1
Q8A1G0,1
Q8A1G2,5
Q8A1G3,4
Q8A1H2,1
Q8A1H4,1
Q8A1H5,2
Q8A1H8,3
Q8A1I2,1
Q8A1I6,1
Q8A1I7,1
Q8A1J9,1
Q8A1K0,1
Q8A1L2,1
Q8A1T7,1
Q8A1U1,4
Q8A1V9,1
Q8A1Z7,1
Q8A201,1
Q8A204,1
Q8A230,1
Q8A237,1
Q8A267,1
Q8A2B2,1
Q8A2F3,3
Q8A2H2,1
Q8A2J3,2
Q8A2P4,1
Q8A2T3,1
Q8A2X8,1
Q8A2Z3,1
Q8A2Z4,1
Q8A2Z7,1
Q8A309,2
Q8A325,2
Q8A336,1
Q8A346,1
Q8A377,1
Q8A397,1
Q8A3D9,4
Q8A3E1,1
Q8A3I2,3
Q8A3I4,23
Q8A3J3,1
Q8A3J5,1
Q8A3J6,1
Q8A3K5,2
Q8A3Q9,1
Q8A3U7,1
Q8A3V9,1
Q8A3X9,2
Q8A3Z0,1
Q8A4E2,1
Q8A4P9,2
Q8A4Q5,4
Q8A510,1
Q8A545,1
Q8A562,1
Q8A577,1
Q8A5G6,1
Q8A5G8,1
Q8A5H6,1
Q8A5H8,1
Q8A5I0,1
Q8A5J2,3
Q8A5N9,2
Q8A5P5,1
Q8A5P6,2
Q8A5Q7,1
Q8A5Q8,1
Q8A5Q9,1
Q8A5T1,4
Q8A5T2,1
Q8A5V9,13
Q8A600,1
Q8A605,1
Q8A611,1
Q8A635,1
Q8A653,1
Q8A6C8,1
Q8A6E6,1
Q8A6G6,1
Q8A6H6,1
Q8A6K8,1
Q8A6L0,2
Q8A6L2,1
Q8A6N1,2
Q8A6W4,1
Q8A6W6,2
Q8A6W9,1
Q8A712,6
Q8A748,1
Q8A759,1
Q8A789,2
Q8A799,1
Q8A7A3,1
Q8A7C8,3
Q8A7J8,1
Q8A7N3,1
Q8A7N4,2
Q8A7P4,1
Q8A7T5,1
Q8A7U5,1
Q8A7U6,1
Q8A7V2,1
Q8A7Y0,1
Q8A860,2
Q8A861,3
Q8A866,1
Q8A889,4
Q8A892,1
Q8A893,1
Q8A8A4,1
Q8A8B0,2
Q8A8C7,1
Q8A8D4,1
Q8A8E8,1
Q8A8E9,1
Q8A8Q1,1
Q8A8V5,1
Q8A8X4,1
Q8A8Z5,1
Q8A8Z7,1
Q8A900,1
Q8A905,2
Q8A909,1
Q8A914,1
Q8A915,1
Q8A916,1
Q8A921,3
Q8A931,3
Q8A947,1
Q8A994,1
Q8A9A9,1
Q8A9E6,1
Q8A9J5,1
Q8A9M2,1
Q8A9T8,1
Q8AA18,1
Q8AA93,1
Q8AA96,1
Q8AAJ0,1
Q8AAK6,12
Q8AAK9,1
Q8AAM9,1
Q8AAN6,4
Q8AAQ3,1
Q8AAV8,2
Q8AAW0,1
Q8AAW3,2
Q8AAZ2,1
Q8AB22,2
Q8AB38,1
Q8AB42,1
Q8AB46,1
Q8ABC9,1
Q8ABD0,1
Q8AKX0,1
Q8AV11,2
Q8AV97,1
Q8AV98,1
Q8AVA3,2
Q8AVA4,1
Q8AXH5,2
Q8AXI4,2
Q8AXY1,5
Q8AY12,1
Q8AYA3,1
Q8AYD0,1
Q8AYM0,3
Q8AYM1,3
Q8AZ57,2
Q8AZK7,1
Q8AZM0,1
Q8B0H2,1
Q8B3M2,1
Q8BAC6,1
Q8BB16,2
Q8BCA3,3
Q8BE39,1
Q8BE40,1
Q8BFU0,1
Q8BG40,4
Q8BG84,2
Q8BG87,1
Q8BGG7,2
Q8BGL3,1
Q8BGN3,2
Q8BGT1,1
Q8BGV8,4
Q8BH75,1
Q8BHA3,1
Q8BHB9,2
Q8BHC0,2
Q8BHJ5,1
Q8BHL5,1
Q8BHN3,14
Q8BIZ1,1
Q8BJ34,2
Q8BJL0,1
Q8BJS4,2
Q8BL48,2
Q8BLQ9,1
Q8BLU0,1
Q8BM92,1
Q8BMF8,1
Q8BND5,5
Q8BPB0,1
Q8BPQ7,1
Q8BPS4,1
Q8BR07,1
Q8BR65,1
Q8BR86,1
Q8BRT1,1
Q8BTR5,1
Q8BVZ5,1
Q8BWP5,1
Q8BWW4,1
Q8BX09,2
Q8BYR2,1
Q8C0E2,2
Q8C0J2,2
Q8C0L6,4
Q8C147,3
Q8C570,1
Q8C5G2,2
Q8C6E0,2
Q8C6L5,19
Q8C6P8,2
Q8C7D2,7
Q8C9A2,11
Q8CBB9,4
Q8CDD8,3
Q8CDG1,1
Q8CDI2,2
Q8CF89,3
Q8CFE2,1
Q8CFR0,1
Q8CG47,1
Q8CG48,1
Q8CG72,1
Q8CG76,1
Q8CHN8,5
Q8CHP8,1
Q8CHT0,11
Q8CI52,1
Q8CIB5,3
Q8CIB9,1
Q8CIH5,1
Q8CII9,1
Q8CIS0,1
Q8CJ27,1
Q8CJ91,2
Q8CJF7,1
Q8CJS4,1
Q8CJW1,2
Q8CK01,1
Q8CK21,1
Q8CK55,1
Q8CKU7,2
Q8CLE0,1
Q8CM25,26
Q8CM62,1
Q8CML1,2
Q8CNK1,1
Q8CQ17,1
Q8CST1,1
Q8CTG7,1
Q8CVD0,3
Q8CVW1,1
Q8CWB9,2
Q8CWK6,1
Q8CWN2,4
Q8CWU3,1
Q8CWX6,3
Q8CY83,2
Q8CYC9,1
Q8CYK3,1
Q8CZ42,1
Q8CZ52,1
Q8CZL0,1
Q8D027,2
Q8D072,1
Q8D0F9,1
Q8D0L3,2
Q8D0S5,1
Q8D0U0,2
Q8D0Z7,2
Q8D151,1
Q8D1I4,1
Q8D8W6,1
Q8D9M7,1
Q8DAP0,2
Q8DBF5,5
Q8DCF5,5
Q8DCQ8,1
Q8DEC2,1
Q8DEM0,3
Q8DF91,2
Q8DG54,1
Q8DG60,1
Q8DGB4,1
Q8DGC6,1
Q8DGH2,1
Q8DGS1,5
Q8DH45,4
Q8DHA2,1
Q8DHA7,25
Q8DHJ2,26
Q8DHX3,6
Q8DI03,1
Q8DI95,4
Q8DIF8,26
Q8DIJ1,2
Q8DIJ5,1
Q8DIN8,26
Q8DIN9,26
Q8DIP0,26
Q8DIQ0,26
Q8DIQ1,26
Q8DIR2,1
Q8DIS5,2
Q8DIS6,1
Q8DIS7,2
Q8DIT2,1
Q8DIV4,1
Q8DIW5,10
Q8DJ43,26
Q8DJE2,1
Q8DJE9,1
Q8DJI1,26
Q8DJI7,1
Q8DJP8,2
Q8DJT8,3
Q8DJZ6,26
Q8DKB2,2
Q8DKB3,1
Q8DKB4,2
Q8DKB5,4
Q8DKM3,25
Q8DKP6,1
Q8DL61,1
Q8DL82,1
Q8DLC1,4
Q8DLC2,2
Q8DLC7,7
Q8DLG7,1
Q8DLI5,1
Q8DLJ8,1
Q8DLM0,1
Q8DLU1,1
Q8DM36,1
Q8DM52,1
Q8DMN3,1
Q8DMY2,2
Q8DN13,1
Q8DN78,5
Q8DNC2,5
Q8DNS0,1
Q8DNS5,4
Q8DNV6,2
Q8DNW3,1
Q8DNX4,3
Q8DP07,3
Q8DP14,2
Q8DP17,2
Q8DP51,1
Q8DP63,2
Q8DP79,7
Q8DP99,1
Q8DPB1,1
Q8DPG4,2
Q8DPI4,3
Q8DPI6,2
Q8DPL7,1
Q8DPM3,1
Q8DPT4,1
Q8DPV2,1
Q8DPY6,1
Q8DQ00,2
Q8DQ08,1
Q8DQ09,1
Q8DQ16,1
Q8DQ18,2
Q8DQ36,1
Q8DQ62,2
Q8DQ84,5
Q8DQA6,1
Q8DQB5,5
Q8DQG2,3
Q8DQG5,1
Q8DQH4,3
Q8DQI6,1
Q8DQK6,1
Q8DQP4,3
Q8DQQ1,1
Q8DR16,1
Q8DR18,1
Q8DR49,2
Q8DR52,6
Q8DR53,1
Q8DR57,2
Q8DRB3,2
Q8DRG2,1
Q8DRL6,1
Q8DRP0,1
Q8DRX2,1
Q8DRZ8,1
Q8DSE5,2
Q8DSG2,1
Q8DSL7,1
Q8DSR4,1
Q8DSR7,1
Q8DSS3,1
Q8DST5,1
Q8DSV2,1
Q8DSV8,1
Q8DSZ7,1
Q8DT00,3
Q8DT03,1
Q8DT31,1
Q8DT67,1
Q8DT97,1
Q8DTC4,1
Q8DTD1,2
Q8DTD6,1
Q8DTF1,2
Q8DTF4,1
Q8DTG5,1
Q8DTG7,1
Q8DTM5,1
Q8DTT5,1
Q8DTT9,1
Q8DTU0,2
Q8DTU4,2
Q8DTU7,1
Q8DTV2,1
Q8DTW7,1
Q8DTX1,1
Q8DU08,1
Q8DU17,1
Q8DU42,1
Q8DU45,1
Q8DU64,1
Q8DU97,1
Q8DUD3,1
Q8DUG8,1
Q8DUI5,2
Q8DUI9,1
Q8DUQ5,1
Q8DUR5,1
Q8DUV0,2
Q8DUV6,1
Q8DUW0,1
Q8DUW4,1
Q8DUW5,2
Q8DUZ1,1
Q8DV44,1
Q8DV70,2
Q8DV82,1
Q8DVA1,1
Q8DVC0,1
Q8DVL0,1
Q8DVN6,1
Q8DVQ8,1
Q8DVW4,1
Q8DVY1,1
Q8DVY3,1
Q8DW05,1
Q8DW21,1
Q8DWA2,1
Q8DWB2,1
Q8DWC2,1
Q8DWD0,1
Q8DWD8,1
Q8DWE5,1
Q8DWI6,2
Q8DWL4,1
Q8DWM1,1
Q8DWP1,1
Q8DWV2,1
Q8DX25,1
Q8DY32,1
Q8DYB9,1
Q8DYC0,1
Q8DYM4,1
Q8DYM5,1
Q8DYM6,1
Q8DYX9,1
Q8DZ36,1
Q8DZ80,1
Q8DZA6,1
Q8DZR0,2
Q8E044,1
Q8E0M4,1
Q8E0N2,1
Q8E0R2,1
Q8E0S5,2
Q8E0S6,1
Q8E0S7,3
Q8E0S8,1
Q8E0S9,2
Q8E186,1
Q8E1B4,1
Q8E369,2
Q8E371,1
Q8E372,5
Q8E378,11
Q8E3E8,2
Q8E473,2
Q8E4I8,1
Q8E4J9,4
Q8E565,3
Q8E589,5
Q8E5F8,1
Q8E8X2,1
Q8E972,2
Q8E989,1
Q8E9K5,3
Q8E9M7,1
Q8E9N3,12
Q8E9W8,1
Q8E9X9,5
Q8EAC7,1
Q8EAI7,1
Q8EAP9,1
Q8EAX1,2
Q8EB92,1
Q8EBR3,1
Q8EBV3,7
Q8ECH6,1
Q8ECH7,1
Q8ECH9,1
Q8ECK4,1
Q8ECU8,1
Q8ED25,1
Q8EDE1,1
Q8EDL6,4
Q8EDM4,1
Q8EDP4,1
Q8EDS4,1
Q8EE01,1
Q8EE20,1
Q8EE30,2
Q8EEA0,1
Q8EEB0,1
Q8EEB1,1
Q8EEC8,7
Q8EED0,1
Q8EF24,1
Q8EF26,1
Q8EF49,5
Q8EF93,1
Q8EFJ3,2
Q8EFL1,1
Q8EG04,3
Q8EG34,6
Q8EG98,1
Q8EGA7,10
Q8EGB0,1
Q8EGC3,1
Q8EGK4,1
Q8EGL1,1
Q8EGN5,1
Q8EGW2,16
Q8EGW3,16
Q8EHA1,1
Q8EHB5,1
Q8EI81,1
Q8EID8,1
Q8EII0,1
Q8EII5,2
Q8EIK0,1
Q8EIU4,1
Q8EIX3,1
Q8EIX4,2
Q8EJE0,1
Q8EJJ2,1
Q8EJW4,3
Q8EKG8,1
Q8EKM7,3
Q8EMJ7,1
Q8EMJ9,6
Q8EMP8,1
Q8EP31,6
Q8EVF4,1
Q8EVF5,1
Q8EVF6,1
Q8EVR5,1
Q8EWB1,1
Q8EXM2,1
Q8EXP7,1
Q8EY89,1
Q8EZA6,3
Q8F2Y8,2
Q8F3Q1,3
Q8F4I0,1
Q8F5I5,2
Q8F8Y3,1
Q8FBQ3,2
Q8FDI4,3
Q8FHC7,1
Q8FI04,1
Q8FK47,1
Q8FKL3,1
Q8FNZ7,1
Q8FV25,1
Q8G1R0,1
Q8G2R2,2
Q8G4D5,1
Q8G554,1
Q8G5J2,1
Q8G8S8,1
Q8G8T7,1
Q8G8Y2,3
Q8G907,2
Q8G942,1
Q8G962,1
Q8G998,1
Q8G9G1,3
Q8G9L0,4
Q8G9L3,1
Q8G9Q0,5
Q8G9Q2,3
Q8G9V5,1
Q8G9V6,1
Q8G9V7,2
Q8GA71,2
Q8GAJ0,1
Q8GAV3,2
Q8GAV4,2
Q8GAV5,1
Q8GAX0,1
Q8GAX8,1
Q8GB52,2
Q8GB88,6
Q8GBB2,1
Q8GBW6,2
Q8GC87,1
Q8GCA3,3
Q8GCA8,4
Q8GCC5,1
Q8GCC7,2
Q8GCH2,4
Q8GCR2,1
Q8GCY3,1
Q8GEB3,1
Q8GED7,1
Q8GEJ9,4
Q8GEZ8,3
Q8GF97,2
Q8GF99,2
Q8GGD4,1
Q8GGG1,1
Q8GGH0,9
Q8GGK7,11
Q8GGM6,1
Q8GGM8,1
Q8GGP1,8
Q8GGP6,1
Q8GGQ1,1
Q8GHB2,3
Q8GHE2,1
Q8GHJ5,2
Q8GI16,21
Q8GIP9,3
Q8GIQ0,4
Q8GIX7,1
Q8GJ44,8
Q8GJ84,1
Q8GJ90,1
Q8GJ95,1
Q8GJP7,2
Q8GKX2,4
Q8GLI5,3
Q8GME2,2
Q8GMG0,6
Q8GMG2,2
Q8GMG4,1
Q8GMV7,6
Q8GMV9,3
Q8GN86,5
Q8GNS3,1
Q8GNT2,1
Q8GNY5,2
Q8GP32,2
Q8GPH0,2
Q8GPH6,2
Q8GPH7,3
Q8GPL8,1
Q8GR61,1
Q8GR64,1
Q8GR96,2
Q8GRA2,1
Q8GRC7,2
Q8GRF5,1
Q8GRH0,1
Q8GS38,2
Q8GSD2,29
Q8GSK4,2
Q8GTB5,1
Q8GTM0,4
Q8GU20,2
Q8GUD7,1
Q8GUI6,1
Q8GUJ2,1
Q8GUP3,1
Q8GW78,1
Q8GWS0,2
Q8GWW7,4
Q8GXJ1,1
Q8GXJ4,3
Q8GXV5,1
Q8GXX0,1
Q8GY65,1
Q8GY88,1
Q8GYN5,3
Q8GZ29,1
Q8GZB6,2
Q8GZD5,2
Q8H0C9,1
Q8H0F0,1
Q8H0K8,3
Q8H0N6,1
Q8H1L1,2
Q8H1R0,6
Q8H2C9,2
Q8H620,2
Q8H8C7,1
Q8HWE5,1
Q8HY32,1
Q8HYY9,1
Q8I0P1,7
Q8I1N3,2
Q8I1V2,1
Q8I1Y0,1
Q8I211,1
Q8I224,5
Q8I240,1
Q8I295,1
Q8I2E1,1
Q8I2F2,1
Q8I2J4,1
Q8I2M1,1
Q8I2S7,1
Q8I2X3,1
Q8I301,2
Q8I302,2
Q8I372,1
Q8I384,3
Q8I3H4,1
Q8I3J4,2
Q8I3W2,1
Q8I3X4,8
Q8I402,1
Q8I415,1
Q8I467,1
Q8I4S1,5
Q8I4V8,4
Q8I4W8,7
Q8I4X0,11
Q8I4Y0,1
Q8I4Y5,1
Q8I501,1
Q8I5C5,1
Q8I5H2,1
Q8I5L3,1
Q8I5M2,1
Q8I5Q6,1
Q8I5R7,9
Q8I5R9,1
Q8I608,2
Q8I6J8,2
Q8I6L9,2
Q8I6U4,1
Q8I6V3,5
Q8I719,4
Q8I814,2
Q8I8I2,8
Q8I914,2
Q8I9N0,2
Q8IAR7,5
Q8IAS0,1
Q8IB03,2
Q8IB67,2
Q8IBE8,1
Q8IBS5,1
Q8IC05,1
Q8IDC6,1
Q8IDI4,2
Q8IDI8,1
Q8IDJ8,4
Q8IDP4,1
Q8IDQ2,1
Q8IDQ9,10
Q8IDR3,5
Q8IDW1,2
Q8IDW3,2
Q8IE38,2
Q8IE47,2
Q8IED5,1
Q8IEE9,27
Q8IEG9,1
Q8IEL9,1
Q8IEU1,1
Q8IEU2,1
Q8IEV4,1
Q8IEW2,11
Q8IFM5,5
Q8IFM8,1
Q8IFW4,1
Q8IG33,1
Q8IGY1,3
Q8IH18,1
Q8II36,1
Q8II73,15
Q8II92,5
Q8IID5,1
Q8IIG6,1
Q8IIJ8,2
Q8IIK4,1
Q8IIL0,2
Q8IIM8,1
Q8IIS0,5
Q8IJ45,2
Q8IJ70,1
Q8IJ72,5
Q8IJ74,4
Q8IJ93,1
Q8IJA9,1
Q8IJH3,11
Q8IJK2,1
Q8IJM4,1
Q8IJP2,1
Q8IK57,1
Q8IK82,2
Q8IKG4,11
Q8IKH2,1
Q8IKM8,2
Q8IKT2,1
Q8IKV6,6
Q8IKY0,1
Q8IL11,8
Q8IL19,1
Q8IL32,2
Q8IL97,1
Q8ILA4,2
Q8ILP3,2
Q8ILQ7,7
Q8ILT8,1
Q8ILY7,1
Q8IM15,1
Q8IM71,3
Q8IM82,1
Q8ING6,1
Q8INK6,5
Q8IRS7,1
Q8IS93,1
Q8ISA0,1
Q8ISF8,11
Q8ISI9,1
Q8ISJ0,1
Q8ITP4,1
Q8IU26,1
Q8IU54,2
Q8IU57,3
Q8IU60,33
Q8IU85,5
Q8IUC4,1
Q8IUC6,3
Q8IUF8,1
Q8IUH3,4
Q8IUH5,3
Q8IUN9,4
Q8IUQ4,7
Q8IUX4,4
Q8IV08,3
Q8IV16,1
Q8IV48,2
Q8IV63,1
Q8IVF2,1
Q8IVH2,1
Q8IVL8,1
Q8IVM0,1
Q8IVP5,1
Q8IVS2,1
Q8IVT5,1
Q8IVU3,1
Q8IVV7,10
Q8IVW4,1
Q8IW19,8
Q8IW75,4
Q8IWA4,3
Q8IWB6,1
Q8IWE4,1
Q8IWS0,2
Q8IWT1,4
Q8IWV7,3
Q8IWV8,5
Q8IX03,2
Q8IX04,2
Q8IX07,1
Q8IXH6,6
Q8IXI1,1
Q8IXI2,5
Q8IXJ6,53
Q8IXK2,1
Q8IXL7,2
Q8IXQ5,1
Q8IXQ6,5
Q8IY67,1
Q8IY92,4
Q8IYB1,1
Q8IYB8,1
Q8IYD1,1
Q8IYD8,4
Q8IYK8,1
Q8IYM1,4
Q8IYS0,1
Q8IYS1,3
Q8IYS5,4
Q8IYT8,2
Q8IYU8,2
Q8IYV9,2
Q8IYW5,8
Q8IYX4,1
Q8IZ41,2
Q8IZ69,2
Q8IZD2,2
Q8IZH2,1
Q8IZK6,1
Q8IZP0,1
Q8IZT8,1
Q8IZU3,1
Q8IZX4,2
Q8J0D2,2
Q8J0K6,4
Q8J0K8,3
Q8J0P4,1
Q8J136,3
Q8J180,1
Q8J1V6,2
Q8J2T0,1
Q8J309,1
Q8J581,1
Q8JDI3,2
Q8JFY9,1
Q8JGG7,1
Q8JGJ1,1
Q8JGS1,3
Q8JGS4,1
Q8JI39,2
Q8JIV8,1
Q8JIV9,1
Q8JJ25,4
Q8JL80,1
Q8JLF5,2
Q8JNB4,1
Q8JNX5,1
Q8JPR1,1
Q8JPX6,1
Q8JPY0,4
Q8JPY1,1
Q8JSZ3,4
Q8JUX6,147
Q8JW44,5
Q8JZL3,2
Q8JZM0,2
Q8JZM6,1
Q8K0Z7,1
Q8K183,2
Q8K1B8,1
Q8K1F2,1
Q8K1Q4,1
Q8K1S3,1
Q8K203,1
Q8K209,1
Q8K245,1
Q8K2I4,1
Q8K2P6,1
Q8K352,1
Q8K3M6,1
Q8K3Y3,1
Q8K3Y6,1
Q8K419,2
Q8K424,1
Q8K4F0,2
Q8K4J6,2
Q8K4M9,1
Q8K4Q8,1
Q8K4V4,7
Q8K4Z3,7
Q8KAD0,1
Q8KBL4,1
Q8KBS5,1
Q8KBW6,1
Q8KBY6,1
Q8KC80,1
Q8KC98,1
Q8KCB2,1
Q8KCB6,1
Q8KDH8,1
Q8KDJ9,1
Q8KDR9,1
Q8KDY2,1
Q8KE09,3
Q8KES1,1
Q8KES3,1
Q8KEZ1,1
Q8KF54,1
Q8KF94,1
Q8KFD9,2
Q8KFI1,1
Q8KFZ1,2
Q8KG60,1
Q8KG93,1
Q8KGE0,1
Q8KHU9,2
Q8KHZ8,6
Q8KI25,4
Q8KKG0,5
Q8KKH4,1
Q8KKW2,2
Q8KL31,1
Q8KLK7,2
Q8KLL7,2
Q8KLL9,1
Q8KLP1,1
Q8KLP4,2
Q8KLS0,1
Q8KLS1,1
Q8KLT9,1
Q8KM22,2
Q8KMX3,6
Q8KN66,2
Q8KNC3,1
Q8KND1,3
Q8KND6,1
Q8KND7,2
Q8KND8,1
Q8KNE0,1
Q8KNE5,1
Q8KNE9,1
Q8KNF1,3
Q8KNF2,2
Q8KNF6,1
Q8KNG2,1
Q8KNG3,4
Q8KNP2,2
Q8KNP3,2
Q8KNY0,3
Q8KP10,1
Q8KPT4,2
Q8KPZ3,1
Q8KQ36,2
Q8KQ56,1
Q8KQR1,1
Q8KR84,1
Q8KRB4,3
Q8KRB5,2
Q8KRB7,6
Q8KRF6,1
Q8KRJ3,1
Q8KRK5,1
Q8KRS7,5
Q8KRU6,2
Q8KRV3,2
Q8KSC8,3
Q8KSX7,2
Q8KTX6,1
Q8KUA3,1
Q8KUA7,1
Q8KUB7,1
Q8KUD5,1
Q8KUH4,1
Q8KX15,2
Q8KY42,1
Q8KYA6,1
Q8KZM4,1
Q8KZM5,1
Q8L0V4,1
Q8L1C7,1
Q8L1N9,4
Q8L1V2,1
Q8L1Y3,1
Q8L1Z5,1
Q8L201,1
Q8L207,1
Q8L3C8,1
Q8L3E1,1
Q8L3W1,1
Q8L3X9,2
Q8L435,2
Q8L568,3
Q8L5C6,3
Q8L5D0,1
Q8L5H4,2
Q8L5J1,1
Q8L5J8,1
Q8L794,3
Q8L7C9,11
Q8L7G0,3
Q8L7J2,5
Q8L8B8,2
Q8L940,13
Q8L9J9,1
Q8L9X2,1
Q8LA16,1
Q8LAD7,4
Q8LAH7,2
Q8LAS7,2
Q8LB01,1
Q8LB88,1
Q8LBL5,3
Q8LBP6,2
Q8LDU1,2
Q8LDU4,4
Q8LEK4,2
Q8LFA9,4
Q8LGF7,1
Q8LGG8,1
Q8LGJ5,1
Q8LGR3,2
Q8LIL0,2
Q8LJL3,2
Q8LKX1,1
Q8LLW7,1
Q8LNY5,1
Q8LPB4,1
Q8LPD9,10
Q8LPL7,6
Q8LPW4,3
Q8LR51,1
Q8LTE1,1
Q8LTE3,1
Q8LTE4,1
Q8MHU4,1
Q8ML92,2
Q8MMI9,1
Q8MNY2,8
Q8MPF2,1
Q8MPM3,1
Q8MQ03,2
Q8MQJ9,3
Q8MRC9,1
Q8MRE6,1
Q8MS48,2
Q8MSU4,3
Q8MTC1,3
Q8MU95,2
Q8MUJ1,1
Q8MX72,1
Q8N0B3,1
Q8N0W4,1
Q8N0X4,2
Q8N0X7,1
Q8N0Z6,1
Q8N126,1
Q8N157,1
Q8N159,1
Q8N1F7,1
Q8N1G2,2
Q8N1Q1,18
Q8N1Q8,1
Q8N1W1,1
Q8N205,1
Q8N257,1
Q8N2K1,1
Q8N2U3,1
Q8N2Y8,1
Q8N2Z9,6
Q8N300,18
Q8N355,4
Q8N371,22
Q8N3C7,1
Q8N3J5,2
Q8N3R9,5
Q8N423,3
Q8N448,6
Q8N465,1
Q8N488,1
Q8N4A0,2
Q8N4B1,1
Q8N4E7,19
Q8N4J0,2
Q8N4P3,2
Q8N4Q0,4
Q8N4Q1,1
Q8N4S9,1
Q8N4T8,1
Q8N539,8
Q8N543,1
Q8N5F4,1
Q8N5H7,1
Q8N5J2,3
Q8N5K1,4
Q8N5M9,1
Q8N5S9,2
Q8N5Y2,2
Q8N5Y8,2
Q8N5Z0,14
Q8N684,1
Q8N6C8,1
Q8N6H7,1
Q8N6L0,1
Q8N6N7,1
Q8N6P7,3
Q8N6R0,1
Q8N6T3,1
Q8N6T7,21
Q8N7H5,1
Q8N807,2
Q8N884,72
Q8N8M0,5
Q8N8N7,6
Q8N8Q3,2
Q8N8S7,25
Q8N8U2,4
Q8N960,3
Q8N9A8,2
Q8N9I0,1
Q8N9L9,1
Q8N9Y4,1
Q8NA31,2
Q8NAP3,2
Q8NAT1,1
Q8NAT2,1
Q8NAU1,1
Q8NAV1,3
Q8NB14,1
Q8NB16,12
Q8NB78,5
Q8NBF2,1
Q8NBJ4,1
Q8NBJ7,1
Q8NBK3,16
Q8NBL1,6
Q8NBP7,28
Q8NBQ5,1
Q8NBR6,1
Q8NBS9,4
Q8NBZ7,2
Q8NCC3,3
Q8NCF5,1
Q8NCJ5,1
Q8ND25,1
Q8ND30,1
Q8NDI1,3
Q8NDL9,4
Q8NDV7,1
Q8NDX5,2
Q8NE01,1
Q8NE71,1
Q8NE86,7
Q8NEB9,10
Q8NEJ0,1
Q8NEM0,7
Q8NEN9,1
Q8NET8,3
Q8NEV4,1
Q8NEZ4,4
Q8NF17,1
Q8NF91,2
Q8NFD5,2
Q8NFF5,1
Q8NFG4,1
Q8NFH3,1
Q8NFH5,2
Q8NFP7,1
Q8NFQ8,2
Q8NFU3,1
Q8NFU5,25
Q8NFU7,1
Q8NG06,1
Q8NG31,2
Q8NHJ6,1
Q8NHL6,5
Q8NHM5,1
Q8NHP6,3
Q8NHR7,1
Q8NHU6,1
Q8NHY2,1
Q8NI08,1
Q8NI16,1
Q8NI22,5
Q8NI35,2
Q8NI60,2
Q8NI77,1
Q8NI99,1
Q8NJN3,3
Q8NJP9,2
Q8NJY3,5
Q8NJY6,1
Q8NK89,6
Q8NKB0,8
Q8NKN9,1
Q8NKS0,1
Q8NKS1,1
Q8NKX2,1
Q8NL86,1
Q8NL91,1
Q8NLC0,2
Q8NLC1,2
Q8NLJ5,2
Q8NLM6,1
Q8NLT5,1
Q8NM29,3
Q8NM90,1
Q8NMA0,1
Q8NMD2,2
Q8NMG3,4
Q8NMG5,4
Q8NMJ3,1
Q8NMW9,1
Q8NN12,1
Q8NN31,2
Q8NN33,1
Q8NN34,2
Q8NN60,1
Q8NNA7,2
Q8NNB6,1
Q8NNJ2,4
Q8NNK8,3
Q8NNL5,2
Q8NNM1,2
Q8NNN6,5
Q8NNY3,1
Q8NP59,2
Q8NP73,2
Q8NP91,2
Q8NP93,1
Q8NQ14,1
Q8NQ64,1
Q8NQ97,2
Q8NQA4,1
Q8NQB1,1
Q8NQC6,1
Q8NQE1,1
Q8NQI0,1
Q8NQJ3,1
Q8NQQ9,1
Q8NQV9,2
Q8NQY2,2
Q8NR03,1
Q8NR27,1
Q8NR63,1
Q8NR95,1
Q8NRC3,1
Q8NRD3,1
Q8NRE2,1
Q8NRE3,3
Q8NRI8,1
Q8NRS3,1
Q8NRX7,1
Q8NS29,2
Q8NS38,1
Q8NS43,1
Q8NSR4,1
Q8NSW2,2
Q8NT35,1
Q8NT37,2
Q8NT71,1
Q8NTA6,1
Q8NTB5,1
Q8NTB8,4
Q8NTB9,4
Q8NTG4,1
Q8NTR2,3
Q8NTY1,1
Q8NTZ2,1
Q8NTZ3,1
Q8NTZ4,1
Q8NU77,2
Q8NUV0,1
Q8NVG0,2
Q8NW39,1
Q8NWQ6,1
Q8NWR0,1
Q8NX33,1
Q8NX62,1
Q8NXE1,1
Q8NXE2,1
Q8NXI6,7
Q8NYF3,1
Q8P3C6,1
Q8P3K2,4
Q8P3Y3,1
Q8P4B4,1
Q8P4M6,1
Q8P4Q6,1
Q8P4R5,1
Q8P559,1
Q8P5I2,1
Q8P5Q1,1
Q8P6F4,1
Q8P6L4,1
Q8P6M8,1
Q8P6W3,1
Q8P6Z9,3
Q8P833,1
Q8P839,5
Q8P8F1,1
Q8P8H1,1
Q8P8H7,1
Q8P8J2,11
Q8P8J5,1
Q8P8M3,1
Q8P8M4,1
Q8P8N3,1
Q8P8S1,1
Q8P9U5,1
Q8P9V9,17
Q8P9X1,1
Q8PAB1,1
Q8PAE4,1
Q8PAH9,1
Q8PAS2,1
Q8PBH4,1
Q8PBM3,2
Q8PBU4,1
Q8PC69,3
Q8PCA7,1
Q8PD29,1
Q8PD71,1
Q8PDA5,1
Q8PDA8,5
Q8PDF7,1
Q8PDX2,19
Q8PHA1,2
Q8PMP0,4
Q8PRU3,1
Q8PS17,1
Q8PS64,1
Q8PSD1,1
Q8PSW8,3
Q8PT14,1
Q8PTS9,1
Q8PU52,1
Q8PU56,1
Q8PUK2,1
Q8PV92,1
Q8PVL4,1
Q8PVT6,1
Q8PVU7,1
Q8PVV4,1
Q8PW39,3
Q8PWY1,50
Q8PX75,1
Q8PXB3,3
Q8PXR2,1
Q8PXX2,1
Q8PXX8,1
Q8PXZ6,2
Q8PY99,2
Q8PYE2,1
Q8PYJ6,1
Q8PYK9,19
Q8PYN5,4
Q8PYS1,1
Q8PYW7,1
Q8PZ75,1
Q8PZJ2,1
Q8PZK8,1
Q8Q3H0,5
Q8QFP2,2
Q8QGH3,1
Q8QGR0,3
Q8QL27,2
Q8QL44,3
Q8QL64,2
Q8QLZ6,1
Q8QN43,2
Q8QN58,4
Q8QPL1,1
Q8QWD4,2
Q8QY02,1
Q8QY72,1
Q8QZY3,1
Q8R081,2
Q8R0F8,1
Q8R0W1,1
Q8R121,1
Q8R183,1
Q8R1S4,1
Q8R2K1,1
Q8R2Q0,1
Q8R2Q8,1
Q8R2X8,1
Q8R3R8,2
Q8R3Z5,1
Q8R418,1
Q8R426,1
Q8R459,1
Q8R464,1
Q8R4E9,1
Q8R4K2,1
Q8R4P5,2
Q8R4T5,2
Q8R550,1
Q8R555,1
Q8R5A0,2
Q8R5A3,5
Q8R5C8,3
Q8R5F7,1
Q8R5F8,2
Q8R5T9,1
Q8R612,1
Q8R6D8,1
Q8R7L0,3
Q8R7R4,4
Q8R7Y5,1
Q8R8S5,1
Q8R8V2,1
Q8R910,5
Q8R9C0,2
Q8R9P5,2
Q8R9Q6,1
Q8RB32,1
Q8RBF4,1
Q8RBI8,1
Q8RBV8,1
Q8RBX6,20
Q8RCC4,1
Q8RCQ6,1
Q8RD41,1
Q8RD54,1
Q8RD55,1
Q8RD81,2
Q8RD95,1
Q8RDB0,1
Q8RDI4,1
Q8RDL3,2
Q8RDN5,1
Q8RDN6,2
Q8RDN7,1
Q8RDN9,1
Q8RDT4,2
Q8RE94,3
Q8REP3,2
Q8RFH4,2
Q8RFS1,1
Q8RFW9,2
Q8RG11,2
Q8RG24,1
Q8RGD7,1
Q8RGI1,1
Q8RGT8,1
Q8RI81,2
Q8RIQ2,1
Q8RIU4,1
Q8RJ47,3
Q8RJN5,3
Q8RJN8,7
Q8RJP3,1
Q8RJY2,2
Q8RJY3,3
Q8RKI9,1
Q8RLA6,25
Q8RLN4,2
Q8RLX2,2
Q8RLY5,5
Q8RM02,1
Q8RM03,1
Q8RM04,1
Q8RMD4,1
Q8RMH6,1
Q8RN03,1
Q8RN04,3
Q8RNM2,2
Q8RNT4,4
Q8RNV5,2
Q8RNV8,4
Q8RP04,1
Q8RP52,1
Q8RPA0,2
Q8RPG0,1
Q8RPJ2,1
Q8RPQ1,1
Q8RPQ2,1
Q8RQE7,6
Q8RQE8,6
Q8RQE9,7
Q8RQP5,4
Q8RQU7,1
Q8RR30,1
Q8RR56,6
Q8RR57,1
Q8RR70,1
Q8RS40,1
Q8RSQ2,4
Q8RSU9,1
Q8RSY1,3
Q8RT31,4
Q8RT53,3
Q8RT58,2
Q8RTE3,1
Q8RTL3,3
Q8RTL4,3
Q8RTM8,1
Q8RTN0,1
Q8RUT8,9
Q8RV61,3
Q8RX71,1
Q8RX87,5
Q8RXT5,1
Q8RY29,1
Q8RY59,1
Q8RY71,1
Q8RY73,1
Q8RY79,1
Q8S0S6,1
Q8S307,2
Q8S380,1
Q8S532,1
Q8S8E7,1
Q8SAG1,1
Q8SCZ8,2
Q8SD18,1
Q8SD31,1
Q8SDC3,2
Q8SDC5,1
Q8SDD3,1
Q8SDT4,1
Q8SDV3,1
Q8SKU2,1
Q8SPQ0,4
Q8SQS4,1
Q8SQV4,1
Q8SR45,2
Q8SR66,5
Q8SRE1,1
Q8SRE4,1
Q8SRG7,3
Q8SRM7,1
Q8SRR4,1
Q8SS09,1
Q8SS11,1
Q8SS83,1
Q8SSJ3,1
Q8SSM8,3
Q8ST28,2
Q8ST83,2
Q8SU65,1
Q8SUP0,1
Q8SUS7,4
Q8SWC5,1
Q8SWT2,2
Q8SXK5,6
Q8SXQ7,2
Q8SYK5,1
Q8T017,1
Q8T018,1
Q8T045,3
Q8T0Q4,1
Q8T0W7,13
Q8T309,1
Q8T4U4,1
Q8T5C2,3
Q8T5C5,1
Q8T5C6,1
Q8T5T8,1
Q8T603,1
Q8T6B1,2
Q8T6I2,1
Q8T6J6,2
Q8T6R7,1
Q8T6S0,1
Q8T6T2,3
Q8T6T7,1
Q8T6U0,3
Q8T893,1
Q8T8E2,1
Q8T8E9,1
Q8T8F4,1
Q8T9B6,2
Q8T9N5,3
Q8T9Z7,2
Q8TAC2,1
Q8TAF3,2
Q8TAI7,1
Q8TB24,2
Q8TB36,2
Q8TB45,2
Q8TB72,3
Q8TBB1,2
Q8TBC3,1
Q8TBC4,3
Q8TBE9,1
Q8TBG4,1
Q8TBK2,2
Q8TBX8,2
Q8TBZ6,1
Q8TC59,1
Q8TCB7,1
Q8TCD0,14
Q8TCD5,4
Q8TCE9,2
Q8TCG2,1
Q8TCS8,1
Q8TCU6,7
Q8TD06,1
Q8TD16,2
Q8TD19,1
Q8TD30,1
Q8TDB6,2
Q8TDI8,1
Q8TDQ0,8
Q8TDX5,6
Q8TDX7,4
Q8TDY2,11
Q8TDY4,1
Q8TDZ2,3
Q8TE04,2
Q8TE69,1
Q8TEA8,1
Q8TEB7,1
Q8TEB9,1
Q8TED0,1
Q8TED1,2
Q8TEH3,1
Q8TEK3,27
Q8TEP8,2
Q8TEQ6,11
Q8TEU7,1
Q8TF42,3
Q8TF61,1
Q8TF72,2
Q8TF76,35
Q8TFL9,5
Q8TG26,9
Q8TG90,5
Q8TGI8,1
Q8TGZ5,1
Q8TGZ7,1
Q8THG6,3
Q8THG7,1
Q8THH0,1
Q8THH1,2
Q8THK8,1
Q8TJ93,1
Q8TL28,4
Q8TLW1,1
Q8TLY9,17
Q8TMX3,2
Q8TNZ0,1
Q8TPV5,1
Q8TQ92,1
Q8TQ93,1
Q8TSG7,2
Q8TTU7,1
Q8TTZ5,5
Q8TUA9,1
Q8TUN2,1
Q8TUN3,1
Q8TUN4,1
Q8TUN5,1
Q8TVS2,1
Q8TWB5,1
Q8TWG5,4
Q8TWR4,1
Q8TWU6,1
Q8TWX5,1
Q8TX37,3
Q8TX89,1
Q8TXU4,1
Q8TXW1,1
Q8TXY4,1
Q8TY20,1
Q8TYK3,1
Q8TZ25,2
Q8TZE0,3
Q8TZE5,1
Q8TZE8,5
Q8TZE9,2
Q8TZH8,5
Q8TZI9,3
Q8TZJ1,3
Q8TZJ7,1
Q8TZK1,1
Q8TZN4,1
Q8TZN6,1
Q8TZP8,1
Q8TZR3,4
Q8TZS3,1
Q8TZT9,2
Q8TZW1,2
Q8TZW4,1
Q8TZX0,1
Q8TZY2,6
Q8TZY3,2
Q8U029,2
Q8U046,2
Q8U051,3
Q8U092,1
Q8U093,19
Q8U094,9
Q8U098,1
Q8U0A9,3
Q8U0N5,2
Q8U0R7,4
Q8U122,2
Q8U160,7
Q8U189,1
Q8U192,1
Q8U194,2
Q8U195,2
Q8U1C6,1
Q8U1H5,5
Q8U1K3,2
Q8U1K8,2
Q8U1K9,1
Q8U1L4,1
Q8U1N9,5
Q8U1R3,1
Q8U1R4,7
Q8U1S4,1
Q8U1S6,4
Q8U1S7,2
Q8U1T0,1
Q8U1T1,1
Q8U1T8,1
Q8U1U4,1
Q8U1U6,1
Q8U1X1,1
Q8U1Y4,2
Q8U1Z3,1
Q8U208,1
Q8U248,3
Q8U2C1,1
Q8U2D2,2
Q8U2D5,2
Q8U2E0,1
Q8U2E3,1
Q8U2H1,1
Q8U2H2,1
Q8U2I5,1
Q8U2I7,1
Q8U2I8,1
Q8U2K6,3
Q8U2V3,1
Q8U2X0,4
Q8U2Y3,1
Q8U306,1
Q8U333,1
Q8U363,1
Q8U3C7,1
Q8U3D2,2
Q8U3E5,1
Q8U3H1,2
Q8U3I1,1
Q8U3I4,1
Q8U3L0,2
Q8U3Q7,1
Q8U3R1,1
Q8U3R3,1
Q8U3S5,1
Q8U3T3,1
Q8U3U2,1
Q8U3U3,1
Q8U3V0,1
Q8U3V1,4
Q8U3Y2,1
Q8U3Y3,1
Q8U438,1
Q8U440,2
Q8U4A7,1
Q8U4C0,1
Q8U4G1,1
Q8U4J2,1
Q8U4K5,1
Q8U4M2,1
Q8U4M3,2
Q8U4Q2,1
Q8U4Q7,1
Q8U4Q9,1
Q8U671,2
Q8U8L5,3
Q8U8Z6,2
Q8UB77,5
Q8UCK6,1
Q8UD95,1
Q8UEU8,1
Q8UH15,1
Q8UH56,1
Q8UHA8,1
Q8UIS9,1
Q8UJW4,1
Q8ULI2,1
Q8ULI9,1
Q8URG0,1
Q8UUZ6,1
Q8UVG6,2
Q8UWD5,2
Q8UWK4,2
Q8UWK5,3
Q8UY79,1
Q8UYL3,1
Q8V4T7,1
Q8V512,2
Q8V791,1
Q8VBX4,2
Q8VBX6,1
Q8VC28,3
Q8VCF0,1
Q8VDC1,1
Q8VDF2,7
Q8VDF3,3
Q8VDL4,1
Q8VDP3,3
Q8VDQ1,2
Q8VDS3,4
Q8VDU0,3
Q8VEB2,2
Q8VEL9,1
Q8VGC3,4
Q8VH51,4
Q8VHK8,1
Q8VHK9,2
Q8VHN2,2
Q8VHN8,2
Q8VHV5,1
Q8VI36,2
Q8VIN1,1
Q8VIP2,1
Q8VJU4,2
Q8VK10,2
Q8VL32,4
Q8VLK7,1
Q8VLX7,2
Q8VNN2,1
Q8VNU2,1
Q8VP44,1
Q8VP84,2
Q8VPC3,1
Q8VPD4,4
Q8VPD8,1
Q8VQD3,1
Q8VQF4,1
Q8VQF6,8
Q8VQG1,2
Q8VQN0,2
Q8VRA1,1
Q8VRK8,2
Q8VS75,1
Q8VSC3,2
Q8VSD5,3
Q8VUD7,2
Q8VUS5,1
Q8VUS7,2
Q8VUS8,2
Q8VUT0,2
Q8VVD2,3
Q8VW82,2
Q8VW85,2
Q8VW87,6
Q8VWZ1,1
Q8VX11,1
Q8VXY9,3
Q8VY88,1
Q8VYF7,1
Q8VZ10,1
Q8VZ17,3
Q8VZG8,2
Q8VZS8,7
Q8VZW3,1
Q8W191,1
Q8W1C2,1
Q8W1E3,1
Q8W1R6,2
Q8W1S1,1
Q8W453,1
Q8W4D0,1
Q8W4D8,1
Q8W4J8,2
Q8W4L5,3
Q8W4U4,1
Q8W5Y8,1
Q8W5Z4,1
Q8WKJ8,1
Q8WNV7,1
Q8WPI2,1
Q8WPJ2,1
Q8WPN9,1
Q8WQ22,1
Q8WQA4,1
Q8WQK3,1
Q8WQM6,1
Q8WQX5,3
Q8WQX9,24
Q8WR51,1
Q8WR62,6
Q8WRF5,1
Q8WS26,58
Q8WS31,1
Q8WSF8,57
Q8WSQ4,1
Q8WTC7,1
Q8WTQ1,1
Q8WTR2,4
Q8WTS6,31
Q8WTT0,4
Q8WTU0,1
Q8WTX7,4
Q8WU08,1
Q8WU39,1
Q8WU79,1
Q8WUA7,1
Q8WUD1,1
Q8WUF5,3
Q8WUI4,6
Q8WUJ0,1
Q8WUM0,1
Q8WUM4,10
Q8WUP2,2
Q8WUW1,2
Q8WUX2,3
Q8WV28,1
Q8WV92,2
Q8WVC0,1
Q8WVM7,6
Q8WVN8,1
Q8WVQ1,4
Q8WVV4,1
Q8WVV9,1
Q8WW01,1
Q8WW35,1
Q8WWA0,3
Q8WWI1,1
Q8WWL2,1
Q8WWM9,6
Q8WWN8,3
Q8WWN9,1
Q8WWP7,1
Q8WWQ0,143
Q8WWQ8,1
Q8WWV3,1
Q8WWW0,1
Q8WWZ1,1
Q8WX77,4
Q8WXB1,1
Q8WXD5,2
Q8WXD9,1
Q8WXE1,2
Q8WXF1,2
Q8WXF7,8
Q8WXG8,1
Q8WXH4,1
Q8WXI2,1
Q8WXI4,1
Q8WXI7,1
Q8WXI8,1
Q8WXX5,2
Q8WY64,3
Q8WY91,1
Q8WYB5,2
Q8WYH8,1
Q8WYJ6,1
Q8WYK0,2
Q8WYN0,1
Q8WYQ5,2
Q8WZ42,42
Q8WZ73,1
Q8WZA1,8
Q8WZA9,2
Q8WZC9,2
Q8WZK8,6
Q8WZM3,7
Q8WZM4,2
Q8X0D9,1
Q8X123,14
Q8X1D8,9
Q8X1E4,2
Q8X1M9,1
Q8X225,1
Q8X236,3
Q8X270,3
Q8X5N4,1
Q8X5N5,2
Q8X5N8,2
Q8X5Q7,2
Q8X5S3,1
Q8X5X6,3
Q8X655,1
Q8X6R9,7
Q8X737,1
Q8X778,1
Q8X7A5,1
Q8X7H4,1
Q8X831,1
Q8X834,2
Q8X8S5,1
Q8X8Y7,1
Q8X965,1
Q8X966,1
Q8X9V6,1
Q8XAB8,1
Q8XAL6,1
Q8XAN6,1
Q8XAS4,1
Q8XB29,1
Q8XBR1,2
Q8XBV0,1
Q8XBV2,2
Q8XBY5,1
Q8XCQ7,1
Q8XDG3,1
Q8XDI5,4
Q8XDQ2,1
Q8XDW9,1
Q8XGU5,1
Q8XI95,1
Q8XIQ9,2
Q8XJE0,1
Q8XKB8,1
Q8XKU1,1
Q8XL11,1
Q8XLA4,1
Q8XLZ0,8
Q8XM24,6
Q8XMB9,5
Q8XMY5,1
Q8XN25,2
Q8XNB2,6
Q8XNK4,3
Q8XNW0,1
Q8XNZ3,3
Q8XP10,2
Q8XP19,1
Q8XUA5,2
Q8XUX2,1
Q8XV73,1
Q8XVB9,1
Q8XVV6,2
Q8XXK6,5
Q8XZN3,1
Q8XZT7,2
Q8Y125,1
Q8Y3G4,1
Q8Y3M1,1
Q8Y3M3,5
Q8Y3R9,1
Q8Y3Y7,1
Q8Y432,1
Q8Y4A6,1
Q8Y4B4,1
Q8Y4C4,1
Q8Y4H2,1
Q8Y4H9,1
Q8Y4J2,6
Q8Y4N7,1
Q8Y4T3,1
Q8Y4Z4,1
Q8Y535,1
Q8Y547,4
Q8Y563,1
Q8Y565,5
Q8Y574,1
Q8Y588,1
Q8Y5E4,10
Q8Y5E5,1
Q8Y5F1,4
Q8Y5H4,1
Q8Y5K8,1
Q8Y5N0,1
Q8Y5X1,1
Q8Y614,1
Q8Y653,3
Q8Y672,1
Q8Y690,1
Q8Y6D1,1
Q8Y6I2,4
Q8Y6P6,2
Q8Y6T2,2
Q8Y6U9,1
Q8Y6Y4,1
Q8Y746,2
Q8Y759,1
Q8Y775,1
Q8Y7B7,3
Q8Y7E3,1
Q8Y7I7,1
Q8Y7N7,3
Q8Y7U1,1
Q8Y7Y1,2
Q8Y842,2
Q8Y850,1
Q8Y8A3,2
Q8Y8D7,74
Q8Y8G1,1
Q8Y8H5,1
Q8Y8H6,1
Q8Y8N7,1
Q8Y8P4,1
Q8Y8S9,1
Q8Y8T2,1
Q8Y8T4,1
Q8Y901,1
Q8Y902,1
Q8Y982,1
Q8Y989,1
Q8Y9I1,1
Q8Y9K1,1
Q8Y9N5,2
Q8Y9N7,1
Q8Y9P4,1
Q8Y9T5,2
Q8YA39,1
Q8YA56,1
Q8YAE6,1
Q8YAE8,1
Q8YAE9,1
Q8YAF1,2
Q8YAJ0,1
Q8YAJ4,1
Q8YAK7,1
Q8YAQ0,1
Q8YAQ1,1
Q8YC53,2
Q8YC61,1
Q8YCV0,1
Q8YCV4,1
Q8YE98,1
Q8YEE8,1
Q8YEF2,1
Q8YF53,1
Q8YF86,1
Q8YFC9,1
Q8YFK8,1
Q8YFP7,1
Q8YFS0,1
Q8YGB8,1
Q8YHF1,1
Q8YHT7,2
Q8YHV1,1
Q8YI30,5
Q8YID2,1
Q8YIN7,1
Q8YJI0,1
Q8YJJ9,1
Q8YJQ6,2
Q8YJY7,1
Q8YL42,2
Q8YLC3,1
Q8YLF9,2
Q8YLT7,1
Q8YM80,1
Q8YMA7,1
Q8YMD9,2
Q8YMJ2,1
Q8YMJ3,1
Q8YN57,1
Q8YNJ7,2
Q8YNP7,1
Q8YNT0,1
Q8YNV6,2
Q8YQ56,1
Q8YQD8,1
Q8YQN0,3
Q8YQS9,1
Q8YQW3,4
Q8YSC3,3
Q8YSC4,2
Q8YSD9,1
Q8YSJ5,2
Q8YT10,1
Q8YT18,1
Q8YT41,1
Q8YT42,1
Q8YTL8,1
Q8YU74,1
Q8YUQ7,18
Q8YUR6,1
Q8YVD1,1
Q8YVV8,6
Q8YWM0,1
Q8YWS4,2
Q8YWS9,2
Q8YXB7,2
Q8YXC3,2
Q8YXQ9,1
Q8YXY7,2
Q8YY42,1
Q8YY48,1
Q8YY76,5
Q8YYB7,3
Q8YYI1,1
Q8YYI2,1
Q8YYM9,2
Q8YZH5,1
Q8YZM9,1
Q8Z077,1
Q8Z082,1
Q8Z0C1,1
Q8Z0I2,1
Q8Z0M1,1
Q8Z0Q1,1
Q8Z1C5,1
Q8Z1L1,2
Q8Z2A5,2
Q8Z4D7,2
Q8Z4J1,1
Q8Z598,1
Q8Z5I4,2
Q8Z6A3,14
Q8Z6A4,1
Q8Z6A5,1
Q8Z6A7,1
Q8Z780,2
Q8Z859,1
Q8Z969,1
Q8Z9S7,1
Q8Z9U1,9
Q8ZA87,1
Q8ZAR2,1
Q8ZAX1,1
Q8ZB39,1
Q8ZB47,1
Q8ZBK7,2
Q8ZBL9,1
Q8ZC05,3
Q8ZCP4,1
Q8ZD36,1
Q8ZE60,1
Q8ZFT7,2
Q8ZFU4,1
Q8ZG15,1
Q8ZG80,2
Q8ZG93,1
Q8ZGA4,1
Q8ZGZ1,2
Q8ZH57,1
Q8ZH69,1
Q8ZI56,1
Q8ZIE7,5
Q8ZIE8,1
Q8ZIV7,1
Q8ZJ80,1
Q8ZJF2,1
Q8ZJN9,2
Q8ZJW4,2
Q8ZJX7,1
Q8ZJY4,1
Q8ZJZ9,3
Q8ZK48,1
Q8ZK57,1
Q8ZK62,1
Q8ZKA9,1
Q8ZKB0,1
Q8ZKF6,8
Q8ZKG6,2
Q8ZKJ0,1
Q8ZKL8,1
Q8ZKP5,1
Q8ZKQ1,2
Q8ZKT7,3
Q8ZKW0,1
Q8ZKY6,1
Q8ZL08,2
Q8ZL18,1
Q8ZL44,2
Q8ZL58,3
Q8ZL64,6
Q8ZL65,1
Q8ZL86,1
Q8ZL99,1
Q8ZLC6,1
Q8ZLF9,1
Q8ZLI9,1
Q8ZLN3,1
Q8ZLQ7,1
Q8ZLR6,1
Q8ZLV8,1
Q8ZLZ0,1
Q8ZM09,1
Q8ZM14,1
Q8ZM23,1
Q8ZM36,2
Q8ZM67,1
Q8ZM82,1
Q8ZM86,1
Q8ZME0,1
Q8ZMF7,2
Q8ZMG4,1
Q8ZMP9,1
Q8ZMX9,1
Q8ZMZ1,1
Q8ZMZ2,1
Q8ZN71,1
Q8ZNA1,2
Q8ZNC4,1
Q8ZNF3,3
Q8ZNF5,2
Q8ZNF9,6
Q8ZNG2,1
Q8ZNH1,2
Q8ZNM5,1
Q8ZNP1,1
Q8ZNP3,1
Q8ZNP4,3
Q8ZNR3,2
Q8ZNR5,1
Q8ZNT7,9
Q8ZNU7,1
Q8ZNV8,3
Q8ZP08,1
Q8ZP43,1
Q8ZP84,2
Q8ZPA3,1
Q8ZPC0,5
Q8ZPC3,1
Q8ZPD3,2
Q8ZPF0,1
Q8ZPH9,1
Q8ZPI3,2
Q8ZPK0,1
Q8ZPL1,1
Q8ZPL9,1
Q8ZPN5,1
Q8ZPQ1,1
Q8ZPR1,1
Q8ZPR4,1
Q8ZPT3,1
Q8ZPU5,1
Q8ZPV9,2
Q8ZPX9,4
Q8ZPY6,1
Q8ZPY8,1
Q8ZPZ9,1
Q8ZQ06,5
Q8ZQ08,2
Q8ZQ30,2
Q8ZQ40,1
Q8ZQ79,2
Q8ZQN9,1
Q8ZQT5,1
Q8ZQW9,3
Q8ZR39,1
Q8ZR43,6
Q8ZR49,1
Q8ZR50,1
Q8ZR83,1
Q8ZR92,1
Q8ZRA1,1
Q8ZRC9,2
Q8ZRE7,1
Q8ZRI7,1
Q8ZRJ2,1
Q8ZRK3,2
Q8ZRK4,8
Q8ZRL5,3
Q8ZRM2,1
Q8ZRS0,1
Q8ZRY1,1
Q8ZRZ3,3
Q8ZS03,1
Q8ZTD8,3
Q8ZU79,1
Q8ZUN8,2
Q8ZUP0,3
Q8ZUR7,1
Q8ZVF7,3
Q8ZVH7,1
Q8ZVI1,1
Q8ZVK6,2
Q8ZVU2,1
Q8ZVX8,2
Q8ZWA8,2
Q8ZWP2,1
Q8ZWV0,4
Q8ZWY4,1
Q8ZXK7,1
Q8ZXN7,2
Q8ZY16,1
Q8ZY28,1
Q8ZYE0,1
Q8ZYG5,2
Q8ZYG6,1
Q8ZYK1,1
Q8ZYK2,1
Q8ZZM9,1
Q8ZZP3,1
Q90121,1
Q90249,11
Q90282,2
Q903J0,3
Q903N5,2
Q90544,2
Q90744,2
Q90890,2
Q90941,1
Q90EA1,2
Q90EB9,1
Q90HG9,1
Q90JJ9,3
Q90K99,10
Q90M13,1
Q90SN9,1
Q90VI2,1
Q90VW1,3
Q90WA1,3
Q90WW1,1
Q90YK9,1
Q91044,1
Q91062,1
Q91086,1
Q91132,1
Q91159,2
Q911P0,3
Q911W0,2
Q913Z3,3
Q91516,1
Q91642,2
Q91786,1
Q91836,1
Q91970,1
Q91992,1
Q91AV1,1
Q91B91,2
Q91C35,2
Q91CD4,3
Q91DD5,1
Q91DR9,2
Q91E88,1
Q91EV7,1
Q91F57,1
Q91H09,4
Q91H74,63
Q91IE3,3
Q91KZ4,1
Q91KZ5,3
Q91L20,1
Q91LD0,1
Q91MA7,18
Q91MB1,1
Q91MK1,3
Q91RS4,1
Q91TW9,2
Q91UL1,1
Q91UM2,1
Q91V12,2
Q91V27,2
Q91VE3,3
Q91VI7,1
Q91VJ1,1
Q91VS8,1
Q91VU0,2
Q91VW3,1
Q91WA6,1
Q91WD2,1
Q91WP6,1
Q91WR5,7
Q91WR8,1
Q91WY9,1
Q91X46,1
Q91XB0,13
Q91XE4,3
Q91XJ1,1
Q91XL9,2
Q91XM9,1
Q91XX0,1
Q91XX1,1
Q91XX7,1
Q91XZ0,1
Q91Y09,1
Q91Y44,2
Q91YE7,1
Q91YN5,1
Q91YN9,1
Q91YR1,7
Q91Z05,8
Q91Z69,1
Q91Z98,2
Q91ZE9,1
Q91ZI8,2
Q91ZM2,2
Q91ZP3,2
Q91ZW2,10
Q920Q2,2
Q92133,9
Q92163,1
Q92194,1
Q921A6,2
Q921E6,1
Q921F2,1
Q921J2,3
Q921M3,1
Q921M7,1
Q921Z5,1
Q922S8,1
Q922X9,2
Q92383,1
Q923B0,1
Q923J1,2
Q92410,4
Q92450,1
Q92456,2
Q92458,2
Q92499,1
Q924Q0,1
Q924Q6,1
Q924T7,1
Q924W6,2
Q92506,2
Q92520,1
Q92522,1
Q92530,1
Q92541,3
Q92547,7
Q92556,2
Q92558,2
Q92564,1
Q92576,2
Q92583,4
Q92585,1
Q92598,1
Q92599,2
Q925B3,1
Q92600,8
Q92608,1
Q92609,1
Q92615,1
Q92619,2
Q92630,14
Q92673,3
Q92674,1
Q92692,6
Q926H7,1
Q926P6,1
Q926T1,1
Q926X2,1
Q926Y9,2
Q926Z8,1
Q92729,2
Q92730,3
Q92731,27
Q92734,1
Q92736,4
Q92743,3
Q92769,25
Q92772,3
Q92783,1
Q92784,3
Q92785,2
Q92793,92
Q92794,13
Q92796,2
Q92797,7
Q927R6,1
Q927Y2,1
Q92806,1
Q92817,1
Q92820,1
Q92826,2
Q92830,7
Q92831,18
Q92832,1
Q92833,1
Q92834,3
Q92835,98
Q92837,4
Q92838,2
Q92841,4
Q92843,2
Q92854,1
Q92859,1
Q92871,7
Q92876,21
Q92878,1
Q92879,3
Q92882,2
Q92888,3
Q92890,1
Q928A2,1
Q928V6,1
Q92900,3
Q92905,3
Q92913,2
Q92918,27
Q92922,4
Q92932,3
Q92934,1
Q92947,2
Q92956,4
Q92959,1
Q92963,1
Q92973,1
Q92974,51
Q92979,1
Q92993,1
Q92997,7
Q929G0,1
Q929L3,1
Q929P4,1
Q929S5,4
Q929T5,3
Q92A04,1
Q92A11,1
Q92A83,1
Q92AB8,1
Q92AH8,1
Q92AL3,1
Q92AS8,4
Q92AS9,9
Q92AT3,1
Q92AT7,1
Q92BJ8,1
Q92C56,1
Q92DF6,4
Q92DQ0,1
Q92E50,1
Q92EH0,1
Q92EM7,1
Q92FU1,1
Q92FY8,2
Q92I37,2
Q92JF7,1
Q92KS5,1
Q92KT3,1
Q92KZ3,1
Q92L02,1
Q92L60,2
Q92LK0,1
Q92LT4,1
Q92LZ4,6
Q92M24,4
Q92M25,2
Q92M26,1
Q92M60,1
Q92MG1,1
Q92MN6,1
Q92MR2,1
Q92MZ8,1
Q92N06,3
Q92N37,3
Q92N93,2
Q92ND9,2
Q92NR7,3
Q92P20,1
Q92PB6,1
Q92PC8,2
Q92PG6,1
Q92PI7,1
Q92PM3,1
Q92PZ3,2
Q92R45,1
Q92R63,1
Q92RC2,1
Q92RC6,1
Q92RF9,1
Q92RS8,1
Q92RW4,1
Q92SA6,2
Q92SD7,1
Q92SG7,1
Q92SJ4,1
Q92SP3,1
Q92SS3,1
Q92T34,3
Q92T58,2
Q92T60,1
Q92TG9,1
Q92TX5,1
Q92UV7,5
Q92UV8,5
Q92VK1,1
Q92VK3,1
Q92VL2,1
Q92W70,1
Q92W71,1
Q92WA6,1
Q92WC8,2
Q92WS7,1
Q92WT0,1
Q92XI4,1
Q92XZ6,1
Q92Y45,1
Q92YH7,1
Q92YJ1,1
Q92YJ2,2
Q92YR6,1
Q92YS1,1
Q92Z29,1
Q92ZP9,6
Q92ZS5,2
Q93008,2
Q93009,38
Q93015,2
Q93038,2
Q93062,2
Q93088,3
Q93091,4
Q93092,2
Q93096,2
Q93099,2
Q930A6,1
Q930I9,1
Q930K7,1
Q930Q4,1
Q930S8,1
Q93113,1
Q93139,1
Q931A1,1
Q931P4,4
Q931R6,1
Q931U5,1
Q932F7,1
Q933Z0,5
Q93413,2
Q934F5,1
Q934G3,2
Q934G8,1
Q934H7,1
Q936H5,4
Q936X2,1
Q936X3,2
Q936X6,3
Q939D2,4
Q939N4,1
Q939N5,6
Q939Q9,11
Q939R9,2
Q939S9,1
Q939T0,1
Q939U1,3
Q939U4,3
Q939Y1,1
Q93A71,14
Q93AH5,1
Q93AT8,4
Q93C54,1
Q93CA2,1
Q93CC5,2
Q93CG9,2
Q93D82,12
Q93DA5,1
Q93DA8,3
Q93DA9,1
Q93DB0,1
Q93DY9,2
Q93ED6,1
Q93EK7,2
Q93ET8,2
Q93ET9,2
Q93F76,3
Q93H80,1
Q93H81,3
Q93HJ0,1
Q93HL1,1
Q93HL2,1
Q93HT5,1
Q93HT8,4
Q93HT9,3
Q93HU3,1
Q93HW0,2
Q93I48,5
Q93I65,1
Q93I73,2
Q93IC2,4
Q93IE7,4
Q93IG4,1
Q93IS4,4
Q93J02,1
Q93J40,1
Q93J41,2
Q93J45,8
Q93JE8,1
Q93JG8,1
Q93K36,1
Q93K76,1
Q93K97,4
Q93K99,1
Q93KQ4,1
Q93KV2,2
Q93KW4,1
Q93L51,4
Q93LD7,18
Q93LE9,2
Q93LQ6,1
Q93LY7,2
Q93MS3,2
Q93MW7,1
Q93MY4,1
Q93NG6,1
Q93NH4,8
Q93NW7,8
Q93P54,4
Q93PP9,3
Q93PQ0,5
Q93PS4,1
Q93QX0,2
Q93R11,2
Q93RD8,1
Q93RE7,1
Q93RE9,2
Q93RP5,1
Q93RS6,1
Q93RV7,1
Q93S40,5
Q93SQ1,1
Q93SQ3,4
Q93SU7,1
Q93T42,1
Q93TK0,8
Q93TN0,1
Q93TP7,2
Q93TU6,2
Q93TX2,2
Q93UJ2,8
Q93UQ5,5
Q93UT0,1
Q93UT1,1
Q93UV0,8
Q93UV9,3
Q93V56,2
Q93VA3,4
Q93VD3,2
Q93VK5,4
Q93VP3,1
Q93VQ9,1
Q93VR3,4
Q93W20,1
Q93W25,2
Q93WI9,1
Q93WL3,1
Q93WP2,6
Q93WX6,2
Q93X60,2
Q93X62,1
Q93XJ9,1
Q93YB2,1
Q93YN9,10
Q93YT1,2
Q93Z70,2
Q93ZE8,1
Q93ZG9,3
Q93ZM9,2
Q93ZN9,9
Q940D0,2
Q940H6,2
Q940U6,2
Q941L0,2
Q941L3,2
Q941M3,3
Q942P9,1
Q94464,2
Q944H0,1
Q944U2,1
Q94521,14
Q94524,1
Q945K2,3
Q946G4,1
Q946J8,1
Q94702,49
Q94707,4
Q94734,48
Q948P5,2
Q948P7,2
Q948Z4,3
Q949H3,1
Q949P3,2
Q949X7,1
Q94A94,1
Q94AG2,6
Q94AI7,1
Q94AM1,2
Q94AT3,3
Q94AU9,1
Q94BT6,3
Q94BU8,14
Q94C10,1
Q94C74,3
Q94CL7,4
Q94EG6,4
Q94EW1,1
Q94F62,2
Q94FV7,3
Q94G59,2
Q94IC4,1
Q94IE8,1
Q94IF5,1
Q94IP1,1
Q94JQ4,2
Q94JU3,1
Q94K71,1
Q94KL8,2
Q94LW9,4
Q94M05,12
Q94M06,2
Q94M07,1
Q95044,1
Q95114,2
Q95182,1
Q95211,3
Q952G2,1
Q95460,44
Q95477,1
Q95565,1
Q95601,2
Q95HB9,6
Q95NL6,1
Q95NM6,3
Q95NY5,3
Q95P16,2
Q95PM0,5
Q95RQ8,1
Q95RR6,2
Q95UJ7,4
Q95V66,1
Q95VF7,1
Q95VR4,3
Q95W13,1
Q95W15,1
Q95W85,3
Q95WL3,8
Q95X01,1
Q95XC8,1
Q95YF3,2
Q95YI4,10
Q95Z12,1
Q95ZD7,1
Q95ZK7,1
Q960Q9,1
Q960X8,1
Q96242,7
Q96255,3
Q96288,1
Q962V9,1
Q962Y6,37
Q96323,4
Q963F7,1
Q963I9,1
Q96524,1
Q96533,4
Q96554,4
Q965D7,2
Q96662,5
Q966X9,6
Q96724,2
Q967D2,1
Q967F4,1
Q967M2,2
Q968S7,1
Q969A2,2
Q969D9,2
Q969E3,1
Q969G6,4
Q969H0,1
Q969H8,2
Q969M7,2
Q969Q1,2
Q969R5,2
Q969V5,1
Q969X0,3
Q969Z0,1
Q96A08,1
Q96A44,3
Q96A58,1
Q96A65,1
Q96A83,4
Q96AB6,3
Q96AC1,2
Q96AE4,4
Q96AP0,3
Q96AP4,2
Q96AT9,4
Q96AX1,1
Q96AY2,3
Q96AZ1,1
Q96AZ6,1
Q96B02,1
Q96B67,2
Q96B97,3
Q96BD5,1
Q96BD6,2
Q96BD8,2
Q96BH1,3
Q96BM9,2
Q96BN8,8
Q96BP3,1
Q96BR1,1
Q96BR5,1
Q96BY2,1
Q96BY6,1
Q96BY9,3
Q96BZ9,1
Q96C10,1
Q96C19,4
Q96C23,2
Q96C24,1
Q96C45,2
Q96C86,7
Q96CA5,12
Q96CB9,1
Q96CF2,4
Q96CG3,1
Q96CM3,1
Q96CS7,2
Q96CV9,7
Q96CW9,2
Q96CX2,1
Q96D31,1
Q96D42,2
Q96D96,1
Q96DA2,1
Q96DC8,1
Q96DC9,14
Q96DE0,8
Q96DH6,2
Q96DN0,1
Q96DR4,2
Q96DR7,1
Q96DX5,1
Q96E14,3
Q96E17,1
Q96E22,5
Q96E29,1
Q96E93,1
Q96EB6,3
Q96EK4,1
Q96EK6,3
Q96EL1,1
Q96EP0,19
Q96EP1,5
Q96EQ8,1
Q96EQ9,1
Q96ES7,8
Q96EY5,1
Q96EY8,5
Q96F10,2
Q96F24,1
Q96F44,1
Q96F46,2
Q96F86,5
Q96FI4,6
Q96FJ0,3
Q96FJ2,3
Q96FQ6,1
Q96FW1,3
Q96FX7,2
Q96FZ2,5
Q96FZ7,1
Q96G74,3
Q96GD0,9
Q96GD3,1
Q96GG9,16
Q96GX9,1
Q96H15,3
Q96H31,1
Q96HA1,1
Q96HA7,1
Q96HA8,3
Q96HC4,2
Q96HE7,1
Q96HI0,1
Q96HN2,1
Q96HS1,3
Q96HU8,1
Q96HX7,1
Q96HY7,8
Q96I15,2
Q96I25,4
Q96I51,1
Q96I99,6
Q96IU4,1
Q96IV0,2
Q96IY1,1
Q96IY4,2
Q96IZ0,1
Q96J02,8
Q96J92,3
Q96J94,1
Q96JA1,1
Q96JA3,1
Q96JD1,3
Q96JJ3,2
Q96JM3,4
Q96JM7,6
Q96JN0,2
Q96JP0,7
Q96JY6,2
Q96K30,1
Q96KC2,1
Q96KE9,1
Q96KM6,1
Q96KN2,1
Q96KN7,1
Q96KP4,1
Q96KQ4,1
Q96KQ7,23
Q96KS0,1
Q96L73,3
Q96L92,10
Q96L93,1
Q96LA8,11
Q96LB8,2
Q96LB9,3
Q96LC9,2
Q96LD8,3
Q96LI5,5
Q96LJ7,1
Q96LR5,2
Q96LT9,1
Q96LW4,6
Q96LW7,2
Q96M98,2
Q96MF2,4
Q96MN2,1
Q96MS0,2
Q96MT8,2
Q96MU7,101
Q96MU8,2
Q96MX6,1
Q96N21,2
Q96NN9,5
Q96NW4,1
Q96NW7,2
Q96NX5,1
Q96NY8,1
Q96NY9,4
Q96P09,1
Q96P11,1
Q96P16,2
Q96P20,1
Q96P47,1
Q96P48,1
Q96PB8,1
Q96PD4,2
Q96PE7,2
Q96PH1,1
Q96PN6,30
Q96PP8,2
Q96PS8,1
Q96PU4,6
Q96PU5,9
Q96PY5,1
Q96PY6,2
Q96PZ0,1
Q96PZ2,1
Q96Q04,1
Q96Q11,1
Q96Q77,3
Q96Q83,2
Q96QB1,2
Q96QC0,1
Q96QC4,3
Q96QE5,2
Q96QF0,1
Q96QK1,2
Q96QP1,1
Q96QU1,1
Q96QV1,1
Q96QZ7,9
Q96R05,3
Q96RE7,3
Q96RG2,1
Q96RI0,1
Q96RI1,60
Q96RJ3,1
Q96RK0,2
Q96RR4,18
Q96RS0,2
Q96RT1,10
Q96RT8,1
Q96RU2,3
Q96RU8,2
Q96S42,1
Q96S55,2
Q96S59,3
Q96SB4,9
Q96SD1,11
Q96SI1,2
Q96SL4,1
Q96SW2,13
Q96SY0,1
Q96SZ5,6
Q96T58,2
Q96T60,2
Q96T66,6
Q96T68,1
Q96T88,29
Q96TA1,1
Q96TC7,1
Q96TL7,2
Q96TR6,1
Q96TU3,3
Q96UT6,1
Q96UT7,1
Q96W94,4
Q96WV5,3
Q96X16,3
Q96X30,3
Q96X90,1
Q96XE0,1
Q96XE7,2
Q96XN9,1
Q96XQ7,1
Q96XT2,2
Q96XT4,2
Q96Y14,4
Q96Y20,1
Q96Y29,1
Q96Y52,1
Q96Y66,1
Q96Y68,1
Q96YD0,3
Q96YJ2,1
Q96YK1,3
Q96YK6,3
Q96YM2,1
Q96YV5,1
Q96Z61,1
Q96Z62,2
Q96ZM7,1
Q96ZY1,9
Q970D9,3
Q970G9,1
Q970H5,2
Q970L2,1
Q970Q8,4
Q970S6,3
Q970U0,1
Q970U6,2
Q970Z7,1
Q971R4,1
Q971Y6,1
Q972A9,1
Q972D2,1
Q972I2,1
Q972K4,1
Q972R9,1
Q973C7,7
Q973H2,1
Q973T5,2
Q973T6,1
Q974C9,3
Q974G3,1
Q974U9,1
Q974V0,1
Q975B5,1
Q975D5,1
Q975F9,3
Q975N2,1
Q975W5,1
Q976G0,1
Q976I3,1
Q976J8,1
Q976P3,1
Q976U3,1
Q976W8,5
Q976Y0,1
Q977U7,6
Q977W1,5
Q977Y3,1
Q977Y4,4
Q978J0,1
Q978X0,1
Q979C2,1
Q979S5,1
Q979W2,2
Q97AG6,1
Q97AP8,1
Q97AR4,1
Q97B68,1
Q97BK3,4
Q97BR6,2
Q97C13,1
Q97CA4,1
Q97CA5,4
Q97CJ8,1
Q97CM7,1
Q97D74,1
Q97DC5,1
Q97DI0,1
Q97DI6,1
Q97DM1,2
Q97DY3,1
Q97DZ9,1
Q97E82,1
Q97EM7,1
Q97EM8,2
Q97F65,1
Q97F93,1
Q97FB4,1
Q97FM4,4
Q97G05,1
Q97G40,1
Q97G83,1
Q97GJ5,1
Q97GQ1,1
Q97H19,1
Q97H22,2
Q97I22,1
Q97I32,1
Q97IL4,1
Q97IT9,1
Q97IU2,1
Q97IW1,1
Q97JB7,1
Q97JL1,1
Q97KK2,4
Q97KL0,2
Q97KM0,1
Q97KU0,1
Q97KV0,1
Q97L65,1
Q97LU2,2
Q97LU5,1
Q97LY2,1
Q97M41,1
Q97MB6,1
Q97ML2,8
Q97ML3,3
Q97MN4,1
Q97MP0,1
Q97N97,1
Q97NQ4,2
Q97P32,1
Q97P33,1
Q97P44,1
Q97PK0,1
Q97PN8,1
Q97Q31,1
Q97Q59,1
Q97QS2,1
Q97R12,3
Q97R46,5
Q97SR4,1
Q97T38,1
Q97TI2,1
Q97TI4,1
Q97TU5,2
Q97TX6,2
Q97TX9,1
Q97U11,1
Q97U20,1
Q97U28,2
Q97U29,2
Q97UA0,2
Q97UL5,3
Q97UQ9,1
Q97UU7,4
Q97UY8,5
Q97V10,1
Q97V23,1
Q97V97,1
Q97VD2,1
Q97VM5,3
Q97VS8,1
Q97VT7,18
Q97VU1,1
Q97VU8,1
Q97VW7,2
Q97VZ7,9
Q97VZ8,1
Q97W02,73
Q97W22,3
Q97W59,1
Q97W73,1
Q97W92,1
Q97W94,2
Q97W95,3
Q97WD0,1
Q97WD2,1
Q97WF3,1
Q97WH1,1
Q97WH6,1
Q97WI4,1
Q97WL0,1
Q97WP9,1
Q97WQ4,1
Q97WV8,1
Q97WX5,1
Q97XB5,1
Q97XK8,1
Q97XP0,1
Q97XQ5,1
Q97XQ7,1
Q97XZ3,1
Q97Y08,1
Q97Y68,2
Q97Y81,1
Q97Y85,1
Q97Y88,3
Q97Y91,1
Q97YC2,2
Q97YD2,1
Q97YD5,1
Q97YG9,1
Q97YL0,1
Q97YM2,1
Q97YX4,1
Q97YX6,2
Q97Z17,1
Q97Z18,1
Q97Z21,1
Q97Z79,1
Q97Z82,1
Q97Z84,3
Q97Z89,1
Q97Z90,1
Q97ZE2,2
Q97ZE3,13
Q97ZE7,2
Q97ZE8,1
Q97ZF4,2
Q97ZJ5,1
Q97ZJ6,1
Q97ZJ7,1
Q97ZJ8,2
Q97ZK2,1
Q97ZL0,7
Q97ZQ0,1
Q97ZS5,1
Q97ZS7,1
Q980A5,22
Q980E5,1
Q980F8,2
Q980K0,1
Q980K5,1
Q980M3,4
Q980Q4,1
Q980R9,7
Q980S9,4
Q980T8,1
Q980V1,1
Q980V4,1
Q98157,3
Q981B3,1
Q981B4,1
Q981D4,1
Q981G2,1
Q981H6,1
Q98325,2
Q983D6,1
Q983T0,1
Q986E8,1
Q98776,1
Q987B2,1
Q987E0,1
Q98823,1
Q988B7,2
Q988B8,4
Q988B9,3
Q988C8,1
Q988D0,1
Q988D3,13
Q988D4,1
Q988L5,1
Q989D4,1
Q989T9,2
Q98AA0,1
Q98BN1,1
Q98D42,3
Q98D70,1
Q98ES4,1
Q98F67,1
Q98FH6,1
Q98GG1,1
Q98GN8,5
Q98H03,1
Q98H69,1
Q98I56,1
Q98IT8,1
Q98IZ3,1
Q98SW5,3
Q98TT9,1
Q98TU0,1
Q98UD4,1
Q98UI8,1
Q98VG9,4
Q98W00,1
Q98XH7,2
Q98Y46,1
Q98ZP7,5
Q99003,7
Q99034,1
Q99036,5
Q99040,4
Q99104,4
Q99181,1
Q99257,1
Q99259,2
Q99278,1
Q99279,1
Q99280,1
Q992I2,3
Q99314,1
Q99321,12
Q99325,1
Q99385,1
Q993A8,2
Q99405,2
Q99417,1
Q99418,11
Q99436,10
Q99442,1
Q99447,1
Q99453,1
Q99460,3
Q99466,3
Q99469,1
Q99490,2
Q99496,6
Q99497,82
Q994K2,1
Q99523,5
Q99536,2
Q99538,13
Q99549,6
Q99551,3
Q99558,4
Q99567,1
Q99574,2
Q99581,1
Q99584,2
Q99593,2
Q99594,2
Q99616,1
Q99619,8
Q99623,1
Q99638,4
Q99640,17
Q99661,1
Q99683,16
Q99685,22
Q99700,1
Q99704,1
Q99707,1
Q99708,2
Q99714,3
Q99717,1
Q99719,1
Q99728,5
Q99729,1
Q99735,2
Q99741,2
Q99748,4
Q99757,3
Q99759,4
Q99784,2
Q997F0,1
Q997H2,1
Q99808,1
Q99814,32
Q99816,14
Q99828,4
Q99835,1
Q99836,6
Q99856,1
Q99873,1
Q99895,1
Q99933,24
Q99952,3
Q99956,1
Q99958,2
Q99959,1
Q99962,1
Q99963,1
Q99967,2
Q99972,11
Q99983,1
Q99986,18
Q99988,3
Q99AU2,14
Q99AU3,3
Q99FX5,1
Q99HR6,1
Q99IB8,17
Q99IU3,1
Q99J99,2
Q99JB6,1
Q99JF5,1
Q99JR6,1
Q99JT9,6
Q99JV5,2
Q99JX3,1
Q99K10,1
Q99K70,1
Q99K90,2
Q99KK2,1
Q99KQ4,4
Q99LC4,7
Q99LE1,1
Q99LG4,1
Q99LS1,1
Q99M71,1
Q99ML1,1
Q99MV1,1
Q99MZ3,1
Q99P21,2
Q99P87,2
Q99PF4,10
Q99PI8,8
Q99PJ1,11
Q99PV3,1
Q99Q00,1
Q99Q02,1
Q99Q62,1
Q99QC1,5
Q99QS1,5
Q99QV3,3
Q99R54,1
Q99RL1,1
Q99SD6,1
Q99T05,1
Q99TQ0,2
Q99U17,1
Q99UN8,1
Q99UX4,1
Q99V45,2
Q99VG8,1
Q99W47,1
Q99W51,1
Q99WU4,2
Q99X56,1
Q99XG5,11
Q99XL4,1
Q99XS4,1
Q99XU0,2
Q99XV3,1
Q99YA0,2
Q99YP5,1
Q99YP9,1
Q99YR1,1
Q99YR7,1
Q99YS3,1
Q99YS8,3
Q99YU7,3
Q99Z19,1
Q99Z67,2
Q99ZN4,4
Q99ZS1,1
Q99ZV9,1
Q99ZW0,1
Q99ZW2,19
Q99ZZ7,1
Q9A076,1
Q9A097,1
Q9A0B9,2
Q9A0E2,1
Q9A0F9,2
Q9A0G6,1
Q9A0M1,2
Q9A0M7,1
Q9A0T1,1
Q9A0T4,1
Q9A119,1
Q9A120,1
Q9A156,1
Q9A180,1
Q9A1B7,3
Q9A1G2,1
Q9A1H8,1
Q9A1N7,1
Q9A1S1,1
Q9A1S2,3
Q9A1S9,2
Q9A1Y0,1
Q9A216,1
Q9A226,1
Q9A2G8,1
Q9A2S9,1
Q9A2T6,2
Q9A310,3
Q9A385,2
Q9A395,1
Q9A495,1
Q9A4T4,1
Q9A4Z9,1
Q9A585,1
Q9A5E6,1
Q9A5I0,6
Q9A5I4,5
Q9A5U0,2
Q9A628,1
Q9A6F5,1
Q9A6G2,1
Q9A6I1,1
Q9A6Q5,2
Q9A749,1
Q9A7H8,1
Q9A874,1
Q9A8X3,5
Q9A919,1
Q9A980,1
Q9A999,1
Q9A9C4,1
Q9A9H3,3
Q9A9Z1,3
Q9AAF5,6
Q9AAP0,1
Q9AAR4,2
Q9AAR9,2
Q9AAV3,1
Q9ABH2,1
Q9ABM7,1
Q9ABT2,1
Q9ABV9,2
Q9ABX9,1
Q9AC34,2
Q9AC35,2
Q9ADD9,1
Q9ADP7,1
Q9ADS9,2
Q9AE70,3
Q9AE79,1
Q9AEM1,1
Q9AEM2,2
Q9AF14,1
Q9AFC7,1
Q9AFI5,1
Q9AG27,2
Q9AGA6,2
Q9AGB1,1
Q9AGH8,8
Q9AGJ5,3
Q9AGP8,4
Q9AGY4,8
Q9AHD4,3
Q9AIU0,8
Q9AIU7,6
Q9AIX7,4
Q9AJ26,12
Q9AJC4,4
Q9AJF5,4
Q9AJF8,5
Q9AJM4,1
Q9AJN7,1
Q9AJS0,6
Q9AJW7,4
Q9AL82,2
Q9AL91,1
Q9AL95,1
Q9ALM7,1
Q9ALM8,3
Q9ALM9,2
Q9ALN7,1
Q9ALS3,1
Q9ALS4,1
Q9ALS9,5
Q9ALU0,3
Q9ALW2,5
Q9ALY0,1
Q9ALZ1,2
Q9AM02,5
Q9AMH9,3
Q9AMP1,20
Q9APF7,1
Q9AQ17,5
Q9AQ22,2
Q9AQH8,1
Q9AQQ8,4
Q9AQS0,7
Q9AR79,4
Q9ASY9,2
Q9ATH2,1
Q9AXZ2,1
Q9AYP9,1
Q9AYY6,31
Q9AYZ3,3
Q9AZ01,1
Q9AZ42,1
Q9AZ56,1
Q9BCW3,2
Q9BE39,5
Q9BE97,1
Q9BH77,6
Q9BHB0,1
Q9BHM6,2
Q9BHT8,3
Q9BI08,3
Q9BJ39,1
Q9BJD3,1
Q9BJF5,36
Q9BJJ9,12
Q9BKE2,1
Q9BMI9,12
Q9BPU6,2
Q9BPX1,31
Q9BPX6,1
Q9BPZ2,1
Q9BPZ3,2
Q9BPZ7,2
Q9BQ15,4
Q9BQ50,1
Q9BQ51,1
Q9BQ65,5
Q9BQ69,2
Q9BQ90,2
Q9BQA1,31
Q9BQB4,1
Q9BQB6,3
Q9BQE4,3
Q9BQE5,1
Q9BQF6,2
Q9BQI0,2
Q9BQI5,1
Q9BQI6,1
Q9BQP7,3
Q9BQQ3,2
Q9BQS8,3
Q9BR01,1
Q9BRA2,1
Q9BRG1,1
Q9BRJ7,5
Q9BRQ0,3
Q9BRQ3,33
Q9BRQ8,4
Q9BRR9,3
Q9BRS2,1
Q9BRT9,2
Q9BRV8,3
Q9BRX5,2
Q9BS16,1
Q9BS26,3
Q9BS40,1
Q9BSB4,4
Q9BSD3,1
Q9BSF0,1
Q9BSH5,1
Q9BSI4,3
Q9BSM1,2
Q9BSQ5,4
Q9BSV6,1
Q9BT30,2
Q9BT73,2
Q9BT78,1
Q9BTC0,1
Q9BTE3,1
Q9BTL3,1
Q9BTM1,1
Q9BTP7,2
Q9BTT0,1
Q9BTU6,1
Q9BTZ2,1
Q9BU02,2
Q9BU89,2
Q9BUA3,2
Q9BUB5,2
Q9BUD6,1
Q9BUF7,1
Q9BUH6,1
Q9BUL8,6
Q9BUL9,1
Q9BUN8,1
Q9BUP3,1
Q9BUQ8,1
Q9BUT1,1
Q9BUZ4,2
Q9BV20,2
Q9BV23,1
Q9BV40,1
Q9BV47,4
Q9BV73,1
Q9BV79,4
Q9BV86,16
Q9BVA6,7
Q9BVG8,1
Q9BVI0,5
Q9BVJ7,2
Q9BVL2,3
Q9BVM4,3
Q9BVN2,1
Q9BVS4,3
Q9BVS5,1
Q9BW19,1
Q9BW61,1
Q9BW62,1
Q9BW91,2
Q9BWD1,2
Q9BWF2,1
Q9BWG4,2
Q9BWJ5,1
Q9BWK5,1
Q9BWP8,1
Q9BWU0,1
Q9BWV1,2
Q9BX63,3
Q9BX66,5
Q9BX68,9
Q9BX70,1
Q9BXB1,3
Q9BXD5,1
Q9BXF3,2
Q9BXH1,9
Q9BXJ0,2
Q9BXJ7,1
Q9BXL7,1
Q9BXR0,2
Q9BXR5,1
Q9BXS1,1
Q9BXT4,1
Q9BXU0,4
Q9BXV9,1
Q9BXW4,3
Q9BXW6,3
Q9BXX3,1
Q9BY14,1
Q9BY32,3
Q9BY41,40
Q9BY43,2
Q9BY49,1
Q9BY67,2
Q9BY76,4
Q9BY84,2
Q9BYB0,2
Q9BYC5,6
Q9BYE9,1
Q9BYF1,11
Q9BYH8,1
Q9BYJ1,1
Q9BYJ9,4
Q9BYM8,3
Q9BYN0,4
Q9BYP7,6
Q9BYT8,4
Q9BYV2,1
Q9BYV9,2
Q9BYW2,23
Q9BYX4,2
Q9BZ11,2
Q9BZ23,1
Q9BZ29,3
Q9BZ95,16
Q9BZE9,1
Q9BZF1,2
Q9BZI7,1
Q9BZK7,1
Q9BZL1,1
Q9BZL6,3
Q9BZP6,8
Q9BZR6,1
Q9BZX2,4
Q9BZZ5,1
Q9C000,4
Q9C004,1
Q9C005,5
Q9C019,1
Q9C026,1
Q9C029,8
Q9C040,3
Q9C0A0,1
Q9C0B1,11
Q9C0C4,1
Q9C0D0,6
Q9C0D3,3
Q9C0F1,1
Q9C0J8,1
Q9C0L9,1
Q9C0Z9,1
Q9C168,1
Q9C169,8
Q9C171,11
Q9C1B7,2
Q9C1S9,11
Q9C2K9,1
Q9C3Y6,7
Q9C4M4,1
Q9C4Z5,2
Q9C552,1
Q9C5D0,2
Q9C5U0,9
Q9C6D2,1
Q9C6M5,1
Q9C8E7,3
Q9C8L2,1
Q9C8L4,1
Q9C932,2
Q9C9C9,2
Q9C9D0,1
Q9C9G4,5
Q9C9Q4,1
Q9CA40,6
Q9CA59,2
Q9CAD0,2
Q9CAI5,1
Q9CAJ0,16
Q9CAK8,1
Q9CAQ2,4
Q9CBM1,1
Q9CCZ4,2
Q9CDU5,5
Q9CDV0,1
Q9CE95,1
Q9CED0,6
Q9CES5,5
Q9CF33,1
Q9CFW7,1
Q9CFW8,1
Q9CGI7,1
Q9CH80,1
Q9CHK5,1
Q9CHR1,2
Q9CI64,1
Q9CIV6,2
Q9CIV7,1
Q9CIV8,1
Q9CIV9,1
Q9CIW0,2
Q9CJC1,1
Q9CKB0,5
Q9CKB3,1
Q9CMF4,1
Q9CMF5,1
Q9CP67,2
Q9CPH9,1
Q9CPT3,1
Q9CPU0,7
Q9CQ48,1
Q9CQJ2,1
Q9CQJ4,1
Q9CQP2,2
Q9CQT7,1
Q9CQV6,2
Q9CQV8,4
Q9CS84,3
Q9CU62,1
Q9CUU3,1
Q9CW03,1
Q9CW46,2
Q9CWH4,2
Q9CWU5,1
Q9CXI5,2
Q9CXV0,2
Q9CXY6,1
Q9CYK2,1
Q9CZL5,2
Q9CZP0,1
Q9CZP5,1
Q9CZW6,1
Q9D020,10
Q9D0J4,2
Q9D0M2,5
Q9D0P5,1
Q9D1A2,2
Q9D1F3,3
Q9D2U9,2
Q9D2Y4,2
Q9D309,2
Q9D358,1
Q9D394,1
Q9D4J1,1
Q9D4V7,3
Q9D5V5,1
Q9D666,1
Q9D6Y7,1
Q9D752,3
Q9D777,5
Q9D7V9,1
Q9D8L4,1
Q9D8Q7,3
Q9D8T0,1
Q9D8T2,1
Q9D8U8,1
Q9D8V0,2
Q9D967,2
Q9D9B8,2
Q9D9J7,2
Q9D9X8,1
Q9DAR7,1
Q9DBD0,1
Q9DBE0,1
Q9DBG6,1
Q9DBG9,3
Q9DBL7,1
Q9DBV4,2
Q9DC23,5
Q9DC28,2
Q9DC50,4
Q9DCD6,1
Q9DCL8,1
Q9DCN1,1
Q9DCX8,3
Q9DEA6,1
Q9DEF8,3
Q9DEF9,1
Q9DER5,1
Q9DEW5,1
Q9DF33,1
Q9DF52,2
Q9DFY5,2
Q9DGB9,2
Q9DGJ7,1
Q9DHS8,1
Q9DHU6,2
Q9DHU8,1
Q9DIT6,2
Q9DL16,1
Q9DQX7,1
Q9DTZ2,3
Q9DUN0,1
Q9E006,2
Q9E148,1
Q9E2G5,1
Q9E3M8,2
Q9E6F8,1
Q9E7M1,4
Q9E7N7,1
Q9EB08,1
Q9ELS6,1
Q9ELS8,1
Q9EP80,1
Q9EPC6,1
Q9EPH0,6
Q9EPU5,1
Q9EQF4,1
Q9EQG7,2
Q9EQK5,2
Q9EQU3,6
Q9EQW7,1
Q9EQZ5,4
Q9EQZ6,2
Q9ER30,1
Q9ER39,1
Q9ER97,38
Q9ERC5,1
Q9ERE3,2
Q9ERE7,1
Q9ERI2,1
Q9ERK0,1
Q9ERL7,1
Q9ERR1,1
Q9ES28,1
Q9ES52,1
Q9ES57,1
Q9ES67,3
Q9ES89,3
Q9ESK4,1
Q9ESN4,5
Q9ESU6,7
Q9ESV6,2
Q9ESY9,1
Q9ET47,2
Q9EU31,1
Q9EU62,1
Q9EV83,2
Q9EV84,4
Q9EV85,4
Q9EVD7,2
Q9EVJ6,3
Q9EVR0,1
Q9EVR1,1
Q9EW92,2
Q9EWH2,1
Q9EX54,1
Q9EXR0,1
Q9EXR9,2
Q9EXV5,3
Q9EY50,7
Q9EY88,2
Q9EYI0,2
Q9EYL5,3
Q9EYQ2,2
Q9EYW6,2
Q9EYX5,1
Q9EZJ8,5
Q9F0J6,1
Q9F0J8,3
Q9F0R1,1
Q9F103,3
Q9F118,4
Q9F172,1
Q9F1K9,26
Q9F1L5,26
Q9F1R2,1
Q9F1R6,26
Q9F1R7,1
Q9F1X5,1
Q9F1Y5,2
Q9F1Y6,4
Q9F2F0,1
Q9F377,2
Q9F3A5,2
Q9F3C7,2
Q9F3S9,1
Q9F4C9,1
Q9F4D5,3
Q9F4L3,3
Q9F5I8,2
Q9F5K5,2
Q9F5K6,1
Q9F5Q9,3
Q9F5X9,1
Q9F663,62
Q9F6D3,1
Q9F6D4,1
Q9F6L0,5
Q9F6Z3,1
Q9F7G8,2
Q9F7L3,3
Q9F865,1
Q9F8A8,23
Q9F8C4,1
Q9F8T9,1
Q9F9M5,1
Q9F9T2,3
Q9F9T3,1
Q9FA38,2
Q9FBC2,3
Q9FBC5,2
Q9FBI2,2
Q9FBL8,1
Q9FBN7,2
Q9FBX0,1
Q9FCA6,7
Q9FCA7,1
Q9FCE4,2
Q9FD68,6
Q9FD71,5
Q9FD73,10
Q9FD84,2
Q9FD87,1
Q9FDD4,3
Q9FDF2,2
Q9FDJ9,3
Q9FDS0,2
Q9FE22,1
Q9FE63,1
Q9FE86,1
Q9FEB5,2
Q9FEW9,29
Q9FEY4,1
Q9FFF5,1
Q9FG13,3
Q9FG77,1
Q9FGJ3,2
Q9FGT8,1
Q9FH09,1
Q9FH97,2
Q9FHD7,3
Q9FHN8,2
Q9FHP6,1
Q9FI21,1
Q9FI46,2
Q9FI56,1
Q9FI78,3
Q9FIC3,1
Q9FIE3,3
Q9FIG9,2
Q9FIP9,8
Q9FIW4,1
Q9FK51,5
Q9FKT1,1
Q9FKW0,2
Q9FKZ2,1
Q9FL12,4
Q9FLI7,2
Q9FLP6,1
Q9FLR1,1
Q9FMZ0,1
Q9FN03,13
Q9FNB0,1
Q9FNG3,2
Q9FPQ6,1
Q9FQE8,1
Q9FR39,1
Q9FR44,1
Q9FRL8,1
Q9FRV0,3
Q9FSG7,1
Q9FU53,1
Q9FUH3,1
Q9FUJ1,2
Q9FUP0,2
Q9FUZ2,10
Q9FV53,3
Q9FVC8,2
Q9FVQ6,5
Q9FWR4,3
Q9FXT4,1
Q9FYE1,3
Q9FYS3,3
Q9FYU1,6
Q9FYY0,6
Q9FZA0,1
Q9FZN8,1
Q9FZT1,1
Q9FZW3,1
Q9G096,7
Q9GIP6,1
Q9GJ77,3
Q9GK11,1
Q9GK12,19
Q9GL10,1
Q9GL30,1
Q9GN60,4
Q9GNK5,2
Q9GPI6,1
Q9GPL8,1
Q9GPQ4,10
Q9GPZ4,1
Q9GPZ9,1
Q9GQG7,1
Q9GQW3,1
Q9GRG6,3
Q9GRW0,1
Q9GRZ3,1
Q9GSA6,1
Q9GSQ9,1
Q9GSV7,3
Q9GT24,1
Q9GTP0,1
Q9GTX8,1
Q9GU80,1
Q9GV41,1
Q9GV45,2
Q9GYI0,7
Q9GZ28,10
Q9GZL7,1
Q9GZM8,1
Q9GZN7,1
Q9GZQ8,42
Q9GZS3,1
Q9GZT4,11
Q9GZT6,1
Q9GZT9,56
Q9GZU1,3
Q9GZU2,1
Q9GZU7,10
Q9GZV5,11
Q9GZV9,2
Q9GZX6,4
Q9GZX7,1
Q9GZY6,1
Q9GZZ1,9
Q9GZZ9,7
Q9H008,1
Q9H040,2
Q9H063,1
Q9H074,1
Q9H082,2
Q9H095,2
Q9H0F5,3
Q9H0F6,2
Q9H0F7,1
Q9H0H5,6
Q9H0J9,3
Q9H0M0,3
Q9H0N5,1
Q9H0P0,1
Q9H0R4,1
Q9H0R8,10
Q9H0S4,1
Q9H0U4,4
Q9H0W5,1
Q9H0W9,1
Q9H0Z9,2
Q9H147,1
Q9H161,2
Q9H165,5
Q9H169,5
Q9H171,2
Q9H173,1
Q9H1A4,1
Q9H1K0,3
Q9H1K1,6
Q9H1K6,2
Q9H1R2,1
Q9H1Y0,2
Q9H227,4
Q9H244,1
Q9H251,1
Q9H257,3
Q9H2A1,1
Q9H2C0,1
Q9H2F5,1
Q9H2G2,5
Q9H2H0,1
Q9H2H8,2
Q9H2K2,178
Q9H2K8,1
Q9H2S1,5
Q9H2U1,1
Q9H2X3,6
Q9H2X6,1
Q9H347,1
Q9H361,1
Q9H3D4,12
Q9H3H3,2
Q9H3H5,1
Q9H3L0,3
Q9H3M7,9
Q9H3P7,6
Q9H3R0,6
Q9H3R5,1
Q9H3S4,1
Q9H3S7,9
Q9H410,1
Q9H422,1
Q9H444,3
Q9H461,2
Q9H477,10
Q9H479,6
Q9H488,2
Q9H492,13
Q9H4A3,5
Q9H4B4,1
Q9H4B8,1
Q9H4G4,3
Q9H4H8,2
Q9H4L5,1
Q9H4M3,1
Q9H4M7,3
Q9H4P4,2
Q9H4Q4,1
Q9H4W6,1
Q9H4Y5,3
Q9H5I1,2
Q9H5P4,1
Q9H5Q4,1
Q9H5X1,2
Q9H611,5
Q9H668,2
Q9H672,1
Q9H694,3
Q9H6I2,1
Q9H6K1,1
Q9H6L5,1
Q9H6P5,4
Q9H6Q3,1
Q9H6S0,1
Q9H6S1,4
Q9H6T3,2
Q9H6W3,7
Q9H6X2,1
Q9H6Y2,1
Q9H6Z4,2
Q9H773,1
Q9H777,1
Q9H790,1
Q9H792,1
Q9H7B4,30
Q9H7E2,6
Q9H7M9,3
Q9H7P6,1
Q9H7X0,5
Q9H7Z6,26
Q9H816,3
Q9H832,1
Q9H840,2
Q9H867,1
Q9H8M2,45
Q9H8M5,2
Q9H8S9,8
Q9H8V3,1
Q9H8Y8,2
Q9H903,1
Q9H993,2
Q9H999,12
Q9H9A7,4
Q9H9B1,16
Q9H9E1,6
Q9H9E3,1
Q9H9H4,1
Q9H9L4,1
Q9H9Q4,2
Q9H9S5,7
Q9H9Z2,1
Q9HA47,1
Q9HAB8,2
Q9HAC7,2
Q9HAD4,1
Q9HAN9,4
Q9HAQ2,1
Q9HAR2,1
Q9HAT8,1
Q9HAU4,4
Q9HAU5,2
Q9HAW0,2
Q9HAW4,1
Q9HAZ1,1
Q9HAZ2,1
Q9HB20,1
Q9HB21,1
Q9HB29,3
Q9HB71,2
Q9HB90,2
Q9HB96,1
Q9HBB8,1
Q9HBD1,2
Q9HBE5,2
Q9HBH1,2
Q9HBH9,1
Q9HBI1,2
Q9HBL8,4
Q9HC16,11
Q9HC38,1
Q9HC52,2
Q9HC62,3
Q9HC77,3
Q9HCB6,3
Q9HCC1,1
Q9HCD5,3
Q9HCE0,1
Q9HCE5,55
Q9HCE7,2
Q9HCG8,1
Q9HCH5,7
Q9HCJ0,3
Q9HCJ6,1
Q9HCK4,2
Q9HCK5,1
Q9HCM2,1
Q9HCN6,6
Q9HCP0,1
Q9HCU8,1
Q9HCU9,2
Q9HD26,33
Q9HD34,7
Q9HD36,1
Q9HD40,3
Q9HD42,1
Q9HD67,3
Q9HDC5,1
Q9HDQ0,1
Q9HEU1,1
Q9HFE4,3
Q9HFH0,2
Q9HFV6,1
Q9HGN2,2
Q9HGR1,3
Q9HGT6,3
Q9HGT7,1
Q9HI36,1
Q9HIA7,1
Q9HIB8,1
Q9HIC5,1
Q9HIG7,1
Q9HII6,1
Q9HIL9,1
Q9HIM5,1
Q9HIN1,3
Q9HIP1,1
Q9HIP2,1
Q9HIT9,1
Q9HIW7,1
Q9HIW9,1
Q9HIX0,1
Q9HIY5,1
Q9HIZ7,1
Q9HJ28,1
Q9HJ63,1
Q9HJA6,2
Q9HJC9,1
Q9HJH3,1
Q9HJH4,1
Q9HJI4,1
Q9HJM3,1
Q9HJN6,2
Q9HJT3,1
Q9HJU1,2
Q9HJV5,1
Q9HJW1,1
Q9HJW5,1
Q9HJY3,1
Q9HJZ0,1
Q9HK01,2
Q9HK10,1
Q9HK35,1
Q9HK51,3
Q9HKE7,1
Q9HKI3,12
Q9HKJ8,1
Q9HKL4,2
Q9HKS9,1
Q9HKT1,5
Q9HKT8,1
Q9HKV6,1
Q9HKW2,1
Q9HKY9,1
Q9HL57,4
Q9HL84,1
Q9HLB6,2
Q9HLD9,2
Q9HLL5,1
Q9HLN2,1
Q9HLN3,1
Q9HLQ2,2
Q9HLW6,1
Q9HLX1,2
Q9HLX5,1
Q9HM14,2
Q9HMP7,4
Q9HPW4,5
Q9HQM9,1
Q9HRE7,2
Q9HSF4,7
Q9HSF6,2
Q9HT32,2
Q9HT57,1
Q9HT65,1
Q9HT68,1
Q9HT86,2
Q9HT87,4
Q9HTB6,1
Q9HTC2,1
Q9HTD9,1
Q9HTJ1,6
Q9HTK8,1
Q9HTK9,2
Q9HTL4,2
Q9HTQ2,1
Q9HTR2,2
Q9HTW3,1
Q9HTW6,1
Q9HTY7,1
Q9HTY8,2
Q9HTZ1,4
Q9HTZ2,1
Q9HU04,2
Q9HU05,1
Q9HU15,1
Q9HU18,1
Q9HU21,4
Q9HU22,25
Q9HU36,1
Q9HU57,2
Q9HU77,5
Q9HU79,1
Q9HU95,1
Q9HU96,1
Q9HUA0,1
Q9HUE3,1
Q9HUF7,1
Q9HUH4,1
Q9HUI1,1
Q9HUI5,1
Q9HUJ3,1
Q9HUK6,5
Q9HUL9,3
Q9HUM0,11
Q9HUN4,1
Q9HUP2,7
Q9HUP3,2
Q9HUQ6,1
Q9HUR5,2
Q9HUS3,1
Q9HUT3,1
Q9HUT5,3
Q9HUT7,1
Q9HUU1,1
Q9HUU7,5
Q9HUV7,1
Q9HUX5,5
Q9HUY3,1
Q9HV00,1
Q9HV14,21
Q9HV27,1
Q9HV82,1
Q9HV83,1
Q9HV84,2
Q9HV97,1
Q9HVA2,1
Q9HVA8,3
Q9HVB9,6
Q9HVC1,4
Q9HVC3,8
Q9HVD1,1
Q9HVF8,2
Q9HVH5,1
Q9HVI1,2
Q9HVI8,3
Q9HVJ6,1
Q9HVM8,1
Q9HVP2,1
Q9HVP3,1
Q9HVR0,1
Q9HVT1,1
Q9HVT6,1
Q9HVU1,1
Q9HVW7,1
Q9HVW9,1
Q9HVX1,3
Q9HVZ0,2
Q9HVZ7,2
Q9HW01,1
Q9HW02,4
Q9HW09,1
Q9HW16,1
Q9HW26,1
Q9HW69,1
Q9HW71,2
Q9HW72,1
Q9HW93,1
Q9HW97,1
Q9HWC1,2
Q9HWF9,7
Q9HWG9,2
Q9HWH2,1
Q9HWH7,1
Q9HWH9,1
Q9HWJ0,1
Q9HWJ1,4
Q9HWL8,2
Q9HWP4,2
Q9HWP6,1
Q9HWT0,2
Q9HWU0,2
Q9HWU3,1
Q9HWU9,3
Q9HWW1,1
Q9HWW2,1
Q9HWW5,1
Q9HWX7,2
Q9HWY4,6
Q9HWZ6,1
Q9HX08,10
Q9HX10,1
Q9HX21,3
Q9HX24,2
Q9HX28,3
Q9HX36,1
Q9HX49,1
Q9HX69,1
Q9HX72,6
Q9HXA5,2
Q9HXB1,2
Q9HXC7,1
Q9HXE3,7
Q9HXE7,1
Q9HXH0,1
Q9HXH7,7
Q9HXI4,1
Q9HXJ2,2
Q9HXJ7,1
Q9HXK8,1
Q9HXM1,7
Q9HXM5,7
Q9HXN1,6
Q9HXQ0,1
Q9HXS0,1
Q9HXS2,1
Q9HXS8,5
Q9HXT9,3
Q9HXU1,1
Q9HXU4,1
Q9HXV5,1
Q9HXX5,1
Q9HXY1,3
Q9HXY6,2
Q9HXY7,1
Q9HY15,1
Q9HY38,1
Q9HY51,1
Q9HY69,3
Q9HY79,33
Q9HY80,4
Q9HY82,1
Q9HY91,5
Q9HYA2,2
Q9HYB0,1
Q9HYC4,5
Q9HYC5,6
Q9HYE3,1
Q9HYF1,1
Q9HYH1,2
Q9HYK7,2
Q9HYL8,1
Q9HYN5,55
Q9HYP4,1
Q9HYQ0,1
Q9HYQ4,1
Q9HYQ6,1
Q9HYQ7,1
Q9HYR0,2
Q9HYR2,1
Q9HYR3,2
Q9HYR6,1
Q9HYR9,1
Q9HYV3,1
Q9HYX1,1
Q9HYX7,1
Q9HYZ3,4
Q9HZ11,1
Q9HZ23,1
Q9HZ64,2
Q9HZ66,1
Q9HZ76,6
Q9HZ91,1
Q9HZA6,2
Q9HZC0,1
Q9HZE1,1
Q9HZE4,3
Q9HZE7,4
Q9HZF5,1
Q9HZH0,1
Q9HZI6,2
Q9HZJ8,1
Q9HZJ9,1
Q9HZK0,4
Q9HZM5,1
Q9HZM7,5
Q9HZN6,1
Q9HZN8,7
Q9HZP8,1
Q9HZQ0,2
Q9HZU6,1
Q9HZV7,1
Q9HZV9,1
Q9HZW0,1
Q9HZX3,2
Q9HZY8,1
Q9HZZ1,4
Q9HZZ2,2
Q9HZZ3,1
Q9I000,3
Q9I012,3
Q9I042,1
Q9I055,1
Q9I063,1
Q9I0B9,1
Q9I0C1,1
Q9I0D9,5
Q9I0E0,1
Q9I0F2,3
Q9I0H2,1
Q9I0I4,1
Q9I0K4,1
Q9I0M3,3
Q9I0M4,1
Q9I0M6,3
Q9I0N4,1
Q9I0N5,1
Q9I0P6,1
Q9I0P9,1
Q9I0Q8,1
Q9I0R8,1
Q9I0V9,1
Q9I0Y7,3
Q9I0Z0,1
Q9I109,1
Q9I111,1
Q9I116,3
Q9I169,1
Q9I174,4
Q9I184,1
Q9I185,1
Q9I188,2
Q9I194,18
Q9I1H3,1
Q9I1K2,1
Q9I1L3,1
Q9I1L4,2
Q9I1L5,1
Q9I1N2,5
Q9I1P7,1
Q9I1R6,1
Q9I1S1,1
Q9I1S4,1
Q9I1U6,1
Q9I1X7,5
Q9I202,2
Q9I208,3
Q9I229,6
Q9I234,1
Q9I243,3
Q9I297,1
Q9I2A0,1
Q9I2B5,1
Q9I2C4,2
Q9I2D8,2
Q9I2H0,2
Q9I2J4,4
Q9I2Q0,2
Q9I2Q1,8
Q9I2Q9,1
Q9I2R0,1
Q9I2T2,3
Q9I2U6,1
Q9I2U8,1
Q9I2V0,5
Q9I2V3,1
Q9I2W7,1
Q9I2X1,1
Q9I2Y2,2
Q9I310,1
Q9I311,7
Q9I317,1
Q9I318,1
Q9I325,2
Q9I332,1
Q9I377,2
Q9I380,1
Q9I398,1
Q9I3A0,2
Q9I3A4,5
Q9I3B1,2
Q9I3B4,1
Q9I3B5,1
Q9I3B8,1
Q9I3C8,1
Q9I3D1,1
Q9I3E3,1
Q9I3E9,1
Q9I3H9,1
Q9I3J6,1
Q9I3K2,2
Q9I3K3,2
Q9I3M0,1
Q9I3N0,1
Q9I3N1,2
Q9I3S3,1
Q9I3U1,1
Q9I3W7,1
Q9I3W9,1
Q9I3X0,1
Q9I3Y6,1
Q9I3Z5,1
Q9I430,1
Q9I434,1
Q9I437,1
Q9I476,1
Q9I494,1
Q9I498,1
Q9I4A4,1
Q9I4B7,1
Q9I4D2,1
Q9I4D4,1
Q9I4D6,1
Q9I4E3,2
Q9I4G8,2
Q9I4H0,1
Q9I4H2,1
Q9I4I1,1
Q9I4K6,5
Q9I4L4,7
Q9I4L6,8
Q9I4Q0,1
Q9I4U4,2
Q9I4U5,2
Q9I4V0,3
Q9I4W3,2
Q9I4X0,2
Q9I4X1,4
Q9I4X2,4
Q9I4X3,4
Q9I4Y4,1
Q9I4Z5,1
Q9I502,3
Q9I509,1
Q9I530,2
Q9I537,1
Q9I561,2
Q9I562,1
Q9I574,1
Q9I580,2
Q9I596,2
Q9I5A7,1
Q9I5B8,1
Q9I5C5,1
Q9I5C9,1
Q9I5D1,1
Q9I5E2,2
Q9I5E3,2
Q9I5E5,1
Q9I5E6,1
Q9I5F3,6
Q9I5I4,2
Q9I5I6,2
Q9I5I9,5
Q9I5L8,4
Q9I5Q5,4
Q9I5U4,1
Q9I5W0,1
Q9I5W4,4
Q9I5Y8,1
Q9I609,2
Q9I610,2
Q9I612,2
Q9I636,2
Q9I638,1
Q9I640,1
Q9I641,1
Q9I656,1
Q9I676,6
Q9I685,5
Q9I686,3
Q9I690,1
Q9I6A3,1
Q9I6A7,1
Q9I6C2,1
Q9I6D1,1
Q9I6D2,1
Q9I6D8,1
Q9I6G0,1
Q9I6G1,1
Q9I6J0,2
Q9I6J1,1
Q9I6J2,2
Q9I6J4,3
Q9I6K2,2
Q9I6M1,2
Q9I6N0,1
Q9I6N5,4
Q9I6P8,2
Q9I6R5,1
Q9I6S6,2
Q9I6S7,2
Q9I6T0,1
Q9I6V6,3
Q9I6W0,1
Q9I6W1,1
Q9I6W2,3
Q9I6Y4,1
Q9I700,3
Q9I707,1
Q9I708,1
Q9I710,2
Q9I717,1
Q9I738,1
Q9I739,2
Q9I740,2
Q9I741,1
Q9I742,1
Q9I746,3
Q9I747,1
Q9I749,2
Q9I752,1
Q9I754,1
Q9I756,1
Q9I757,1
Q9I774,2
Q9I788,2
Q9I7A8,4
Q9I7B4,1
Q9I7C2,4
Q9I7C4,3
Q9I7D3,1
Q9I834,10
Q9I840,2
Q9I841,2
Q9I8I2,1
Q9I8L5,3
Q9I8X1,2
Q9I983,2
Q9I9N6,2
Q9IAM1,2
Q9IAT9,7
Q9ICB7,1
Q9IFX1,3
Q9IGQ6,5
Q9IH62,3
Q9IH63,2
Q9IJQ0,2
Q9IK91,4
Q9IK92,1
Q9IMM3,1
Q9IP53,1
Q9IPJ8,1
Q9IPS9,1
Q9IVQ4,1
Q9J006,7
Q9J0Y0,2
Q9J2P7,1
Q9J2R0,1
Q9J3E8,1
Q9J563,2
Q9J5G4,2
Q9J7C6,2
Q9JAU9,1
Q9JFS5,1
Q9JHD1,1
Q9JHD2,1
Q9JHF9,2
Q9JHJ3,1
Q9JHS3,5
Q9JHU4,1
Q9JHW2,1
Q9JI51,1
Q9JI60,1
Q9JI78,7
Q9JI92,3
Q9JIE6,1
Q9JIH2,1
Q9JIH7,5
Q9JII6,1
Q9JIK5,1
Q9JIL4,5
Q9JIP3,1
Q9JIP7,1
Q9JIP9,1
Q9JIQ2,1
Q9JIR4,1
Q9JIS1,2
Q9JIW4,5
Q9JIY2,1
Q9JJN6,1
Q9JJP9,1
Q9JJV2,2
Q9JJX7,14
Q9JK66,1
Q9JK83,2
Q9JKE2,1
Q9JKF6,1
Q9JKV1,1
Q9JL75,1
Q9JL85,1
Q9JLB2,1
Q9JLS3,2
Q9JLT4,1
Q9JLU4,9
Q9JLV6,8
Q9JM14,2
Q9JMA2,3
Q9JMB7,1
Q9JMB8,1
Q9JMI7,1
Q9JMX9,1
Q9JN36,4
Q9JN69,2
Q9JN89,2
Q9JPG4,2
Q9JPP1,1
Q9JPT2,1
Q9JRY6,1
Q9JS17,1
Q9JWM8,7
Q9JXC6,1
Q9JXD8,1
Q9JXK6,1
Q9JXP1,8
Q9JXU4,1
Q9JXV4,11
Q9JXW7,1
Q9JY98,1
Q9JYH5,1
Q9JYL1,1
Q9JYL2,5
Q9JYM0,1
Q9JYV4,10
Q9JZ38,6
Q9JZ41,1
Q9JZ43,1
Q9JZ55,18
Q9JZC8,1
Q9JZE9,1
Q9JZG1,1
Q9JZJ4,2
Q9JZN9,1
Q9JZR4,1
Q9JZW6,2
Q9K054,1
Q9K082,1
Q9K0A8,1
Q9K0A9,4
Q9K0G4,1
Q9K0I2,1
Q9K0L9,1
Q9K0P4,2
Q9K0P8,2
Q9K0R7,1
Q9K0T5,1
Q9K0V0,1
Q9K0Z4,1
Q9K100,4
Q9K129,1
Q9K169,19
Q9K189,3
Q9K1H8,1
Q9K1N1,2
Q9K1R4,1
Q9K2J6,1
Q9K2L5,1
Q9K2N0,70
Q9K395,1
Q9K3C5,1
Q9K3C9,2
Q9K3D3,2
Q9K3L0,1
Q9K3V1,2
Q9K463,1
Q9K492,3
Q9K499,30
Q9K4F8,1
Q9K4U1,17
Q9K578,3
Q9K597,2
Q9K5C7,1
Q9K5E4,3
Q9K5F2,3
Q9K5J5,1
Q9K5V7,1
Q9K5W1,1
Q9K6A7,1
Q9K6M5,2
Q9K6P2,1
Q9K6P5,1
Q9K6V7,1
Q9K6Z0,1
Q9K704,1
Q9K772,1
Q9K7B8,1
Q9K7N6,1
Q9K8A4,2
Q9K8I2,1
Q9K8V3,1
Q9K901,1
Q9K943,2
Q9K973,1
Q9K9B2,1
Q9K9C9,1
Q9K9G5,1
Q9K9K7,1
Q9K9M4,1
Q9KA76,1
Q9KA87,1
Q9KA88,1
Q9KAC3,2
Q9KAD1,1
Q9KAF6,1
Q9KAG4,1
Q9KAG8,1
Q9KAM0,1
Q9KAQ0,2
Q9KAX6,1
Q9KB30,8
Q9KB42,1
Q9KBC9,1
Q9KBG0,1
Q9KBQ3,1
Q9KBQ5,1
Q9KBS5,1
Q9KCC6,1
Q9KCH6,1
Q9KCP9,1
Q9KCS7,1
Q9KCU1,1
Q9KCV1,1
Q9KD11,2
Q9KD67,1
Q9KD90,1
Q9KDE1,1
Q9KDJ7,2
Q9KDP2,1
Q9KDT3,5
Q9KE47,2
Q9KEI9,88
Q9KEL0,1
Q9KEM5,1
Q9KEQ1,1
Q9KF54,1
Q9KF82,3
Q9KFA8,1
Q9KFE5,1
Q9KFH7,1
Q9KFI6,9
Q9KFR4,4
Q9KFV3,1
Q9KFX8,3
Q9KFY3,1
Q9KG76,13
Q9KGB0,1
Q9KGB8,1
Q9KGD7,5
Q9KGN3,1
Q9KH06,3
Q9KH42,8
Q9KHK2,12
Q9KHL8,2
Q9KHV6,3
Q9KI13,1
Q9KI21,1
Q9KID9,1
Q9KIE5,1
Q9KIH1,1
Q9KIJ7,1
Q9KIZ4,2
Q9KIZ9,1
Q9KJ88,2
Q9KJ90,2
Q9KJD0,3
Q9KJF1,1
Q9KJF2,1
Q9KJG6,1
Q9KJN4,2
Q9KJU4,3
Q9KJX5,2
Q9KJY7,3
Q9KK62,2
Q9KKG7,1
Q9KKG8,1
Q9KKL2,1
Q9KKM5,1
Q9KKP2,6
Q9KKS5,2
Q9KKU4,3
Q9KKY0,1
Q9KL03,13
Q9KL24,1
Q9KL26,3
Q9KL51,1
Q9KL63,2
Q9KL64,2
Q9KL65,1
Q9KL66,1
Q9KL67,1
Q9KLB0,1
Q9KLD5,3
Q9KLD9,1
Q9KLJ3,6
Q9KLK7,1
Q9KLL7,1
Q9KLZ6,1
Q9KM02,1
Q9KM17,1
Q9KM24,5
Q9KM65,5
Q9KMA5,1
Q9KMA6,2
Q9KMK9,1
Q9KMN1,3
Q9KMN9,1
Q9KMS2,1
Q9KMS8,2
Q9KMU2,1
Q9KMW1,1
Q9KMY3,1
Q9KN16,1
Q9KN41,2
Q9KN42,2
Q9KN50,1
Q9KN57,1
Q9KN60,1
Q9KN67,1
Q9KN86,2
Q9KN88,2
Q9KNC3,2
Q9KND6,1
Q9KNG2,2
Q9KNI7,1
Q9KNT2,1
Q9KNV2,1
Q9KNV7,1
Q9KP52,1
Q9KP62,1
Q9KPB6,1
Q9KPE6,1
Q9KPF0,1
Q9KPH6,1
Q9KPI8,1
Q9KPK1,1
Q9KPK8,1
Q9KPL5,3
Q9KPM0,3
Q9KPM2,1
Q9KPQ8,1
Q9KPS1,2
Q9KPV1,3
Q9KPY2,1
Q9KPY6,1
Q9KQ21,7
Q9KQ39,1
Q9KQ43,5
Q9KQ45,1
Q9KQ52,2
Q9KQ59,1
Q9KQG2,4
Q9KQG8,1
Q9KQH5,1
Q9KQH6,1
Q9KQH7,5
Q9KQH9,2
Q9KQI2,2
Q9KQJ1,1
Q9KQK3,1
Q9KQL9,1
Q9KQM4,1
Q9KQN0,1
Q9KQR5,1
Q9KQS3,1
Q9KQS5,1
Q9KQT7,2
Q9KQU8,1
Q9KQU9,1
Q9KQW0,1
Q9KQX2,1
Q9KR16,4
Q9KR41,1
Q9KR62,1
Q9KR64,4
Q9KRB0,2
Q9KRD9,1
Q9KRE7,2
Q9KRJ1,1
Q9KRQ7,1
Q9KRY7,1
Q9KS12,3
Q9KS45,1
Q9KS51,1
Q9KSE5,3
Q9KSI8,2
Q9KSM5,1
Q9KSQ2,1
Q9KSQ6,1
Q9KST7,1
Q9KSX0,1
Q9KSX6,1
Q9KT04,1
Q9KT56,1
Q9KT71,3
Q9KTB7,1
Q9KTC1,1
Q9KTF5,1
Q9KTH2,3
Q9KTI5,1
Q9KTI6,1
Q9KTK0,8
Q9KTK3,3
Q9KTL2,1
Q9KTQ6,1
Q9KTT6,1
Q9KTW3,7
Q9KTX9,1
Q9KTZ3,1
Q9KU16,1
Q9KU27,2
Q9KU37,5
Q9KUA1,1
Q9KUA3,4
Q9KUD7,1
Q9KUJ6,1
Q9KUL0,1
Q9KUL5,1
Q9KUS3,1
Q9KUV7,1
Q9KUY4,1
Q9KV17,7
Q9KV30,1
Q9KV40,1
Q9KVB4,1
Q9KVD2,3
Q9KVD5,1
Q9KVG7,10
Q9KVK4,1
Q9KVL7,1
Q9KVR1,1
Q9KVT3,2
Q9KVU3,1
Q9KVU4,1
Q9KVX8,1
Q9KVZ2,1
Q9KW03,1
Q9KW51,1
Q9KWK1,1
Q9KWN0,5
Q9KWR5,1
Q9KWR7,2
Q9KWS2,1
Q9KWS5,1
Q9KWT5,5
Q9KWT6,7
Q9KWU1,5
Q9KWU7,1
Q9KWY4,4
Q9KWY6,1
Q9KX08,3
Q9KX40,2
Q9KXR9,1
Q9KXS8,1
Q9KY22,1
Q9KYI9,1
Q9KYM4,1
Q9KYU4,2
Q9KZ14,1
Q9KZF5,2
Q9KZR7,1
Q9KZX2,1
Q9L068,3
Q9L069,3
Q9L074,2
Q9L0A2,2
Q9L0I7,1
Q9L0M9,1
Q9L0T8,7
Q9L132,1
Q9L142,1
Q9L1E4,2
Q9L1K2,16
Q9L2A7,1
Q9L2B5,1
Q9L2C2,9
Q9L2H5,1
Q9L387,7
Q9L422,1
Q9L4P2,7
Q9L4P8,3
Q9L4R5,3
Q9L4X0,1
Q9L523,2
Q9L543,5
Q9L5A4,2
Q9L5C7,34
Q9L5C8,32
Q9L5D6,3
Q9L5X8,1
Q9L6D3,1
Q9L6G4,2
Q9L6H1,1
Q9L6V3,7
Q9L794,1
Q9L7R9,2
Q9L816,1
Q9L868,1
Q9L869,1
Q9L8G8,4
Q9L915,6
Q9L9D7,16
Q9L9E5,1
Q9L9F2,1
Q9L9F3,1
Q9LA13,1
Q9LA15,5
Q9LA16,5
Q9LAG2,2
Q9LAK3,7
Q9LBG2,1
Q9LBJ0,9
Q9LBK2,1
Q9LBQ9,2
Q9LBR1,1
Q9LBR4,1
Q9LBW4,1
Q9LBX2,6
Q9LCB2,1
Q9LCC6,3
Q9LCC8,4
Q9LCQ7,7
Q9LCR3,1
Q9LCU8,3
Q9LCU9,3
Q9LCV0,1
Q9LCV7,2
Q9LCV9,6
Q9LCY2,4
Q9LD14,1
Q9LD28,4
Q9LDC0,1
Q9LDI3,1
Q9LEU8,2
Q9LEW8,1
Q9LF79,1
Q9LFG2,2
Q9LFM3,2
Q9LFT6,8
Q9LFU9,1
Q9LIG0,2
Q9LIR4,4
Q9LJ64,1
Q9LJL3,1
Q9LL41,1
Q9LL85,1
Q9LLQ2,4
Q9LLQ3,1
Q9LLY6,1
Q9LM59,1
Q9LM78,1
Q9LMA8,1
Q9LNF2,1
Q9LPR8,1
Q9LPZ1,3
Q9LQQ4,4
Q9LQT8,2
Q9LR64,1
Q9LRE3,1
Q9LS02,7
Q9LS03,1
Q9LSI9,2
Q9LSQ4,2
Q9LSV0,1
Q9LSX0,1
Q9LSX7,1
Q9LT15,2
Q9LT31,4
Q9LTJ1,1
Q9LU10,1
Q9LU64,1
Q9LUD9,1
Q9LUE2,2
Q9LUJ3,3
Q9LUT0,1
Q9LUV2,2
Q9LV40,1
Q9LV66,2
Q9LV91,5
Q9LVB8,1
Q9LVH4,4
Q9LVK3,1
Q9LVM5,1
Q9LW31,1
Q9LX29,1
Q9LX31,1
Q9LXT4,1
Q9LY46,1
Q9LYJ5,1
Q9LYP4,1
Q9LYU4,4
Q9LZJ3,3
Q9LZP9,1
Q9LZW4,1
Q9LZX1,2
Q9LZX6,3
Q9M156,3
Q9M1L7,1
Q9M1V3,2
Q9M1X2,1
Q9M280,1
Q9M384,1
Q9M426,3
Q9M4D2,1
Q9M548,2
Q9M593,1
Q9M5P4,3
Q9M602,5
Q9M622,1
Q9M6U3,2
Q9M7C7,1
Q9M7Q7,2
Q9M7R2,1
Q9M8R4,3
Q9M9F1,3
Q9M9P3,4
Q9M9S3,1
Q9M9Y4,1
Q9MAA7,2
Q9MBB1,1
Q9MBW4,1
Q9MBY2,1
Q9MCI8,1
Q9MCS5,1
Q9MCT1,1
Q9MX69,1
Q9MYI6,1
Q9N0F3,1
Q9N0J9,1
Q9N1E2,7
Q9N1X4,3
Q9N2I2,1
Q9N384,1
Q9N5G4,1
Q9NA73,1
Q9NAV7,52
Q9NAV8,39
Q9NAW7,1
Q9NBD7,1
Q9NDD3,2
Q9NDH8,2
Q9NFS4,3
Q9NG23,1
Q9NG25,1
Q9NG96,3
Q9NH04,1
Q9NHA8,1
Q9NHC3,1
Q9NIH4,1
Q9NII6,1
Q9NJG9,1
Q9NJI5,1
Q9NJP9,1
Q9NJQ6,1
Q9NJS1,1
Q9NJU9,1
Q9NL89,1
Q9NLB2,21
Q9NNX6,12
Q9NP10,1
Q9NP55,1
Q9NP58,4
Q9NP71,2
Q9NP72,1
Q9NP77,4
Q9NP79,3
Q9NP87,124
Q9NP90,1
Q9NP95,1
Q9NP97,1
Q9NP99,1
Q9NPA0,4
Q9NPA8,1
Q9NPB1,21
Q9NPB6,1
Q9NPB8,1
Q9NPC2,16
Q9NPC7,1
Q9NPD8,5
Q9NPF0,2
Q9NPF4,1
Q9NPF5,2
Q9NPF7,3
Q9NPG1,1
Q9NPG2,3
Q9NPG3,1
Q9NPH0,3
Q9NPH3,1
Q9NPI1,8
Q9NPI6,1
Q9NPI8,1
Q9NPJ3,3
Q9NPZ5,1
Q9NQ86,1
Q9NQ88,1
Q9NQB0,2
Q9NQC7,2
Q9NQG5,6
Q9NQG6,4
Q9NQH7,1
Q9NQL2,1
Q9NQR1,13
Q9NQS7,6
Q9NQT8,2
Q9NQU5,6
Q9NQV5,1
Q9NQV6,1
Q9NQV7,4
Q9NQW6,3
Q9NQW7,1
Q9NQX1,1
Q9NQX3,1
Q9NQX4,2
Q9NR09,1
Q9NR12,1
Q9NR16,1
Q9NR28,8
Q9NR30,2
Q9NR31,1
Q9NR48,8
Q9NR56,2
Q9NR61,1
Q9NR80,3
Q9NR96,1
Q9NR97,24
Q9NRA8,2
Q9NRC8,2
Q9NRD5,4
Q9NRF2,1
Q9NRF8,2
Q9NRG1,1
Q9NRG4,14
Q9NRL2,1
Q9NRN7,2
Q9NRN9,3
Q9NRQ2,1
Q9NRR6,1
Q9NRS6,1
Q9NRW1,3
Q9NRW3,1
Q9NRW4,8
Q9NRX4,1
Q9NRY2,2
Q9NRY4,3
Q9NS18,2
Q9NS40,1
Q9NS75,2
Q9NS86,1
Q9NS91,2
Q9NSA3,2
Q9NSC5,1
Q9NSI6,1
Q9NSN8,3
Q9NSP4,2
Q9NSU2,5
Q9NSV4,2
Q9NSY1,5
Q9NSY2,1
Q9NT62,1
Q9NTG7,28
Q9NTJ3,1
Q9NTM9,1
Q9NTX7,2
Q9NTZ6,2
Q9NU19,1
Q9NU22,1
Q9NUB1,6
Q9NUI1,2
Q9NUU6,1
Q9NUV9,1
Q9NUW8,43
Q9NUX5,6
Q9NUY8,3
Q9NV35,13
Q9NV88,1
Q9NVA2,1
Q9NVD7,8
Q9NVH0,4
Q9NVJ2,1
Q9NVM9,1
Q9NVP2,1
Q9NVQ4,1
Q9NVS9,5
Q9NVU0,2
Q9NVW2,2
Q9NVX2,2
Q9NW38,2
Q9NWB1,1
Q9NWF9,2
Q9NWM0,2
Q9NWM8,2
Q9NWS0,3
Q9NWT6,54
Q9NWU1,3
Q9NWV4,2
Q9NWW6,6
Q9NWW9,1
Q9NWX6,1
Q9NWY4,3
Q9NWZ3,60
Q9NWZ8,1
Q9NX01,3
Q9NX02,3
Q9NX09,1
Q9NX46,12
Q9NX74,9
Q9NXA8,22
Q9NXG6,1
Q9NXH9,1
Q9NXN4,1
Q9NXR1,1
Q9NXS2,5
Q9NXV2,1
Q9NY25,1
Q9NY33,6
Q9NY43,9
Q9NY59,1
Q9NY61,1
Q9NY72,1
Q9NY74,1
Q9NY97,11
Q9NY99,1
Q9NYA1,4
Q9NYB0,2
Q9NYB9,2
Q9NYF8,2
Q9NYG5,2
Q9NYG8,3
Q9NYJ8,4
Q9NYL2,4
Q9NYN1,1
Q9NYP9,1
Q9NYV4,1
Q9NYY3,4
Q9NYZ3,1
Q9NYZ4,1
Q9NZ08,9
Q9NZ09,1
Q9NZ45,12
Q9NZ52,4
Q9NZ56,2
Q9NZ71,1
Q9NZA1,2
Q9NZC2,7
Q9NZC9,1
Q9NZD2,20
Q9NZD4,1
Q9NZH6,1
Q9NZH8,5
Q9NZI2,1
Q9NZI5,2
Q9NZI8,1
Q9NZJ4,6
Q9NZJ5,7
Q9NZJ9,2
Q9NZK5,2
Q9NZK7,9
Q9NZL4,2
Q9NZL9,2
Q9NZM1,1
Q9NZM3,3
Q9NZN1,2
Q9NZN5,1
Q9NZN8,1
Q9NZN9,4
Q9NZQ3,1
Q9NZQ7,37
Q9NZU0,1
Q9NZU7,1
Q9NZV6,1
Q9NZZ3,1
Q9P000,2
Q9P016,1
Q9P0K1,2
Q9P0L0,1
Q9P0L2,2
Q9P0M2,1
Q9P0M6,2
Q9P0N9,2
Q9P0U3,5
Q9P0U4,6
Q9P104,1
Q9P107,1
Q9P126,2
Q9P1W8,2
Q9P1W9,1
Q9P202,1
Q9P212,1
Q9P218,1
Q9P258,1
Q9P270,1
Q9P278,1
Q9P286,1
Q9P287,1
Q9P289,6
Q9P2E7,1
Q9P2F6,1
Q9P2H5,3
Q9P2J5,1
Q9P2K8,4
Q9P2M4,1
Q9P2T1,2
Q9P2W7,3
Q9P371,13
Q9P376,4
Q9P4D1,1
Q9P4F6,1
Q9P4R4,3
Q9P4R8,6
Q9P4V2,3
Q9P6M0,1
Q9P793,1
Q9P7M3,1
Q9P7N5,2
Q9P7Y0,3
Q9P805,4
Q9P8C9,14
Q9P8F7,1
Q9P8P3,1
Q9P8T1,2
Q9P8T8,1
Q9P903,3
Q9P9H1,1
Q9P9L2,1
Q9P9M8,1
Q9PCF4,3
Q9PDE3,1
Q9PE18,1
Q9PER7,1
Q9PF20,1
Q9PFB1,2
Q9PFN8,1
Q9PGZ0,1
Q9PHK7,1
Q9PHN5,3
Q9PI11,1
Q9PIB4,2
Q9PIC1,1
Q9PIF1,1
Q9PIG7,1
Q9PIH3,1
Q9PII2,1
Q9PIK2,2
Q9PIK3,1
Q9PIM1,1
Q9PIR7,1
Q9PJ29,1
Q9PLW0,2
Q9PM24,2
Q9PM40,2
Q9PM68,1
Q9PM74,1
Q9PM80,1
Q9PMG4,1
Q9PMQ5,1
Q9PN59,2
Q9PNC0,1
Q9PNE6,1
Q9PNY2,1
Q9PP65,1
Q9PP99,1
Q9PPB4,43
Q9PPI1,2
Q9PPK3,1
Q9PPP5,2
Q9PPX6,1
Q9PR55,1
Q9PRA0,1
Q9PRS8,1
Q9PST8,1
Q9PTE7,1
Q9PTN2,41
Q9PTT3,11
Q9PW35,2
Q9PWF3,1
Q9PY74,1
Q9PY83,1
Q9Q0L9,3
Q9Q0P0,1
Q9Q0U6,1
Q9Q0U7,3
Q9Q0U8,8
Q9Q0U9,6
Q9Q0V0,1
Q9Q0V1,2
Q9Q288,2
Q9Q2G8,3
Q9Q2N9,1
Q9Q2P6,3
Q9Q2W5,3
Q9Q3G5,1
Q9Q6P4,2
Q9Q6Q5,2
Q9Q714,1
Q9Q8N4,1
Q9QAC5,1
Q9QCE3,3
Q9QCE4,3
Q9QDK7,1
Q9QEY5,1
Q9QF31,2
Q9QF35,1
Q9QLL6,4
Q9QM22,3
Q9QP61,1
Q9QP77,3
Q9QQN5,1
Q9QR69,1
Q9QR71,2
Q9QUG2,2
Q9QUH6,1
Q9QUK6,2
Q9QUN7,2
Q9QUQ5,1
Q9QVY3,3
Q9QWJ9,2
Q9QWW1,2
Q9QWY8,3
Q9QX73,1
Q9QXC1,1
Q9QXL2,2
Q9QXN5,2
Q9QXS1,3
Q9QY24,3
Q9QY93,6
Q9QYG0,1
Q9QYJ6,12
Q9QYM2,1
Q9QYS9,1
Q9QYY1,1
Q9QYY9,3
Q9QZ05,1
Q9QZ85,5
Q9QZ88,5
Q9QZH4,2
Q9QZL0,13
Q9QZM2,2
Q9QZQ1,1
Q9QZQ5,2
Q9QZS3,1
Q9QZZ4,2
Q9R002,3
Q9R0G6,4
Q9R0M5,2
Q9R0M6,2
Q9R0N7,2
Q9R117,1
Q9R194,3
Q9R1A9,3
Q9R1E6,18
Q9R1M7,4
Q9R1T5,2
Q9R233,1
Q9R237,2
Q9R2H2,1
Q9R381,3
Q9R408,2
Q9R429,1
Q9R435,1
Q9R4E4,7
Q9R540,2
Q9R5V5,6
Q9R638,1
Q9R6W2,2
Q9R7D7,1
Q9R8E4,1
Q9R9J1,2
Q9R9S4,2
Q9R9V9,5
Q9RA02,3
Q9RA19,1
Q9RA47,1
Q9RA61,1
Q9RA63,7
Q9RAH6,2
Q9RB42,1
Q9RB47,2
Q9RBQ1,5
Q9RBS3,2
Q9RBY1,7
Q9RBY6,3
Q9RC77,1
Q9RC92,7
Q9RC94,4
Q9RCF6,2
Q9RCV4,1
Q9RDT3,2
Q9RDT5,1
Q9REI6,1
Q9REI7,2
Q9RET4,1
Q9REU3,3
Q9REV4,1
Q9RF12,1
Q9RFC8,4
Q9RFD6,1
Q9RFR0,3
Q9RGD9,4
Q9RGF1,2
Q9RGN5,1
Q9RGX8,2
Q9RH91,1
Q9RH92,1
Q9RHA2,2
Q9RHG4,2
Q9RHV9,3
Q9RHW0,1
Q9RHZ6,3
Q9RHZ7,1
Q9RIK9,3
Q9RIM2,3
Q9RJC1,2
Q9RJL5,1
Q9RJY2,1
Q9RK42,1
Q9RK47,1
Q9RKF7,2
Q9RKQ2,10
Q9RKT6,1
Q9RL34,1
Q9RL81,8
Q9RL93,1
Q9RLB8,1
Q9RLV9,1
Q9RM86,1
Q9RME2,12
Q9RMI1,4
Q9RMS5,1
Q9RMX2,1
Q9RMX9,1
Q9RN59,1
Q9RN60,1
Q9RN64,3
Q9RN67,2
Q9RN68,3
Q9RNB4,1
Q9RP27,1
Q9RP86,2
Q9RPA7,4
Q9RPE9,1
Q9RPJ3,2
Q9RPL0,7
Q9RPT0,3
Q9RPT1,1
Q9RQ12,1
Q9RQB6,3
Q9RQB9,2
Q9RQJ2,6
Q9RQQ5,2
Q9RQQ9,1
Q9RRB0,2
Q9RRF3,3
Q9RRQ0,1
Q9RRR3,1
Q9RRR8,2
Q9RRT5,1
Q9RRU8,5
Q9RRX4,1
Q9RRZ4,2
Q9RS64,3
Q9RS86,1
Q9RS96,13
Q9RSC1,1
Q9RSM4,2
Q9RSW5,1
Q9RSY7,1
Q9RSZ3,2
Q9RT57,1
Q9RT63,3
Q9RTA8,1
Q9RTJ7,1
Q9RTP8,1
Q9RTQ1,1
Q9RTR5,1
Q9RTS8,1
Q9RTX5,2
Q9RTX8,3
Q9RUB5,4
Q9RUG7,1
Q9RUP5,1
Q9RUP9,1
Q9RUU2,1
Q9RUV0,1
Q9RUV2,4
Q9RUW8,1
Q9RUY4,4
Q9RUY5,1
Q9RUZ0,1
Q9RV31,1
Q9RV46,2
Q9RV71,3
Q9RV77,1
Q9RVD0,1
Q9RVD6,3
Q9RVE0,1
Q9RVF9,1
Q9RVG4,1
Q9RVK2,4
Q9RVN0,1
Q9RVU2,13
Q9RVU4,1
Q9RVZ5,7
Q9RW27,7
Q9RW45,1
Q9RW50,2
Q9RW55,2
Q9RWF4,2
Q9RWH8,2
Q9RWH9,3
Q9RWK7,6
Q9RWU4,1
Q9RX25,3
Q9RX37,1
Q9RX47,1
Q9RX48,1
Q9RX51,9
Q9RX98,6
Q9RX99,3
Q9RXE3,2
Q9RXF9,1
Q9RXN3,1
Q9RXX8,1
Q9RXY9,6
Q9RY20,4
Q9RY37,1
Q9RY51,3
Q9RY71,1
Q9RY80,2
Q9RY97,1
Q9RYA6,8
Q9RYD0,1
Q9RYE8,1
Q9RYF1,3
Q9RYK2,2
Q9RYT1,1
Q9RYU4,1
Q9RYW8,1
Q9RYY9,1
Q9RZ04,3
Q9RZ08,2
Q9RZ32,1
Q9RZA4,26
Q9RZA5,1
Q9RZE3,1
Q9RZH8,1
Q9RZM4,3
Q9RZN1,4
Q9S0B8,1
Q9S1A6,3
Q9S1E5,9
Q9S1H5,1
Q9S1K0,3
Q9S1N8,1
Q9S1P1,1
Q9S274,1
Q9S2K6,1
Q9S3L6,3
Q9S3Q1,1
Q9S3U8,1
Q9S3V1,6
Q9S400,3
Q9S427,3
Q9S446,3
Q9S4M7,1
Q9S508,1
Q9S529,1
Q9S581,2
Q9S5E2,2
Q9S5G5,5
Q9S5W7,1
Q9S5X8,1
Q9S5Y1,3
Q9S5Y7,3
Q9S6N9,1
Q9S758,1
Q9S7B3,2
Q9S7B5,1
Q9S7E4,3
Q9S7H8,2
Q9S7J8,2
Q9S7N2,2
Q9S7S8,1
Q9S7T8,1
Q9S8T0,3
Q9S9E3,2
Q9S9F3,2
Q9S9H8,1
Q9SAR5,2
Q9SB64,1
Q9SB92,2
Q9SBJ6,1
Q9SBR3,6
Q9SBR4,6
Q9SCK3,3
Q9SCY2,2
Q9SCZ4,1
Q9SD76,3
Q9SE00,1
Q9SE33,1
Q9SE42,1
Q9SE93,3
Q9SE97,1
Q9SEI0,1
Q9SEU8,1
Q9SF23,1
Q9SGH6,2
Q9SGP2,4
Q9SHE7,1
Q9SHF3,1
Q9SHH7,1
Q9SI37,1
Q9SID3,2
Q9SIE1,4
Q9SIT1,1
Q9SIY3,5
Q9SJ89,3
Q9SJI9,3
Q9SJK3,1
Q9SJQ9,2
Q9SJT1,1
Q9SK53,1
Q9SKB2,1
Q9SKE2,12
Q9SKP6,1
Q9SKR2,2
Q9SKY5,2
Q9SLN8,3
Q9SLP5,1
Q9SLP6,1
Q9SLV5,1
Q9SLX1,1
Q9SMD1,1
Q9SMT7,3
Q9SN51,1
Q9SN68,4
Q9SN73,1
Q9SNB4,2
Q9SNC0,1
Q9SP37,3
Q9SPD4,5
Q9SPP9,7
Q9SQ68,1
Q9SQF7,3
Q9SQK3,1
Q9SQL2,1
Q9SQR3,2
Q9SQT8,5
Q9SR05,2
Q9SR19,1
Q9SR62,2
Q9SRK5,2
Q9SRM4,4
Q9SS90,9
Q9SSA5,1
Q9SSM7,6
Q9SSN3,1
Q9SSV1,3
Q9SSX0,1
Q9ST12,1
Q9STB6,1
Q9STC1,4
Q9STE8,1
Q9STF9,1
Q9STG6,3
Q9STM3,4
Q9STR4,1
Q9STX2,1
Q9SU14,1
Q9SU24,1
Q9SU50,3
Q9SU72,1
Q9SU91,1
Q9SUM3,1
Q9SUM4,1
Q9SUQ8,1
Q9SUR9,1
Q9SV68,1
Q9SVP6,2
Q9SWE5,3
Q9SWH5,5
Q9SWS1,3
Q9SX29,1
Q9SX65,1
Q9SXZ2,4
Q9SYR5,1
Q9SZ83,2
Q9SZC9,1
Q9SZF7,1
Q9SZU7,14
Q9T0A7,2
Q9T0G7,1
Q9T0I8,5
Q9T0N8,14
Q9T1C3,1
Q9T1U9,1
Q9T1V0,1
Q9T1V4,2
Q9T1V9,1
Q9T221,1
Q9TQB0,2
Q9TQS6,2
Q9TSF8,1
Q9TSN8,1
Q9TTF5,5
Q9TVF0,3
Q9TVW2,9
Q9TY14,1
Q9TY95,5
Q9TZ51,1
Q9TZZ6,1
Q9U1D9,1
Q9U1E1,3
Q9U1G7,1
Q9U1K1,3
Q9U1M8,3
Q9U2M7,2
Q9U3P2,1
Q9U405,1
Q9U489,1
Q9U556,2
Q9U5N6,4
Q9U6M1,1
Q9U6N3,3
Q9U6Y3,11
Q9U6Y4,3
Q9U6Y5,4
Q9U6Y6,3
Q9U6Y7,1
Q9U6Y8,18
Q9U757,1
Q9U795,1
Q9U7C3,4
Q9U8D3,1
Q9U8F3,1
Q9U8G2,3
Q9U8Q4,5
Q9U8W8,1
Q9U8X2,3
Q9U965,1
Q9U9J6,19
Q9U9R3,2
Q9UAM5,1
Q9UBB5,9
Q9UBC3,12
Q9UBD6,1
Q9UBE0,7
Q9UBF8,4
Q9UBG0,3
Q9UBH0,3
Q9UBH6,3
Q9UBK2,38
Q9UBK8,2
Q9UBL3,9
Q9UBN7,15
Q9UBP0,1
Q9UBP6,3
Q9UBP9,1
Q9UBQ0,8
Q9UBQ5,1
Q9UBQ7,3
Q9UBR1,1
Q9UBR2,1
Q9UBS5,9
Q9UBT2,8
Q9UBT6,3
Q9UBU7,7
Q9UBU8,3
Q9UBU9,4
Q9UBV7,2
Q9UBV8,1
Q9UBW5,1
Q9UBX1,1
Q9UBX2,8
Q9UBY9,1
Q9UBZ9,5
Q9UDR5,3
Q9UDX3,1
Q9UDX4,1
Q9UDY2,1
Q9UDY6,1
Q9UDY8,13
Q9UEE5,1
Q9UER7,7
Q9UEU0,1
Q9UEW8,1
Q9UG01,1
Q9UG22,3
Q9UGB7,1
Q9UGC6,2
Q9UGI0,1
Q9UGI8,1
Q9UGJ1,1
Q9UGL1,52
Q9UGM1,3
Q9UGM3,3
Q9UGM6,1
Q9UGN4,1
Q9UGN5,9
Q9UGP5,71
Q9UGV2,1
Q9UH03,2
Q9UH17,10
Q9UH73,1
Q9UH77,1
Q9UH99,6
Q9UHA4,7
Q9UHB4,1
Q9UHB7,4
Q9UHB9,3
Q9UHC6,1
Q9UHD0,1
Q9UHD2,5
Q9UHD8,1
Q9UHI6,2
Q9UHI8,4
Q9UHL4,3
Q9UHP3,3
Q9UHP7,5
Q9UHQ4,2
Q9UHV8,11
Q9UHX1,11
Q9UHX3,2
Q9UHY7,2
Q9UI30,19
Q9UI32,1
Q9UI36,1
Q9UI42,5
Q9UI43,1
Q9UI95,15
Q9UIB8,1
Q9UIC8,2
Q9UID3,1
Q9UIF7,1
Q9UIF8,261
Q9UIF9,56
Q9UIG0,1
Q9UII6,2
Q9UIJ7,4
Q9UIK4,4
Q9UIL1,1
Q9UIS9,2
Q9UIV1,1
Q9UJ37,1
Q9UJ41,6
Q9UJ70,1
Q9UJ71,20
Q9UJA3,1
Q9UJA5,2
Q9UJJ7,1
Q9UJM8,20
Q9UJQ4,2
Q9UJS0,1
Q9UJV3,1
Q9UJV9,3
Q9UJW3,3
Q9UJX3,1
Q9UJX6,2
Q9UJY1,1
Q9UJY4,1
Q9UJY5,15
Q9UK05,13
Q9UK32,2
Q9UK39,2
Q9UK41,1
Q9UK53,1
Q9UK55,2
Q9UK61,1
Q9UK99,1
Q9UKA1,5
Q9UKA9,1
Q9UKB1,1
Q9UKE5,3
Q9UKF6,5
Q9UKG1,5
Q9UKJ0,2
Q9UKJ1,5
Q9UKJ5,1
Q9UKK3,5
Q9UKK6,2
Q9UKK9,63
Q9UKL3,1
Q9UKL6,1
Q9UKM7,6
Q9UKN5,1
Q9UKN7,1
Q9UKS7,1
Q9UKT5,1
Q9UKU7,1
Q9UKU9,1
Q9UKV0,2
Q9UKV3,1
Q9UKV5,5
Q9UKV8,27
Q9UKX7,1
Q9UL01,1
Q9UL03,1
Q9UL15,1
Q9UL18,3
Q9UL25,5
Q9UL51,1
Q9UL52,1
Q9UL95,1
Q9ULA0,1
Q9ULB1,1
Q9ULC3,5
Q9ULC4,3
Q9ULD4,1
Q9ULG6,1
Q9ULH1,1
Q9ULI0,4
Q9ULI3,2
Q9ULJ6,1
Q9ULJ8,1
Q9ULK5,5
Q9ULM3,3
Q9ULR3,2
Q9ULT8,1
Q9ULU4,2
Q9ULV0,2
Q9ULV1,5
Q9ULV5,2
Q9ULV8,5
Q9ULW0,9
Q9ULW5,1
Q9ULW8,1
Q9ULX7,2
Q9ULY5,2
Q9ULZ2,1
Q9ULZ3,2
Q9UM07,12
Q9UM13,1
Q9UM22,1
Q9UM47,3
Q9UM54,1
Q9UM73,62
Q9UM82,1
Q9UMF0,2
Q9UMN6,3
Q9UMR2,2
Q9UMS4,1
Q9UMX1,2
Q9UMZ3,1
Q9UN19,2
Q9UN36,2
Q9UN81,2
Q9UNA0,6
Q9UNA4,26
Q9UNE7,5
Q9UNF0,1
Q9UNG2,4
Q9UNH6,1
Q9UNI6,1
Q9UNL4,3
Q9UNN5,7
Q9UNN8,8
Q9UNP9,5
Q9UNQ2,2
Q9UNS1,4
Q9UNW9,2
Q9UPN3,1
Q9UPN6,8
Q9UPN9,2
Q9UPP1,5
Q9UPS6,3
Q9UPT6,1
Q9UPU9,1
Q9UPV0,3
Q9UPY3,4
Q9UPY8,2
Q9UPZ6,1
Q9UQ13,2
Q9UQ16,1
Q9UQ80,1
Q9UQ84,4
Q9UQ90,1
Q9UQB8,9
Q9UQB9,2
Q9UQC2,7
Q9UQE7,3
Q9UQF0,2
Q9UQF2,15
Q9UQK1,3
Q9UQL6,2
Q9UQM7,8
Q9UQQ1,1
Q9UQR0,3
Q9UR08,15
Q9UR19,7
Q9UR30,3
Q9URH5,2
Q9USH6,1
Q9USH8,1
Q9USJ7,2
Q9USJ8,1
Q9USP7,1
Q9USV1,1
Q9USX3,2
Q9UT12,2
Q9UT27,1
Q9UT52,1
Q9UTE3,4
Q9UTI3,1
Q9UTN9,1
Q9UUB1,3
Q9UUB7,1
Q9UUI1,6
Q9UUN9,3
Q9UUZ2,1
Q9UV68,3
Q9UVD4,1
Q9UVQ2,1
Q9UVX3,10
Q9UW16,1
Q9UWN7,1
Q9UWP7,5
Q9UWR2,1
Q9UWR7,2
Q9UWV6,1
Q9UXC0,5
Q9UXC2,5
Q9UXC4,5
Q9UXG1,1
Q9UXR8,1
Q9UXT7,2
Q9UY20,1
Q9UYR7,1
Q9UYR9,6
Q9UYV8,4
Q9UYX8,1
Q9UZ14,16
Q9UZK4,2
Q9UZR7,2
Q9UZY0,7
Q9UZY3,1
Q9V011,1
Q9V099,3
Q9V0E3,1
Q9V0E4,1
Q9V0G8,1
Q9V0Y8,1
Q9V118,4
Q9V119,4
Q9V138,1
Q9V1A5,1
Q9V1G0,5
Q9V1J7,2
Q9V1Y2,1
Q9V219,1
Q9V228,6
Q9V291,1
Q9V292,1
Q9V2B6,3
Q9V2D6,1
Q9V2F3,1
Q9V2F4,1
Q9V2G1,4
Q9V2J8,8
Q9V2L3,1
Q9V2T0,8
Q9V2W5,1
Q9V2W6,1
Q9V2Z6,1
Q9V3D4,2
Q9V3H0,1
Q9V3I1,1
Q9V3J8,2
Q9V3V9,1
Q9V429,4
Q9V444,1
Q9V452,1
Q9V4Q8,2
Q9V535,3
Q9V6K3,1
Q9VA37,1
Q9VAA9,4
Q9VAF4,1
Q9VAK8,2
Q9VAR6,2
Q9VB22,2
Q9VB68,1
Q9VBP9,1
Q9VBZ9,4
Q9VCC6,1
Q9VCY3,1
Q9VDC6,4
Q9VDE4,2
Q9VDE6,1
Q9VDG5,2
Q9VDH5,2
Q9VDR7,1
Q9VE13,1
Q9VE55,1
Q9VEB9,1
Q9VEN2,1
Q9VEZ3,4
Q9VF15,2
Q9VF36,1
Q9VF53,1
Q9VF77,1
Q9VFS5,1
Q9VFX1,1
Q9VG38,1
Q9VG78,2
Q9VG98,1
Q9VGA1,2
Q9VGH5,3
Q9VGM2,2
Q9VHA0,6
Q9VHM3,1
Q9VHP9,4
Q9VHV8,1
Q9VI58,9
Q9VI75,1
Q9VIF1,1
Q9VIF5,1
Q9VIH7,2
Q9VJ12,1
Q9VJ28,1
Q9VJ83,3
Q9VK33,3
Q9VKD7,4
Q9VKJ9,3
Q9VKK1,1
Q9VKM1,2
Q9VKM6,1
Q9VM64,3
Q9VMC9,3
Q9VMN9,2
Q9VMP3,1
Q9VMV5,1
Q9VN82,1
Q9VNS0,1
Q9VQ91,4
Q9VR35,2
Q9VR51,1
Q9VRD9,3
Q9VRQ9,3
Q9VS97,1
Q9VSL8,1
Q9VT83,1
Q9VTC4,1
Q9VUG1,2
Q9VUQ5,1
Q9VUX3,2
Q9VV42,1
Q9VV48,1
Q9VV73,2
Q9VV79,1
Q9VVV7,1
Q9VWE4,4
Q9VWX8,6
Q9VXJ0,1
Q9VXN9,1
Q9VY78,1
Q9VYX7,2
Q9W061,1
Q9W0K0,1
Q9W0S7,1
Q9W197,2
Q9W2H9,6
Q9W2R4,1
Q9W2S2,1
Q9W352,1
Q9W385,1
Q9W3H4,1
Q9W3W6,1
Q9W469,5
Q9W4I7,2
Q9W4R3,2
Q9W4T9,1
Q9W7K5,1
Q9W9R3,1
Q9WAF5,4
Q9WBP8,1
Q9WCE9,1
Q9WFL7,3
Q9WFX3,5
Q9WFX4,1
Q9WIJ1,1
Q9WJ31,1
Q9WJJ4,1
Q9WKU1,1
Q9WLZ5,2
Q9WMX2,17
Q9WNX3,1
Q9WPH5,1
Q9WPU2,2
Q9WT50,1
Q9WTL8,1
Q9WTR5,2
Q9WTS2,2
Q9WTU3,1
Q9WU70,1
Q9WUB0,3
Q9WUD1,3
Q9WUD2,2
Q9WUF4,1
Q9WUI9,2
Q9WUL5,5
Q9WUL6,6
Q9WUL7,5
Q9WUP7,1
Q9WUU8,1
Q9WV48,4
Q9WV60,5
Q9WV86,3
Q9WVC8,1
Q9WVE9,1
Q9WVF9,1
Q9WVG6,32
Q9WVI9,1
Q9WVL0,2
Q9WVQ1,2
Q9WVS6,2
Q9WVY4,2
Q9WWU5,6
Q9WXC7,2
Q9WXF2,1
Q9WXJ9,1
Q9WXM1,5
Q9WXM9,1
Q9WXN1,6
Q9WXN8,4
Q9WXP9,1
Q9WXQ8,5
Q9WXS0,1
Q9WXS1,2
Q9WXS2,1
Q9WXS5,2
Q9WXT2,7
Q9WXV1,1
Q9WXW2,1
Q9WXW9,3
Q9WXX3,1
Q9WXY0,2
Q9WXZ2,1
Q9WY06,2
Q9WY07,1
Q9WY08,1
Q9WY13,1
Q9WY16,3
Q9WY19,1
Q9WY32,1
Q9WY43,5
Q9WY50,1
Q9WY54,4
Q9WY55,1
Q9WY58,1
Q9WY59,1
Q9WY63,4
Q9WY64,1
Q9WY65,1
Q9WY73,1
Q9WY76,1
Q9WY78,1
Q9WY88,1
Q9WY99,1
Q9WYA0,1
Q9WYA3,13
Q9WYA4,1
Q9WYA5,7
Q9WYA6,1
Q9WYB7,3
Q9WYC3,1
Q9WYC4,2
Q9WYC6,1
Q9WYC9,1
Q9WYD1,1
Q9WYE2,7
Q9WYE8,1
Q9WYF8,1
Q9WYG7,1
Q9WYH8,4
Q9WYI1,1
Q9WYJ5,1
Q9WYJ7,3
Q9WYL6,6
Q9WYL7,1
Q9WYN0,2
Q9WYN2,4
Q9WYN9,2
Q9WYP3,1
Q9WYP5,1
Q9WYP6,4
Q9WYP7,6
Q9WYQ2,1
Q9WYQ4,1
Q9WYQ6,1
Q9WYR4,1
Q9WYR7,1
Q9WYR8,1
Q9WYS0,5
Q9WYS2,1
Q9WYS3,1
Q9WYS7,1
Q9WYS8,1
Q9WYT0,35
Q9WYT9,9
Q9WYV0,1
Q9WYV6,1
Q9WYV8,3
Q9WYW0,15
Q9WYW2,1
Q9WYX9,2
Q9WYY1,2
Q9WYZ1,1
Q9WZ13,1
Q9WZ14,1
Q9WZ19,1
Q9WZ26,1
Q9WZ29,1
Q9WZ31,2
Q9WZ40,1
Q9WZ44,1
Q9WZ49,3
Q9WZ50,1
Q9WZ57,2
Q9WZ62,9
Q9WZ72,1
Q9WZ73,1
Q9WZ82,1
Q9WZA1,1
Q9WZB9,1
Q9WZC2,2
Q9WZC3,6
Q9WZC6,2
Q9WZC8,2
Q9WZD0,1
Q9WZD3,1
Q9WZD5,1
Q9WZE6,3
Q9WZF6,1
Q9WZF7,2
Q9WZF8,2
Q9WZG2,1
Q9WZG9,1
Q9WZH4,1
Q9WZH5,1
Q9WZI0,1
Q9WZI2,1
Q9WZI6,1
Q9WZJ0,5
Q9WZK0,1
Q9WZK7,1
Q9WZL1,7
Q9WZL4,4
Q9WZM6,3
Q9WZM9,1
Q9WZQ4,2
Q9WZQ7,2
Q9WZR6,1
Q9WZS0,1
Q9WZS1,1
Q9WZS3,1
Q9WZS7,1
Q9WZT5,1
Q9WZU0,3
Q9WZU6,1
Q9WZU8,1
Q9WZV5,1
Q9WZV7,7
Q9WZW0,2
Q9WZW1,5
Q9WZW8,1
Q9WZX6,2
Q9WZX7,2
Q9WZX8,1
Q9WZX9,1
Q9WZY4,2
Q9WZY5,4
Q9WZZ1,2
Q9WZZ4,1
Q9WZZ6,1
Q9X005,1
Q9X006,2
Q9X017,3
Q9X021,1
Q9X022,2
Q9X024,20
Q9X033,1
Q9X034,3
Q9X035,1
Q9X052,1
Q9X053,5
Q9X055,1
Q9X056,1
Q9X0A2,1
Q9X0A3,1
Q9X0A5,3
Q9X0C0,8
Q9X0C3,2
Q9X0C6,20
Q9X0C7,3
Q9X0C8,5
Q9X0D0,2
Q9X0D2,2
Q9X0D7,1
Q9X0D8,1
Q9X0D9,1
Q9X0E0,8
Q9X0E5,1
Q9X0E6,3
Q9X0F9,1
Q9X0G1,1
Q9X0G6,1
Q9X0G9,1
Q9X0H0,1
Q9X0H1,1
Q9X0H2,2
Q9X0I0,2
Q9X0I3,1
Q9X0I6,1
Q9X0J6,1
Q9X0L2,15
Q9X0L5,1
Q9X0L9,1
Q9X0M3,1
Q9X0M7,1
Q9X0N2,1
Q9X0N8,2
Q9X0P2,1
Q9X0P5,2
Q9X0Q1,1
Q9X0Q3,1
Q9X0R4,1
Q9X0R7,1
Q9X0S8,2
Q9X0T1,3
Q9X0V0,3
Q9X0V1,1
Q9X0V2,1
Q9X0V3,1
Q9X0X0,1
Q9X0X1,1
Q9X0X3,2
Q9X0X6,1
Q9X0X7,1
Q9X0Y1,1
Q9X0Y2,1
Q9X0Z3,1
Q9X0Z6,27
Q9X0Z7,1
Q9X0Z9,1
Q9X108,1
Q9X112,5
Q9X113,1
Q9X119,1
Q9X168,1
Q9X172,1
Q9X180,7
Q9X181,2
Q9X187,1
Q9X1A0,1
Q9X1A2,1
Q9X1A5,1
Q9X1A9,1
Q9X1B4,1
Q9X1C3,1
Q9X1D0,2
Q9X1D6,1
Q9X1F0,1
Q9X1F5,1
Q9X1F8,1
Q9X1G8,1
Q9X1H0,9
Q9X1H4,3
Q9X1H5,1
Q9X1H7,2
Q9X1H9,2
Q9X1I7,1
Q9X1K1,2
Q9X1K5,1
Q9X1K8,1
Q9X1K9,3
Q9X1L2,1
Q9X1M1,3
Q9X1M7,1
Q9X1N9,1
Q9X1P5,2
Q9X1P7,1
Q9X1Q6,1
Q9X1R4,1
Q9X1S2,1
Q9X1T1,6
Q9X1T2,1
Q9X1T8,2
Q9X1U7,1
Q9X1V3,2
Q9X1V5,2
Q9X1V6,1
Q9X1V7,1
Q9X1W6,1
Q9X1W7,1
Q9X1W9,2
Q9X1X0,10
Q9X1X1,1
Q9X1X4,2
Q9X1X5,2
Q9X1X6,1
Q9X1X7,16
Q9X1X8,1
Q9X218,1
Q9X224,1
Q9X234,1
Q9X247,1
Q9X255,1
Q9X256,1
Q9X261,1
Q9X264,1
Q9X265,4
Q9X266,5
Q9X273,9
Q9X274,3
Q9X278,1
Q9X286,5
Q9X287,1
Q9X298,2
Q9X2A1,1
Q9X2A2,1
Q9X2A5,2
Q9X2A8,3
Q9X2D0,1
Q9X2D6,1
Q9X2E1,1
Q9X2E8,1
Q9X2H6,1
Q9X2H9,4
Q9X2I8,1
Q9X2V7,1
Q9X2W8,1
Q9X399,1
Q9X3R9,1
Q9X4B7,1
Q9X4B8,2
Q9X4D0,1
Q9X4G2,2
Q9X4I9,1
Q9X4K7,6
Q9X4Q8,1
Q9X519,3
Q9X5C9,4
Q9X5F2,1
Q9X5N2,1
Q9X5T6,2
Q9X688,2
Q9X6A5,1
Q9X6G2,1
Q9X6J6,21
Q9X6P4,4
Q9X6R4,9
Q9X6V6,4
Q9X6W1,4
Q9X6W9,1
Q9X721,10
Q9X7H4,1
Q9X7P1,1
Q9X7V8,1
Q9X839,1
Q9X8F4,5
Q9X8U3,1
Q9X9I8,2
Q9X9L0,1
Q9X9P9,4
Q9XA14,1
Q9XA31,1
Q9XA42,1
Q9XAL8,5
Q9XAM6,2
Q9XAY4,66
Q9XB21,1
Q9XB24,7
Q9XB47,1
Q9XB59,3
Q9XB60,1
Q9XB61,2
Q9XBM8,1
Q9XBQ3,6
Q9XBQ8,1
Q9XC48,1
Q9XC73,1
Q9XCC7,1
Q9XCL6,2
Q9XCU0,1
Q9XCV5,2
Q9XD54,1
Q9XD56,2
Q9XD84,1
Q9XDB6,1
Q9XDM8,2
Q9XEH0,1
Q9XEI3,43
Q9XF23,2
Q9XFH9,1
Q9XFX3,1
Q9XFX4,1
Q9XG54,4
Q9XG81,3
Q9XGF5,1
Q9XGM3,1
Q9XHH2,2
Q9XI47,1
Q9XI75,1
Q9XIC7,1
Q9XIK0,1
Q9XJC1,1
Q9XJP3,4
Q9XJQ6,2
Q9XJR3,2
Q9XSC6,1
Q9XSC9,2
Q9XSW6,1
Q9XUJ7,1
Q9XUS9,1
Q9XVI2,1
Q9XVJ3,1
Q9XVR6,3
Q9XVS8,1
Q9XW13,2
Q9XW42,2
Q9XWG3,3
Q9XWJ1,1
Q9XWN7,1
Q9XWZ2,2
Q9XY07,2
Q9XYF4,2
Q9XYQ1,3
Q9XZ16,1
Q9XZ31,3
Q9XZ56,1
Q9XZJ5,2
Q9XZT6,10
Q9XZV2,1
Q9Y006,4
Q9Y052,2
Q9Y215,1
Q9Y221,2
Q9Y223,3
Q9Y224,1
Q9Y232,2
Q9Y233,322
Q9Y235,1
Q9Y237,3
Q9Y239,3
Q9Y243,2
Q9Y248,2
Q9Y250,1
Q9Y251,17
Q9Y253,163
Q9Y255,1
Q9Y259,3
Q9Y263,1
Q9Y265,1
Q9Y266,1
Q9Y275,4
Q9Y279,5
Q9Y286,6
Q9Y294,5
Q9Y296,1
Q9Y297,5
Q9Y2A7,2
Q9Y2C3,8
Q9Y2C4,6
Q9Y2C9,1
Q9Y2G1,2
Q9Y2G2,1
Q9Y2H1,1
Q9Y2H9,1
Q9Y2I1,1
Q9Y2J2,54
Q9Y2J8,22
Q9Y2K2,2
Q9Y2K7,1
Q9Y2M0,1
Q9Y2M5,2
Q9Y2N7,1
Q9Y2Q3,3
Q9Y2Q5,4
Q9Y2R2,6
Q9Y2R4,1
Q9Y2S2,1
Q9Y2T3,3
Q9Y2T5,1
Q9Y2T7,4
Q9Y2U5,6
Q9Y2U9,10
Q9Y2W6,3
Q9Y2Y0,1
Q9Y2Y4,1
Q9Y2Z4,1
Q9Y303,2
Q9Y312,1
Q9Y316,3
Q9Y337,3
Q9Y343,2
Q9Y365,1
Q9Y376,2
Q9Y3A3,1
Q9Y3B4,2
Q9Y3B6,1
Q9Y3B8,9
Q9Y3C4,1
Q9Y3C6,1
Q9Y3C8,21
Q9Y3D6,7
Q9Y3D8,6
Q9Y3E1,5
Q9Y3E5,1
Q9Y3E7,1
Q9Y3I0,3
Q9Y3I1,2
Q9Y3L3,2
Q9Y3M2,1
Q9Y3P9,1
Q9Y3Q0,4
Q9Y3Q4,3
Q9Y3R0,1
Q9Y3R4,10
Q9Y3S1,2
Q9Y3Y4,4
Q9Y3Z3,38
Q9Y468,18
Q9Y483,1
Q9Y490,2
Q9Y4B6,19
Q9Y4D1,1
Q9Y4D7,1
Q9Y4E5,1
Q9Y4E8,11
Q9Y4F3,1
Q9Y4G2,3
Q9Y4G8,1
Q9Y4H2,2
Q9Y4I1,7
Q9Y4K0,1
Q9Y4K1,2
Q9Y4K3,6
Q9Y4P1,7
Q9Y4P8,2
Q9Y4R8,1
Q9Y4U1,3
Q9Y512,2
Q9Y530,3
Q9Y547,1
Q9Y566,6
Q9Y570,1
Q9Y572,2
Q9Y580,1
Q9Y5A9,8
Q9Y5B0,1
Q9Y5B9,5
Q9Y5C1,1
Q9Y5G1,1
Q9Y5J3,1
Q9Y5K2,15
Q9Y5K5,5
Q9Y5K6,9
Q9Y5N5,16
Q9Y5N6,1
Q9Y5P4,26
Q9Y5P8,2
Q9Y5S1,1
Q9Y5S2,5
Q9Y5S9,4
Q9Y5U4,1
Q9Y5W5,3
Q9Y5W9,4
Q9Y5X0,1
Q9Y5X1,3
Q9Y5X3,6
Q9Y5Y6,22
Q9Y5Y7,2
Q9Y5Z0,16
Q9Y5Z4,3
Q9Y600,1
Q9Y603,1
Q9Y606,4
Q9Y613,1
Q9Y616,1
Q9Y617,1
Q9Y618,10
Q9Y657,14
Q9Y663,4
Q9Y678,1
Q9Y679,1
Q9Y689,4
Q9Y692,1
Q9Y696,3
Q9Y697,6
Q9Y698,1
Q9Y6A2,21
Q9Y6A5,4
Q9Y6D0,1
Q9Y6D6,2
Q9Y6D9,4
Q9Y6E0,35
Q9Y6F1,12
Q9Y6F7,1
Q9Y6F8,2
Q9Y6G9,2
Q9Y6I3,1
Q9Y6J0,1
Q9Y6K1,11
Q9Y6K5,1
Q9Y6K8,1
Q9Y6K9,5
Q9Y6M1,2
Q9Y6M4,10
Q9Y6N5,3
Q9Y6N7,8
Q9Y6N9,3
Q9Y6Q6,1
Q9Y6Q9,4
Q9Y6R7,1
Q9Y6U3,1
Q9Y6W3,1
Q9Y6W5,1
Q9Y6W6,3
Q9Y6W8,1
Q9Y6X2,1
Q9Y6X5,2
Q9Y6X9,2
Q9Y6Y0,1
Q9Y6Y1,1
Q9Y6Y9,3
Q9Y738,1
Q9Y765,1
Q9Y780,2
Q9Y7D0,3
Q9Y7D1,7
Q9Y7G6,1
Q9Y7M4,4
Q9Y7P0,1
Q9Y7Q6,2
Q9Y818,1
Q9Y823,2
Q9Y8H8,3
Q9Y8R5,1
Q9Y8U3,1
Q9Y8Y1,1
Q9Y924,2
Q9Y948,1
Q9Y9B3,2
Q9Y9D8,1
Q9Y9I9,3
Q9Y9L0,18
Q9Y9P9,1
Q9Y9R3,1
Q9Y9U3,1
Q9Y9W9,1
Q9YA14,3
Q9YA64,1
Q9YAF1,2
Q9YAH1,1
Q9YAQ8,4
Q9YAS7,1
Q9YAU4,2
Q9YAV0,2
Q9YAX2,2
Q9YAX7,1
Q9YAZ5,1
Q9YBB1,1
Q9YBF1,2
Q9YBL2,10
Q9YBQ2,9
Q9YBS9,1
Q9YC08,1
Q9YC86,1
Q9YCF4,1
Q9YCJ0,2
Q9YCR6,1
Q9YD40,1
Q9YDD2,1
Q9YDF8,1
Q9YDI2,1
Q9YDK1,1
Q9YDN4,1
Q9YDV3,1
Q9YDW0,2
Q9YDZ4,1
Q9YE16,1
Q9YE81,4
Q9YE85,1
Q9YED4,1
Q9YEJ7,1
Q9YEQ6,3
Q9YF05,1
Q9YFP5,3
Q9YFT8,1
Q9YFU8,2
Q9YFY3,14
Q9YGA6,1
Q9YGA8,1
Q9YGB1,2
Q9YGB4,2
Q9YGN6,2
Q9YGW1,2
Q9YGW2,2
Q9YGY0,1
Q9YHT1,13
Q9YHT2,13
Q9YIC2,7
Q9YJC1,2
Q9YK84,1
Q9YKI2,1
Q9YLJ3,2
Q9YLR0,1
Q9YN02,2
Q9YNA4,2
Q9YP39,1
Q9YP46,6
Q9YRL3,1
Q9YRL8,1
Q9YV12,1
Q9YV20,2
Q9YWB6,1
Q9YX36,1
Q9YX54,2
Q9YXH5,1
Q9YXL3,1
Q9YXL6,2
Q9YXY3,1
Q9YYH6,2
Q9YYU3,1
Q9YYU8,4
Q9YYZ1,1
Q9Z0G0,1
Q9Z0J1,2
Q9Z0J4,1
Q9Z0P5,1
Q9Z0R4,2
Q9Z0S5,1
Q9Z0X1,2
Q9Z0Y9,2
Q9Z111,1
Q9Z1B8,1
Q9Z1N2,2
Q9Z1N4,1
Q9Z1P7,1
Q9Z1R3,1
Q9Z1W9,1
Q9Z1X4,1
Q9Z1Y9,1
Q9Z200,2
Q9Z214,4
Q9Z270,2
Q9Z272,2
Q9Z297,1
Q9Z2D6,1
Q9Z2D7,6
Q9Z2F5,1
Q9Z2G9,1
Q9Z2L7,3
Q9Z2Q7,1
Q9Z2W9,2
Q9Z2X2,3
Q9Z2X8,52
Q9Z309,1
Q9Z339,1
Q9Z340,2
Q9Z358,1
Q9Z3B4,2
Q9Z4I2,2
Q9Z4N6,3
Q9Z4N7,1
Q9Z4N9,1
Q9Z4P0,1
Q9Z4P4,1
Q9Z4P9,10
Q9Z4X2,1
Q9Z4X6,4
Q9Z4X7,1
Q9Z4Z5,3
Q9Z520,1
Q9Z571,1
Q9Z621,1
Q9Z6N8,1
Q9Z7A3,1
Q9Z7M7,1
Q9Z869,2
Q9Z8L4,3
Q9Z9H5,17
Q9Z9M9,1
Q9ZA17,6
Q9ZAG3,16
Q9ZAI3,2
Q9ZB17,19
Q9ZB22,3
Q9ZBA9,1
Q9ZBK1,1
Q9ZBU1,5
Q9ZBW9,1
Q9ZC36,6
Q9ZC38,1
Q9ZCD3,2
Q9ZCQ4,1
Q9ZCW5,2
Q9ZDD2,2
Q9ZDF5,2
Q9ZEE0,1
Q9ZEU2,17
Q9ZEU7,1
Q9ZEY1,1
Q9ZF13,3
Q9ZF99,3
Q9ZFE4,1
Q9ZFH0,1
Q9ZFM2,3
Q9ZFS6,2
Q9ZFV5,1
Q9ZGC0,5
Q9ZGC1,3
Q9ZGH0,1
Q9ZGH3,2
Q9ZGH4,2
Q9ZGH6,1
Q9ZGI2,9
Q9ZGI3,1
Q9ZGI4,1
Q9ZHF6,1
Q9ZHG8,1
Q9ZHG9,4
Q9ZHQ1,1
Q9ZI84,1
Q9ZII9,3
Q9ZIV5,12
Q9ZJ12,1
Q9ZJ19,1
Q9ZK53,1
Q9ZKJ5,2
Q9ZKK2,2
Q9ZKV2,2
Q9ZL26,2
Q9ZL45,1
Q9ZL58,1
Q9ZLB9,2
Q9ZLI1,7
Q9ZLJ5,1
Q9ZLT0,7
Q9ZMG8,1
Q9ZMQ4,1
Q9ZMV2,1
Q9ZMW8,1
Q9ZMY2,17
Q9ZN18,1
Q9ZNA2,1
Q9ZND7,3
Q9ZNM8,1
Q9ZNN8,2
Q9ZNR6,2
Q9ZNV9,1
Q9ZP19,1
Q9ZP49,1
Q9ZP62,1
Q9ZPI5,1
Q9ZPX9,1
Q9ZQI7,1
Q9ZQY5,3
Q9ZS17,4
Q9ZST4,2
Q9ZSY8,1
Q9ZTU2,3
Q9ZUB3,2
Q9ZV05,3
Q9ZV06,6
Q9ZVL3,3
Q9ZVL6,2
Q9ZVN4,10
Q9ZVQ3,1
Q9ZW35,1
Q9ZWC8,1
Q9ZWR8,1
Q9ZZW7,1
R0G998,1
R4GAX0,1
R4GRT2,10
R4GRT3,1
R4GRT4,1
R4GRT6,1
R4GRT7,1
R4GRT8,1
R4GRT9,1
R4GRU1,2
R4GRU4,1
R4GRU5,6
R4GRU6,1
R4GRU9,1
R4I4P2,4
R4IT35,1
R4J9Y2,1
R4JK63,2
R4JTF7,5
R4L1D1,1
R4NFR6,7
R4NH29,1
R4NN21,8
R4P353,5
R4QPW9,1
R4S8C5,1
R4SNK4,4
R4V2Q5,3
R5AK10,1
R6X4Z0,1
R7PD89,1
R7S6N2,1
R7S7J5,3
R8APY9,6
R8YPJ7,2
R9L536,1
R9RL27,2
R9RU05,1
R9RX81,1
R9RY64,1
R9RYW2,2
R9S002,1
R9S083,1
R9TES9,1
R9TEU1,1
R9TNA6,1
R9U684,3
R9UKP5,2
R9UQ53,2
R9UTR3,4
R9VYW2,1
R9W2R6,1
R9WS05,2
R9YK28,1
S0BAP9,2
S0BBR6,2
S0BBU7,2
S0BCU7,2
S0F178,2
S0F332,1
S3AT34,1
S3MDF0,1
S3Z901,1
S4R4S2,1
S4S1V8,1
S4S1V9,2
S4S1W1,2
S4S1W2,1
S4S1W3,1
S4S6Z0,5
S4TKM8,2
S4TL40,1
S4UI50,2
S4UX02,2
S4UY05,2
S4WCF9,2
S4YJ13,1
S4YYB7,1
S5DHS4,2
S5DM51,5
S5DRP1,1
S5FV19,1
S5LVN3,1
S5MRN1,2
S5MXP0,2
S5N020,1
S5TUM1,9
S5ZIQ9,1
S6AU73,4
S6B291,12
S6B2A6,1
S6B2B6,1
S6BAM6,2
S6BAN1,2
S6BC01,2
S6BVH1,1
S6BVK3,2
S6C4R2,4
S6FCX2,2
S7N159,1
S7Q6I2,1
S7SWX2,1
S7UIL3,2
S7UT92,1
S7UWA0,1
S7V0W9,1
S7W9N7,1
S7ZIW0,1
S8EY38,8
S8F6K2,3
S8F856,1
S8G5K8,1
S8G8I1,7
S9Q235,3
S9SHS0,1
S9SJ09,1
T0BMH6,3
T1K1R5,2
T1K569,2
T1K8P1,2
T1KF23,3
T1KUK4,3
T1S9Z0,1
T1SA45,1
T1SF45,1
T1WGN1,2
T1XIY1,1
T1ZG69,1
T1ZH71,1
T2B4K5,3
T2B7E1,18
T2B9G2,4
T2B9R0,1
T2B9U0,6
T2BPA1,1
T2CJ20,1
T2D1F5,3
T2FLN4,1
T2G9Q2,1
T2GJQ6,1
T2HFI5,1
T2HNV0,1
T2HRY3,1
T2HUM4,1
T2KM13,1
T2KN75,1
T2KPK5,1
T2LG16,2
T2M2J4,1
T2M593,1
T2MDZ0,1
T2MHS6,1
U2EQ00,3
U2NM08,2
U2PDT9,2
U2PI02,2
U2UMQ6,2
U2YAF6,1
U3EPL2,1
U3G913,4
U3GK13,5
U3I3I3,2
U3KMH2,2
U3KQA6,4
U3KRE9,1
U3KRF0,1
U3KRF1,1
U3KRF2,1
U3KRF5,1
U3KRF6,1
U3KRF8,1
U3KRG0,2
U3KRG1,1
U3M7V0,1
U3MW57,1
U3N5X4,1
U3N7S5,1
U3PYM0,1
U3RC00,2
U5C6G9,1
U5CJP3,2
U5GTL0,1
U5HK42,2
U5HK46,1
U5HK48,1
U5KNG4,1
U5KQB1,1
U5LUV7,5
U5MRH9,1
U5N1D7,1
U5NVV0,1
U5Q0A5,1
U5Q0A7,1
U5Q2N8,2
U5Q3T2,2
U5T880,1
U5T8F2,1
U5T8W0,1
U5T8W5,1
U5TBJ3,1
U5TBU5,1
U5U3S0,1
U5U6L7,1
U5WZP7,2
U5XBU0,3
U5XYA0,2
U5YJK1,1
U5YJP1,1
U6BPB2,1
U6BR87,3
U6BSB2,3
U6C5W9,2
U6GSR1,2
U6KUE1,2
U6M598,1
V4JF97,1
V4PJJ2,1
V5BCL0,3
V5BWE3,2
V5BY50,1
V5H924,1
V5HCK7,4
V5IRV2,1
V5IRV5,1
V5IRV7,1
V5J3M5,1
V5J5W4,1
V5KTU9,1
V5LU01,1
V5M0Y5,1
V5M2P5,1
V5N7P9,1
V5NXI0,1
V5NZF0,1
V5RDR9,3
V5RF47,1
V5SNJ5,1
V5TDY7,8
V5TDZ4,3
V5TER4,3
V5TFR9,1
V5UQK0,1
V5URS0,1
V5V8R5,1
V5VB82,2
V5VBC5,1
V5VBJ2,1
V5VCK8,2
V5VCW7,1
V5VDS0,1
V5VFJ0,1
V5VGJ9,1
V5VH20,1
V5VHL3,1
V5VHN7,6
V5VIC4,2
V5W9K8,1
V5X927,1
V5XH97,1
V5YAB1,2
V5YM14,11
V5YUZ7,1
V6CLJ5,1
V6F235,39
V6F4Q0,3
V6LC02,4
V6TJK7,1
V6TQ27,1
V7CAP3,1
V7CU13,3
V7II86,5
V7PYQ5,7
V8PGJ1,1
V9GZ94,2
V9H1G0,4
V9HW34,1
V9HW68,4
V9M2S5,1
V9M398,2
V9P0A9,4
V9TU12,2
V9VEF3,6
V9VGU0,1
V9XTR0,1
V9XTV0,1
W0C4C9,1
W0DLP1,1
W0DP94,9
W0DSL1,2
W0FBY3,1
W0FFD7,1
W0I5G2,2
W0J1H8,1
W0PD56,1
W0T4V8,1
W0T9X4,1
W0TA43,1
W0TCJ5,2
W0TDP7,4
W0TJ64,16
W0W999,1
W1DN50,6
W1F4G9,1
W1QGT4,1
W1WMC8,1
W2EQU4,1
W2SRJ3,1
W3VHW6,4
W3VKA4,2
W4I9J7,1
W4KMP1,1
W5F0E6,1
W5IDB2,1
W5IDB6,4
W5IDC3,2
W5JXD7,1
W5JXD9,2
W5JXE0,1
W5MNE5,1
W5QC38,1
W5QLL4,1
W5R4Y8,1
W5RBB9,1
W5RZ25,2
W5S2D2,3
W5SB08,1
W5SB61,1
W5SFE3,1
W5SFZ1,1
W5VG40,1
W5VH56,2
W5WHY8,1
W5ZZG0,1
W6A941,2
W6EBY7,1
W6JQJ6,3
W6KHH6,3
W6Q990,1
W7FF86,1
W7FLI1,1
W7FPA1,1
W7JM86,1
W7JP72,3
W7L2Y2,1
W7NDP8,1
W7X6T2,1
W8CR80,1
W8FKE7,2
W8FSP6,1
W8JMV4,2
W8P1L2,1
W8PB08,1
W8PF21,1
W8PFD2,4
W8PWF3,1
W8QCH3,1
W8QF82,16
W8QF84,2
W8QLE0,1
W8QLX4,1
W8QN64,3
W8QPS6,1
W8RJF9,1
W8SX42,1
W8SZG1,1
W8TIR7,1
W8TNQ9,1
W8TRN9,1
W8TVV3,1
W8U368,2
W8U6D8,1
W8UB14,1
W8UNW6,2
W8VGR4,2
W8VR85,1
W8VZW3,46
W8W3V2,1
W8YSI5,1
W9B6I8,1
W9BBZ5,1
W9BH30,1
W9BIW9,1
W9BNU9,1
W9BQC4,1
X0BTD8,1
X0M5X0,1
X1WGP9,1
X2C382,1
X2D0L0,2
X2D812,3
X2D878,2
X2G6C4,2
X2G809,1
X2G898,1
X2JHN8,1
X2KZJ9,3
X4Y2L4,1
X5CZV5,1
X5DSL3,4
X5DVD1,5
X5E0F1,1
X5EH37,1
X5EM89,3
X5EPV9,1
X5FJJ1,1
X5FN71,1
X5I2D7,5
X5IFG3,1
X5IJ93,1
X5IJ97,1
X5IY86,1
X5IYJ5,3
X5IYZ1,2
X5JZS1,2
X5K3J9,1
X5KVH4,1
X5MEI1,6
