UniProt,CrystalStructureCount,CrystalScore_Global,CrystalScore_q95
A0A075B6N1,1,0.0009157509157509158,0.03225806451612903
A0A075B6T6,3,0.0027472527472527475,0.0967741935483871
A0A087WT01,1,0.0009157509157509158,0.03225806451612903
A0A0A1I7H6,2,0.0018315018315018315,0.06451612903225806
A0A0B4J268,2,0.0018315018315018315,0.06451612903225806
A0A0B4J271,6,0.005494505494505495,0.1935483870967742
A0A0B4J272,3,0.0027472527472527475,0.0967741935483871
A0A0B4J274,1,0.0009157509157509158,0.03225806451612903
A0A0B4J277,4,0.003663003663003663,0.12903225806451613
A0A0B4J279,8,0.007326007326007326,0.25806451612903225
A0A0B4J2E0,6,0.005494505494505495,0.1935483870967742
A0A0B4J2H0,5,0.004578754578754579,0.16129032258064516
A0A0G2JL56,1,0.0009157509157509158,0.03225806451612903
A0A0G2JMB4,1,0.0009157509157509158,0.03225806451612903
A0A0G2JPD3,4,0.003663003663003663,0.12903225806451613
A0A0K0K1A5,7,0.00641025641025641,0.22580645161290322
A0A0U5IHY9,1,0.0009157509157509158,0.03225806451612903
A0A0U5Q247,1,0.0009157509157509158,0.03225806451612903
A0A140T913,28,0.02564102564102564,0.9032258064516129
A0A140T955,1,0.0009157509157509158,0.03225806451612903
A0A143Y4R2,5,0.004578754578754579,0.16129032258064516
A0A173ADK6,1,0.0009157509157509158,0.03225806451612903
A0A1V1IGJ9,2,0.0018315018315018315,0.06451612903225806
A0A2R7Z5J3,4,0.003663003663003663,0.12903225806451613
A0A2R8Y7D0,1,0.0009157509157509158,0.03225806451612903
A0A2R8Y7R8,1,0.0009157509157509158,0.03225806451612903
A0A411J078,3,0.0027472527472527475,0.0967741935483871
A0A499S0B6,1,0.0009157509157509158,0.03225806451612903
A0A4E0W6L3,1,0.0009157509157509158,0.03225806451612903
A0A578,1,0.0009157509157509158,0.03225806451612903
A0A580,1,0.0009157509157509158,0.03225806451612903
A0A583ZB34,6,0.005494505494505495,0.1935483870967742
A0A583ZBQ2,1,0.0009157509157509158,0.03225806451612903
A0A584,1,0.0009157509157509158,0.03225806451612903
A0A592,1,0.0009157509157509158,0.03225806451612903
A0A5A3,3,0.0027472527472527475,0.0967741935483871
A0A5B4,2,0.0018315018315018315,0.06451612903225806
A0A5B6,3,0.0027472527472527475,0.0967741935483871
A0A5B8RNS7,3,0.0027472527472527475,0.0967741935483871
A0A5B9,26,0.023809523809523808,0.8387096774193549
A0A5C2GBJ8,1,0.0009157509157509158,0.03225806451612903
A0A5H2UYS3,12,0.01098901098901099,0.3870967741935484
A0A6B7HFJ9,3,0.0027472527472527475,0.0967741935483871
A0A6B9UEV8,1,0.0009157509157509158,0.03225806451612903
A0FGR8,2,0.0018315018315018315,0.06451612903225806
A0JD37,1,0.0009157509157509158,0.03225806451612903
A1L3X0,1,0.0009157509157509158,0.03225806451612903
A1Z1Q3,4,0.003663003663003663,0.12903225806451613
A2BFX2,1,0.0009157509157509158,0.03225806451612903
A2KBC1,1,0.0009157509157509158,0.03225806451612903
A2NUT2,3,0.0027472527472527475,0.0967741935483871
A3F718,5,0.004578754578754579,0.16129032258064516
A4D126,1,0.0009157509157509158,0.03225806451612903
A4D1P6,10,0.009157509157509158,0.3225806451612903
A4D2B0,1,0.0009157509157509158,0.03225806451612903
A4FUT8,1,0.0009157509157509158,0.03225806451612903
A4UGR9,1,0.0009157509157509158,0.03225806451612903
A5YKK6,8,0.007326007326007326,0.25806451612903225
A6NCL1,1,0.0009157509157509158,0.03225806451612903
A6ND01,3,0.0027472527472527475,0.0967741935483871
A6NED2,3,0.0027472527472527475,0.0967741935483871
A6NGG8,1,0.0009157509157509158,0.03225806451612903
A6NHC0,1,0.0009157509157509158,0.03225806451612903
A6NHQ4,1,0.0009157509157509158,0.03225806451612903
A6NHR9,1,0.0009157509157509158,0.03225806451612903
A6NI73,1,0.0009157509157509158,0.03225806451612903
A6NIH7,1,0.0009157509157509158,0.03225806451612903
A6NK06,1,0.0009157509157509158,0.03225806451612903
A6NK44,1,0.0009157509157509158,0.03225806451612903
A6NNK5,1,0.0009157509157509158,0.03225806451612903
A7KAX9,1,0.0009157509157509158,0.03225806451612903
A8K008,6,0.005494505494505495,0.1935483870967742
A8K0B5,3,0.0027472527472527475,0.0967741935483871
A8K7I4,1,0.0009157509157509158,0.03225806451612903
A8K979,2,0.0018315018315018315,0.06451612903225806
A8MT69,6,0.005494505494505495,0.1935483870967742
A8MUM7,3,0.0027472527472527475,0.0967741935483871
A8MW92,6,0.005494505494505495,0.1935483870967742
A8MW95,1,0.0009157509157509158,0.03225806451612903
A9YTQ3,1,0.0009157509157509158,0.03225806451612903
B2RXH2,1,0.0009157509157509158,0.03225806451612903
B4DV12,4,0.003663003663003663,0.12903225806451613
B4E3L4,1,0.0009157509157509158,0.03225806451612903
B5MDL5,1,0.0009157509157509158,0.03225806451612903
B8YAC7,3,0.0027472527472527475,0.0967741935483871
C1K0Y1,5,0.004578754578754579,0.16129032258064516
C5IYE8,2,0.0018315018315018315,0.06451612903225806
C5MK56,13,0.011904761904761904,0.41935483870967744
D6R938,1,0.0009157509157509158,0.03225806451612903
D6RDG8,5,0.004578754578754579,0.16129032258064516
D9IWL3,1,0.0009157509157509158,0.03225806451612903
D9J307,3,0.0027472527472527475,0.0967741935483871
E5BBQ0,2,0.0018315018315018315,0.06451612903225806
E7EVC7,1,0.0009157509157509158,0.03225806451612903
E7EWM1,1,0.0009157509157509158,0.03225806451612903
E9PKB7,1,0.0009157509157509158,0.03225806451612903
E9PMV2,1,0.0009157509157509158,0.03225806451612903
F4NBQ1,1,0.0009157509157509158,0.03225806451612903
F4NBQ8,11,0.010073260073260074,0.3548387096774194
F4NBT2,1,0.0009157509157509158,0.03225806451612903
F5H747,1,0.0009157509157509158,0.03225806451612903
F6IQR9,2,0.0018315018315018315,0.06451612903225806
F6IQS1,5,0.004578754578754579,0.16129032258064516
F6IQY1,1,0.0009157509157509158,0.03225806451612903
G2XKQ0,1,0.0009157509157509158,0.03225806451612903
G9GAG7,1,0.0009157509157509158,0.03225806451612903
H0Y4R8,2,0.0018315018315018315,0.06451612903225806
H7C0V9,1,0.0009157509157509158,0.03225806451612903
I2FL84,1,0.0009157509157509158,0.03225806451612903
I2G9G1,1,0.0009157509157509158,0.03225806451612903
I3ZN83,2,0.0018315018315018315,0.06451612903225806
I3ZN84,7,0.00641025641025641,0.22580645161290322
I3ZN85,1,0.0009157509157509158,0.03225806451612903
J3QQQ8,1,0.0009157509157509158,0.03225806451612903
J3QS39,3,0.0027472527472527475,0.0967741935483871
K7EMV3,4,0.003663003663003663,0.12903225806451613
K7N5M3,9,0.008241758241758242,0.2903225806451613
K7N5M4,12,0.01098901098901099,0.3870967741935484
K7N5N2,6,0.005494505494505495,0.1935483870967742
L8E853,1,0.0009157509157509158,0.03225806451612903
O00139,5,0.004578754578754579,0.16129032258064516
O00141,1,0.0009157509157509158,0.03225806451612903
O00151,1,0.0009157509157509158,0.03225806451612903
O00161,1,0.0009157509157509158,0.03225806451612903
O00167,3,0.0027472527472527475,0.0967741935483871
O00170,2,0.0018315018315018315,0.06451612903225806
O00182,14,0.01282051282051282,0.45161290322580644
O00187,9,0.008241758241758242,0.2903225806451613
O00189,2,0.0018315018315018315,0.06451612903225806
O00198,3,0.0027472527472527475,0.0967741935483871
O00204,3,0.0027472527472527475,0.0967741935483871
O00206,7,0.00641025641025641,0.22580645161290322
O00212,1,0.0009157509157509158,0.03225806451612903
O00213,7,0.00641025641025641,0.22580645161290322
O00214,30,0.027472527472527472,0.967741935483871
O00238,1,0.0009157509157509158,0.03225806451612903
O00241,1,0.0009157509157509158,0.03225806451612903
O00244,10,0.009157509157509158,0.3225806451612903
O00255,48,0.04395604395604396,1.0
O00257,2,0.0018315018315018315,0.06451612903225806
O00264,1,0.0009157509157509158,0.03225806451612903
O00267,5,0.004578754578754579,0.16129032258064516
O00268,2,0.0018315018315018315,0.06451612903225806
O00291,1,0.0009157509157509158,0.03225806451612903
O00294,2,0.0018315018315018315,0.06451612903225806
O00299,16,0.014652014652014652,0.5161290322580645
O00308,2,0.0018315018315018315,0.06451612903225806
O00311,9,0.008241758241758242,0.2903225806451613
O00327,3,0.0027472527472527475,0.0967741935483871
O00329,3,0.0027472527472527475,0.0967741935483871
O00330,2,0.0018315018315018315,0.06451612903225806
O00338,1,0.0009157509157509158,0.03225806451612903
O00370,6,0.005494505494505495,0.1935483870967742
O00391,3,0.0027472527472527475,0.0967741935483871
O00399,1,0.0009157509157509158,0.03225806451612903
O00401,3,0.0027472527472527475,0.0967741935483871
O00408,41,0.037545787545787544,1.0
O00410,1,0.0009157509157509158,0.03225806451612903
O00411,1,0.0009157509157509158,0.03225806451612903
O00425,3,0.0027472527472527475,0.0967741935483871
O00429,6,0.005494505494505495,0.1935483870967742
O00443,6,0.005494505494505495,0.1935483870967742
O00444,3,0.0027472527472527475,0.0967741935483871
O00445,1,0.0009157509157509158,0.03225806451612903
O00451,2,0.0018315018315018315,0.06451612903225806
O00459,3,0.0027472527472527475,0.0967741935483871
O00472,1,0.0009157509157509158,0.03225806451612903
O00478,4,0.003663003663003663,0.12903225806451613
O00481,14,0.01282051282051282,0.45161290322580644
O00482,21,0.019230769230769232,0.6774193548387096
O00499,1,0.0009157509157509158,0.03225806451612903
O00506,2,0.0018315018315018315,0.06451612903225806
O00512,5,0.004578754578754579,0.16129032258064516
O00522,11,0.010073260073260074,0.3548387096774194
O00560,47,0.04304029304029304,1.0
O00571,11,0.010073260073260074,0.3548387096774194
O00584,1,0.0009157509157509158,0.03225806451612903
O00585,1,0.0009157509157509158,0.03225806451612903
O00602,7,0.00641025641025641,0.22580645161290322
O00625,12,0.01098901098901099,0.3870967741935484
O00629,9,0.008241758241758242,0.2903225806451613
O00746,1,0.0009157509157509158,0.03225806451612903
O00755,1,0.0009157509157509158,0.03225806451612903
O00757,12,0.01098901098901099,0.3870967741935484
O00762,2,0.0018315018315018315,0.06451612903225806
O00763,5,0.004578754578754579,0.16129032258064516
O00764,9,0.008241758241758242,0.2903225806451613
O14490,3,0.0027472527472527475,0.0967741935483871
O14492,1,0.0009157509157509158,0.03225806451612903
O14508,2,0.0018315018315018315,0.06451612903225806
O14520,2,0.0018315018315018315,0.06451612903225806
O14522,1,0.0009157509157509158,0.03225806451612903
O14526,1,0.0009157509157509158,0.03225806451612903
O14531,1,0.0009157509157509158,0.03225806451612903
O14544,1,0.0009157509157509158,0.03225806451612903
O14556,4,0.003663003663003663,0.12903225806451613
O14558,5,0.004578754578754579,0.16129032258064516
O14561,1,0.0009157509157509158,0.03225806451612903
O14593,3,0.0027472527472527475,0.0967741935483871
O14607,12,0.01098901098901099,0.3870967741935484
O14618,1,0.0009157509157509158,0.03225806451612903
O14638,2,0.0018315018315018315,0.06451612903225806
O14640,3,0.0027472527472527475,0.0967741935483871
O14641,10,0.009157509157509158,0.3225806451612903
O14646,7,0.00641025641025641,0.22580645161290322
O14656,2,0.0018315018315018315,0.06451612903225806
O14662,1,0.0009157509157509158,0.03225806451612903
O14684,16,0.014652014652014652,0.5161290322580645
O14686,3,0.0027472527472527475,0.0967741935483871
O14713,1,0.0009157509157509158,0.03225806451612903
O14717,1,0.0009157509157509158,0.03225806451612903
O14727,6,0.005494505494505495,0.1935483870967742
O14732,1,0.0009157509157509158,0.03225806451612903
O14733,26,0.023809523809523808,0.8387096774193549
O14744,31,0.028388278388278388,1.0
O14745,13,0.011904761904761904,0.41935483870967744
O14746,4,0.003663003663003663,0.12903225806451613
O14757,140,0.1282051282051282,1.0
O14763,6,0.005494505494505495,0.1935483870967742
O14770,2,0.0018315018315018315,0.06451612903225806
O14773,2,0.0018315018315018315,0.06451612903225806
O14776,2,0.0018315018315018315,0.06451612903225806
O14777,1,0.0009157509157509158,0.03225806451612903
O14786,21,0.019230769230769232,0.6774193548387096
O14791,4,0.003663003663003663,0.12903225806451613
O14792,1,0.0009157509157509158,0.03225806451612903
O14793,1,0.0009157509157509158,0.03225806451612903
O14796,1,0.0009157509157509158,0.03225806451612903
O14807,3,0.0027472527472527475,0.0967741935483871
O14815,2,0.0018315018315018315,0.06451612903225806
O14818,12,0.01098901098901099,0.3870967741935484
O14832,1,0.0009157509157509158,0.03225806451612903
O14836,1,0.0009157509157509158,0.03225806451612903
O14842,2,0.0018315018315018315,0.06451612903225806
O14862,3,0.0027472527472527475,0.0967741935483871
O14867,1,0.0009157509157509158,0.03225806451612903
O14874,1,0.0009157509157509158,0.03225806451612903
O14893,1,0.0009157509157509158,0.03225806451612903
O14907,5,0.004578754578754579,0.16129032258064516
O14920,2,0.0018315018315018315,0.06451612903225806
O14929,2,0.0018315018315018315,0.06451612903225806
O14931,3,0.0027472527472527475,0.0967741935483871
O14933,2,0.0018315018315018315,0.06451612903225806
O14936,17,0.015567765567765568,0.5483870967741935
O14939,2,0.0018315018315018315,0.06451612903225806
O14944,1,0.0009157509157509158,0.03225806451612903
O14958,2,0.0018315018315018315,0.06451612903225806
O14960,1,0.0009157509157509158,0.03225806451612903
O14964,5,0.004578754578754579,0.16129032258064516
O14965,96,0.08791208791208792,1.0
O14966,1,0.0009157509157509158,0.03225806451612903
O14976,4,0.003663003663003663,0.12903225806451613
O14980,1,0.0009157509157509158,0.03225806451612903
O14994,1,0.0009157509157509158,0.03225806451612903
O15014,1,0.0009157509157509158,0.03225806451612903
O15016,3,0.0027472527472527475,0.0967741935483871
O15021,1,0.0009157509157509158,0.03225806451612903
O15031,1,0.0009157509157509158,0.03225806451612903
O15033,1,0.0009157509157509158,0.03225806451612903
O15037,4,0.003663003663003663,0.12903225806451613
O15047,3,0.0027472527472527475,0.0967741935483871
O15054,6,0.005494505494505495,0.1935483870967742
O15061,1,0.0009157509157509158,0.03225806451612903
O15066,1,0.0009157509157509158,0.03225806451612903
O15075,7,0.00641025641025641,0.22580645161290322
O15085,5,0.004578754578754579,0.16129032258064516
O15091,2,0.0018315018315018315,0.06451612903225806
O15111,1,0.0009157509157509158,0.03225806451612903
O15118,7,0.00641025641025641,0.22580645161290322
O15119,1,0.0009157509157509158,0.03225806451612903
O15123,4,0.003663003663003663,0.12903225806451613
O15151,27,0.024725274725274724,0.8709677419354839
O15162,1,0.0009157509157509158,0.03225806451612903
O15164,18,0.016483516483516484,0.5806451612903226
O15169,14,0.01282051282051282,0.45161290322580644
O15178,49,0.04487179487179487,1.0
O15194,1,0.0009157509157509158,0.03225806451612903
O15198,1,0.0009157509157509158,0.03225806451612903
O15205,1,0.0009157509157509158,0.03225806451612903
O15217,1,0.0009157509157509158,0.03225806451612903
O15226,2,0.0018315018315018315,0.06451612903225806
O15229,1,0.0009157509157509158,0.03225806451612903
O15230,1,0.0009157509157509158,0.03225806451612903
O15234,3,0.0027472527472527475,0.0967741935483871
O15247,3,0.0027472527472527475,0.0967741935483871
O15263,3,0.0027472527472527475,0.0967741935483871
O15264,6,0.005494505494505495,0.1935483870967742
O15273,1,0.0009157509157509158,0.03225806451612903
O15294,23,0.021062271062271064,0.7419354838709677
O15296,2,0.0018315018315018315,0.06451612903225806
O15297,1,0.0009157509157509158,0.03225806451612903
O15305,4,0.003663003663003663,0.12903225806451613
O15335,2,0.0018315018315018315,0.06451612903225806
O15344,1,0.0009157509157509158,0.03225806451612903
O15350,11,0.010073260073260074,0.3548387096774194
O15353,1,0.0009157509157509158,0.03225806451612903
O15357,6,0.005494505494505495,0.1935483870967742
O15379,1,0.0009157509157509158,0.03225806451612903
O15382,28,0.02564102564102564,0.9032258064516129
O15392,8,0.007326007326007326,0.25806451612903225
O15393,7,0.00641025641025641,0.22580645161290322
O15394,4,0.003663003663003663,0.12903225806451613
O15409,1,0.0009157509157509158,0.03225806451612903
O15455,2,0.0018315018315018315,0.06451612903225806
O15460,5,0.004578754578754579,0.16129032258064516
O15467,1,0.0009157509157509158,0.03225806451612903
O15488,1,0.0009157509157509158,0.03225806451612903
O15492,1,0.0009157509157509158,0.03225806451612903
O15496,7,0.00641025641025641,0.22580645161290322
O15503,1,0.0009157509157509158,0.03225806451612903
O15516,2,0.0018315018315018315,0.06451612903225806
O15519,4,0.003663003663003663,0.12903225806451613
O15527,27,0.024725274725274724,0.8709677419354839
O15530,56,0.05128205128205128,1.0
O15540,5,0.004578754578754579,0.16129032258064516
O15550,5,0.004578754578754579,0.16129032258064516
O15553,7,0.00641025641025641,0.22580645161290322
O15554,1,0.0009157509157509158,0.03225806451612903
O19626,4,0.003663003663003663,0.12903225806451613
O19707,3,0.0027472527472527475,0.0967741935483871
O19712,6,0.005494505494505495,0.1935483870967742
O43143,3,0.0027472527472527475,0.0967741935483871
O43148,7,0.00641025641025641,0.22580645161290322
O43151,1,0.0009157509157509158,0.03225806451612903
O43157,3,0.0027472527472527475,0.0967741935483871
O43159,1,0.0009157509157509158,0.03225806451612903
O43169,1,0.0009157509157509158,0.03225806451612903
O43172,1,0.0009157509157509158,0.03225806451612903
O43173,4,0.003663003663003663,0.12903225806451613
O43175,18,0.016483516483516484,0.5806451612903226
O43189,7,0.00641025641025641,0.22580645161290322
O43236,1,0.0009157509157509158,0.03225806451612903
O43252,8,0.007326007326007326,0.25806451612903225
O43255,1,0.0009157509157509158,0.03225806451612903
O43278,4,0.003663003663003663,0.12903225806451613
O43290,1,0.0009157509157509158,0.03225806451612903
O43291,1,0.0009157509157509158,0.03225806451612903
O43293,6,0.005494505494505495,0.1935483870967742
O43312,1,0.0009157509157509158,0.03225806451612903
O43314,20,0.018315018315018316,0.6451612903225806
O43318,14,0.01282051282051282,0.45161290322580644
O43323,3,0.0027472527472527475,0.0967741935483871
O43324,4,0.003663003663003663,0.12903225806451613
O43353,7,0.00641025641025641,0.22580645161290322
O43390,1,0.0009157509157509158,0.03225806451612903
O43395,2,0.0018315018315018315,0.06451612903225806
O43396,1,0.0009157509157509158,0.03225806451612903
O43414,7,0.00641025641025641,0.22580645161290322
O43424,1,0.0009157509157509158,0.03225806451612903
O43426,3,0.0027472527472527475,0.0967741935483871
O43432,1,0.0009157509157509158,0.03225806451612903
O43447,2,0.0018315018315018315,0.06451612903225806
O43451,10,0.009157509157509158,0.3225806451612903
O43463,1,0.0009157509157509158,0.03225806451612903
O43464,9,0.008241758241758242,0.2903225806451613
O43474,1,0.0009157509157509158,0.03225806451612903
O43488,1,0.0009157509157509158,0.03225806451612903
O43504,7,0.00641025641025641,0.22580645161290322
O43508,1,0.0009157509157509158,0.03225806451612903
O43521,36,0.03296703296703297,1.0
O43525,1,0.0009157509157509158,0.03225806451612903
O43557,4,0.003663003663003663,0.12903225806451613
O43566,2,0.0018315018315018315,0.06451612903225806
O43567,1,0.0009157509157509158,0.03225806451612903
O43570,35,0.03205128205128205,1.0
O43572,1,0.0009157509157509158,0.03225806451612903
O43583,4,0.003663003663003663,0.12903225806451613
O43586,3,0.0027472527472527475,0.0967741935483871
O43597,5,0.004578754578754579,0.16129032258064516
O43598,13,0.011904761904761904,0.41935483870967744
O43602,7,0.00641025641025641,0.22580645161290322
O43612,1,0.0009157509157509158,0.03225806451612903
O43613,6,0.005494505494505495,0.1935483870967742
O43614,3,0.0027472527472527475,0.0967741935483871
O43615,1,0.0009157509157509158,0.03225806451612903
O43617,4,0.003663003663003663,0.12903225806451613
O43639,2,0.0018315018315018315,0.06451612903225806
O43660,1,0.0009157509157509158,0.03225806451612903
O43663,2,0.0018315018315018315,0.06451612903225806
O43683,6,0.005494505494505495,0.1935483870967742
O43704,2,0.0018315018315018315,0.06451612903225806
O43707,4,0.003663003663003663,0.12903225806451613
O43708,1,0.0009157509157509158,0.03225806451612903
O43715,2,0.0018315018315018315,0.06451612903225806
O43719,4,0.003663003663003663,0.12903225806451613
O43739,1,0.0009157509157509158,0.03225806451612903
O43741,5,0.004578754578754579,0.16129032258064516
O43747,1,0.0009157509157509158,0.03225806451612903
O43752,2,0.0018315018315018315,0.06451612903225806
O43763,1,0.0009157509157509158,0.03225806451612903
O43765,4,0.003663003663003663,0.12903225806451613
O43766,2,0.0018315018315018315,0.06451612903225806
O43776,5,0.004578754578754579,0.16129032258064516
O43781,1,0.0009157509157509158,0.03225806451612903
O43791,23,0.021062271062271064,0.7419354838709677
O43809,17,0.015567765567765568,0.5483870967741935
O43818,2,0.0018315018315018315,0.06451612903225806
O43897,1,0.0009157509157509158,0.03225806451612903
O43909,2,0.0018315018315018315,0.06451612903225806
O43914,3,0.0027472527472527475,0.0967741935483871
O43921,1,0.0009157509157509158,0.03225806451612903
O43924,31,0.028388278388278388,1.0
O43927,3,0.0027472527472527475,0.0967741935483871
O60216,13,0.011904761904761904,0.41935483870967744
O60218,20,0.018315018315018316,0.6451612903225806
O60229,12,0.01098901098901099,0.3870967741935484
O60232,1,0.0009157509157509158,0.03225806451612903
O60234,1,0.0009157509157509158,0.03225806451612903
O60235,2,0.0018315018315018315,0.06451612903225806
O60239,1,0.0009157509157509158,0.03225806451612903
O60241,1,0.0009157509157509158,0.03225806451612903
O60242,1,0.0009157509157509158,0.03225806451612903
O60259,2,0.0018315018315018315,0.06451612903225806
O60260,9,0.008241758241758242,0.2903225806451613
O60271,1,0.0009157509157509158,0.03225806451612903
O60306,1,0.0009157509157509158,0.03225806451612903
O60307,1,0.0009157509157509158,0.03225806451612903
O60308,2,0.0018315018315018315,0.06451612903225806
O60313,1,0.0009157509157509158,0.03225806451612903
O60318,1,0.0009157509157509158,0.03225806451612903
O60331,1,0.0009157509157509158,0.03225806451612903
O60341,13,0.011904761904761904,0.41935483870967744
O60343,1,0.0009157509157509158,0.03225806451612903
O60381,1,0.0009157509157509158,0.03225806451612903
O60462,10,0.009157509157509158,0.3225806451612903
O60469,1,0.0009157509157509158,0.03225806451612903
O60486,3,0.0027472527472527475,0.0967741935483871
O60494,1,0.0009157509157509158,0.03225806451612903
O60499,1,0.0009157509157509158,0.03225806451612903
O60500,1,0.0009157509157509158,0.03225806451612903
O60502,8,0.007326007326007326,0.25806451612903225
O60507,2,0.0018315018315018315,0.06451612903225806
O60547,6,0.005494505494505495,0.1935483870967742
O60551,2,0.0018315018315018315,0.06451612903225806
O60563,2,0.0018315018315018315,0.06451612903225806
O60565,1,0.0009157509157509158,0.03225806451612903
O60566,4,0.003663003663003663,0.12903225806451613
O60568,10,0.009157509157509158,0.3225806451612903
O60573,6,0.005494505494505495,0.1935483870967742
O60583,1,0.0009157509157509158,0.03225806451612903
O60603,3,0.0027472527472527475,0.0967741935483871
O60609,1,0.0009157509157509158,0.03225806451612903
O60658,2,0.0018315018315018315,0.06451612903225806
O60671,2,0.0018315018315018315,0.06451612903225806
O60673,8,0.007326007326007326,0.25806451612903225
O60674,110,0.10073260073260074,1.0
O60678,8,0.007326007326007326,0.25806451612903225
O60684,2,0.0018315018315018315,0.06451612903225806
O60701,11,0.010073260073260074,0.3548387096774194
O60704,2,0.0018315018315018315,0.06451612903225806
O60711,3,0.0027472527472527475,0.0967741935483871
O60716,1,0.0009157509157509158,0.03225806451612903
O60729,2,0.0018315018315018315,0.06451612903225806
O60760,30,0.027472527472527472,0.967741935483871
O60763,1,0.0009157509157509158,0.03225806451612903
O60784,3,0.0027472527472527475,0.0967741935483871
O60814,4,0.003663003663003663,0.12903225806451613
O60825,1,0.0009157509157509158,0.03225806451612903
O60828,3,0.0027472527472527475,0.0967741935483871
O60829,1,0.0009157509157509158,0.03225806451612903
O60844,7,0.00641025641025641,0.22580645161290322
O60870,1,0.0009157509157509158,0.03225806451612903
O60880,4,0.003663003663003663,0.12903225806451613
O60885,486,0.44505494505494503,1.0
O60888,1,0.0009157509157509158,0.03225806451612903
O60894,8,0.007326007326007326,0.25806451612903225
O60895,4,0.003663003663003663,0.12903225806451613
O60907,1,0.0009157509157509158,0.03225806451612903
O60911,25,0.022893772893772892,0.8064516129032258
O60921,2,0.0018315018315018315,0.06451612903225806
O60930,4,0.003663003663003663,0.12903225806451613
O60936,1,0.0009157509157509158,0.03225806451612903
O60939,3,0.0027472527472527475,0.0967741935483871
O60942,1,0.0009157509157509158,0.03225806451612903
O75015,3,0.0027472527472527475,0.0967741935483871
O75030,3,0.0027472527472527475,0.0967741935483871
O75044,3,0.0027472527472527475,0.0967741935483871
O75051,1,0.0009157509157509158,0.03225806451612903
O75084,7,0.00641025641025641,0.22580645161290322
O75112,1,0.0009157509157509158,0.03225806451612903
O75113,2,0.0018315018315018315,0.06451612903225806
O75116,2,0.0018315018315018315,0.06451612903225806
O75122,5,0.004578754578754579,0.16129032258064516
O75128,1,0.0009157509157509158,0.03225806451612903
O75143,4,0.003663003663003663,0.12903225806451613
O75146,1,0.0009157509157509158,0.03225806451612903
O75147,4,0.003663003663003663,0.12903225806451613
O75151,7,0.00641025641025641,0.22580645161290322
O75154,2,0.0018315018315018315,0.06451612903225806
O75164,79,0.07234432234432235,1.0
O75173,3,0.0027472527472527475,0.0967741935483871
O75175,1,0.0009157509157509158,0.03225806451612903
O75191,4,0.003663003663003663,0.12903225806451613
O75208,3,0.0027472527472527475,0.0967741935483871
O75223,5,0.004578754578754579,0.16129032258064516
O75317,1,0.0009157509157509158,0.03225806451612903
O75319,3,0.0027472527472527475,0.0967741935483871
O75326,1,0.0009157509157509158,0.03225806451612903
O75334,5,0.004578754578754579,0.16129032258064516
O75340,6,0.005494505494505495,0.1935483870967742
O75344,1,0.0009157509157509158,0.03225806451612903
O75347,1,0.0009157509157509158,0.03225806451612903
O75362,2,0.0018315018315018315,0.06451612903225806
O75367,7,0.00641025641025641,0.22580645161290322
O75368,1,0.0009157509157509158,0.03225806451612903
O75369,6,0.005494505494505495,0.1935483870967742
O75376,9,0.008241758241758242,0.2903225806451613
O75382,2,0.0018315018315018315,0.06451612903225806
O75385,14,0.01282051282051282,0.45161290322580644
O75390,11,0.010073260073260074,0.3548387096774194
O75396,1,0.0009157509157509158,0.03225806451612903
O75398,1,0.0009157509157509158,0.03225806451612903
O75419,1,0.0009157509157509158,0.03225806451612903
O75420,1,0.0009157509157509158,0.03225806451612903
O75436,1,0.0009157509157509158,0.03225806451612903
O75460,12,0.01098901098901099,0.3870967741935484
O75469,40,0.03663003663003663,1.0
O75473,2,0.0018315018315018315,0.06451612903225806
O75475,5,0.004578754578754579,0.16129032258064516
O75496,2,0.0018315018315018315,0.06451612903225806
O75506,1,0.0009157509157509158,0.03225806451612903
O75509,2,0.0018315018315018315,0.06451612903225806
O75521,2,0.0018315018315018315,0.06451612903225806
O75525,3,0.0027472527472527475,0.0967741935483871
O75530,46,0.04212454212454213,1.0
O75531,18,0.016483516483516484,0.5806451612903226
O75533,7,0.00641025641025641,0.22580645161290322
O75581,7,0.00641025641025641,0.22580645161290322
O75582,3,0.0027472527472527475,0.0967741935483871
O75592,1,0.0009157509157509158,0.03225806451612903
O75593,1,0.0009157509157509158,0.03225806451612903
O75594,1,0.0009157509157509158,0.03225806451612903
O75604,8,0.007326007326007326,0.25806451612903225
O75608,3,0.0027472527472527475,0.0967741935483871
O75626,1,0.0009157509157509158,0.03225806451612903
O75628,1,0.0009157509157509158,0.03225806451612903
O75629,1,0.0009157509157509158,0.03225806451612903
O75636,3,0.0027472527472527475,0.0967741935483871
O75643,2,0.0018315018315018315,0.06451612903225806
O75663,1,0.0009157509157509158,0.03225806451612903
O75688,1,0.0009157509157509158,0.03225806451612903
O75689,3,0.0027472527472527475,0.0967741935483871
O75695,2,0.0018315018315018315,0.06451612903225806
O75715,1,0.0009157509157509158,0.03225806451612903
O75717,1,0.0009157509157509158,0.03225806451612903
O75746,2,0.0018315018315018315,0.06451612903225806
O75747,1,0.0009157509157509158,0.03225806451612903
O75762,1,0.0009157509157509158,0.03225806451612903
O75787,2,0.0018315018315018315,0.06451612903225806
O75791,1,0.0009157509157509158,0.03225806451612903
O75794,2,0.0018315018315018315,0.06451612903225806
O75807,1,0.0009157509157509158,0.03225806451612903
O75815,1,0.0009157509157509158,0.03225806451612903
O75817,1,0.0009157509157509158,0.03225806451612903
O75822,1,0.0009157509157509158,0.03225806451612903
O75828,1,0.0009157509157509158,0.03225806451612903
O75832,2,0.0018315018315018315,0.06451612903225806
O75838,1,0.0009157509157509158,0.03225806451612903
O75843,3,0.0027472527472527475,0.0967741935483871
O75844,1,0.0009157509157509158,0.03225806451612903
O75865,2,0.0018315018315018315,0.06451612903225806
O75874,36,0.03296703296703297,1.0
O75880,1,0.0009157509157509158,0.03225806451612903
O75884,3,0.0027472527472527475,0.0967741935483871
O75886,1,0.0009157509157509158,0.03225806451612903
O75888,1,0.0009157509157509158,0.03225806451612903
O75891,2,0.0018315018315018315,0.06451612903225806
O75897,2,0.0018315018315018315,0.06451612903225806
O75899,11,0.010073260073260074,0.3548387096774194
O75909,4,0.003663003663003663,0.12903225806451613
O75914,1,0.0009157509157509158,0.03225806451612903
O75923,5,0.004578754578754579,0.16129032258064516
O75928,1,0.0009157509157509158,0.03225806451612903
O75936,11,0.010073260073260074,0.3548387096774194
O75962,2,0.0018315018315018315,0.06451612903225806
O75970,8,0.007326007326007326,0.25806451612903225
O75976,1,0.0009157509157509158,0.03225806451612903
O76003,3,0.0027472527472527475,0.0967741935483871
O76036,2,0.0018315018315018315,0.06451612903225806
O76039,1,0.0009157509157509158,0.03225806451612903
O76041,1,0.0009157509157509158,0.03225806451612903
O76054,4,0.003663003663003663,0.12903225806451613
O76064,2,0.0018315018315018315,0.06451612903225806
O76071,1,0.0009157509157509158,0.03225806451612903
O76074,40,0.03663003663003663,1.0
O76083,13,0.011904761904761904,0.41935483870967744
O76094,2,0.0018315018315018315,0.06451612903225806
O76096,1,0.0009157509157509158,0.03225806451612903
O78189,9,0.008241758241758242,0.2903225806451613
O94760,9,0.008241758241758242,0.2903225806451613
O94762,4,0.003663003663003663,0.12903225806451613
O94766,3,0.0027472527472527475,0.0967741935483871
O94768,7,0.00641025641025641,0.22580645161290322
O94779,1,0.0009157509157509158,0.03225806451612903
O94782,1,0.0009157509157509158,0.03225806451612903
O94788,3,0.0027472527472527475,0.0967741935483871
O94804,10,0.009157509157509158,0.3225806451612903
O94813,3,0.0027472527472527475,0.0967741935483871
O94817,1,0.0009157509157509158,0.03225806451612903
O94826,1,0.0009157509157509158,0.03225806451612903
O94842,1,0.0009157509157509158,0.03225806451612903
O94851,1,0.0009157509157509158,0.03225806451612903
O94875,1,0.0009157509157509158,0.03225806451612903
O94888,2,0.0018315018315018315,0.06451612903225806
O94901,2,0.0018315018315018315,0.06451612903225806
O94907,1,0.0009157509157509158,0.03225806451612903
O94913,1,0.0009157509157509158,0.03225806451612903
O94923,2,0.0018315018315018315,0.06451612903225806
O94925,17,0.015567765567765568,0.5483870967741935
O94953,2,0.0018315018315018315,0.06451612903225806
O94966,1,0.0009157509157509158,0.03225806451612903
O94972,1,0.0009157509157509158,0.03225806451612903
O94979,1,0.0009157509157509158,0.03225806451612903
O94986,2,0.0018315018315018315,0.06451612903225806
O94992,1,0.0009157509157509158,0.03225806451612903
O94993,1,0.0009157509157509158,0.03225806451612903
O95045,3,0.0027472527472527475,0.0967741935483871
O95050,1,0.0009157509157509158,0.03225806451612903
O95057,1,0.0009157509157509158,0.03225806451612903
O95071,3,0.0027472527472527475,0.0967741935483871
O95104,1,0.0009157509157509158,0.03225806451612903
O95140,2,0.0018315018315018315,0.06451612903225806
O95147,1,0.0009157509157509158,0.03225806451612903
O95149,3,0.0027472527472527475,0.0967741935483871
O95150,5,0.004578754578754579,0.16129032258064516
O95155,1,0.0009157509157509158,0.03225806451612903
O95166,28,0.02564102564102564,0.9032258064516129
O95197,1,0.0009157509157509158,0.03225806451612903
O95198,2,0.0018315018315018315,0.06451612903225806
O95210,2,0.0018315018315018315,0.06451612903225806
O95218,1,0.0009157509157509158,0.03225806451612903
O95235,1,0.0009157509157509158,0.03225806451612903
O95238,1,0.0009157509157509158,0.03225806451612903
O95243,14,0.01282051282051282,0.45161290322580644
O95251,7,0.00641025641025641,0.22580645161290322
O95255,1,0.0009157509157509158,0.03225806451612903
O95256,1,0.0009157509157509158,0.03225806451612903
O95257,2,0.0018315018315018315,0.06451612903225806
O95259,1,0.0009157509157509158,0.03225806451612903
O95267,1,0.0009157509157509158,0.03225806451612903
O95271,34,0.031135531135531136,1.0
O95273,1,0.0009157509157509158,0.03225806451612903
O95278,2,0.0018315018315018315,0.06451612903225806
O95292,1,0.0009157509157509158,0.03225806451612903
O95297,2,0.0018315018315018315,0.06451612903225806
O95319,1,0.0009157509157509158,0.03225806451612903
O95340,3,0.0027472527472527475,0.0967741935483871
O95347,1,0.0009157509157509158,0.03225806451612903
O95361,1,0.0009157509157509158,0.03225806451612903
O95363,7,0.00641025641025641,0.22580645161290322
O95365,4,0.003663003663003663,0.12903225806451613
O95372,1,0.0009157509157509158,0.03225806451612903
O95376,1,0.0009157509157509158,0.03225806451612903
O95390,4,0.003663003663003663,0.12903225806451613
O95393,4,0.003663003663003663,0.12903225806451613
O95396,1,0.0009157509157509158,0.03225806451612903
O95398,1,0.0009157509157509158,0.03225806451612903
O95400,2,0.0018315018315018315,0.06451612903225806
O95405,2,0.0018315018315018315,0.06451612903225806
O95407,4,0.003663003663003663,0.12903225806451613
O95433,2,0.0018315018315018315,0.06451612903225806
O95445,3,0.0027472527472527475,0.0967741935483871
O95453,1,0.0009157509157509158,0.03225806451612903
O95470,1,0.0009157509157509158,0.03225806451612903
O95476,2,0.0018315018315018315,0.06451612903225806
O95486,3,0.0027472527472527475,0.0967741935483871
O95487,1,0.0009157509157509158,0.03225806451612903
O95497,3,0.0027472527472527475,0.0967741935483871
O95503,2,0.0018315018315018315,0.06451612903225806
O95551,2,0.0018315018315018315,0.06451612903225806
O95568,1,0.0009157509157509158,0.03225806451612903
O95619,7,0.00641025641025641,0.22580645161290322
O95630,3,0.0027472527472527475,0.0967741935483871
O95633,2,0.0018315018315018315,0.06451612903225806
O95639,2,0.0018315018315018315,0.06451612903225806
O95671,2,0.0018315018315018315,0.06451612903225806
O95684,1,0.0009157509157509158,0.03225806451612903
O95696,302,0.2765567765567766,1.0
O95714,10,0.009157509157509158,0.3225806451612903
O95716,1,0.0009157509157509158,0.03225806451612903
O95718,1,0.0009157509157509158,0.03225806451612903
O95721,1,0.0009157509157509158,0.03225806451612903
O95727,2,0.0018315018315018315,0.06451612903225806
O95747,4,0.003663003663003663,0.12903225806451613
O95749,2,0.0018315018315018315,0.06451612903225806
O95750,2,0.0018315018315018315,0.06451612903225806
O95786,6,0.005494505494505495,0.1935483870967742
O95793,1,0.0009157509157509158,0.03225806451612903
O95801,1,0.0009157509157509158,0.03225806451612903
O95819,14,0.01282051282051282,0.45161290322580644
O95831,12,0.01098901098901099,0.3870967741935484
O95833,2,0.0018315018315018315,0.06451612903225806
O95835,3,0.0027472527472527475,0.0967741935483871
O95848,1,0.0009157509157509158,0.03225806451612903
O95861,1,0.0009157509157509158,0.03225806451612903
O95863,1,0.0009157509157509158,0.03225806451612903
O95881,1,0.0009157509157509158,0.03225806451612903
O95931,5,0.004578754578754579,0.16129032258064516
O95944,1,0.0009157509157509158,0.03225806451612903
O95970,1,0.0009157509157509158,0.03225806451612903
O95971,2,0.0018315018315018315,0.06451612903225806
O95983,4,0.003663003663003663,0.12903225806451613
O95985,1,0.0009157509157509158,0.03225806451612903
O95989,20,0.018315018315018316,0.6451612903225806
O95998,1,0.0009157509157509158,0.03225806451612903
O96007,1,0.0009157509157509158,0.03225806451612903
O96013,30,0.027472527472527472,0.967741935483871
O96017,19,0.0173992673992674,0.6129032258064516
O96018,1,0.0009157509157509158,0.03225806451612903
O96028,10,0.009157509157509158,0.3225806451612903
O96033,1,0.0009157509157509158,0.03225806451612903
P00325,8,0.007326007326007326,0.25806451612903225
P00326,2,0.0018315018315018315,0.06451612903225806
P00338,33,0.03021978021978022,1.0
P00352,18,0.016483516483516484,0.5806451612903226
P00374,86,0.07875457875457875,1.0
P00387,1,0.0009157509157509158,0.03225806451612903
P00390,22,0.020146520146520148,0.7096774193548387
P00403,1,0.0009157509157509158,0.03225806451612903
P00439,17,0.015567765567765568,0.5483870967741935
P00441,109,0.09981684981684982,1.0
P00451,8,0.007326007326007326,0.25806451612903225
P00480,3,0.0027472527472527475,0.0967741935483871
P00488,11,0.010073260073260074,0.3548387096774194
P00491,17,0.015567765567765568,0.5483870967741935
P00492,14,0.01282051282051282,0.45161290322580644
P00519,60,0.054945054945054944,1.0
P00533,121,0.1108058608058608,1.0
P00558,27,0.024725274725274724,0.8709677419354839
P00568,3,0.0027472527472527475,0.0967741935483871
P00709,5,0.004578754578754579,0.16129032258064516
P00734,394,0.3608058608058608,1.0
P00736,1,0.0009157509157509158,0.03225806451612903
P00738,1,0.0009157509157509158,0.03225806451612903
P00740,36,0.03296703296703297,1.0
P00742,134,0.1227106227106227,1.0
P00746,31,0.028388278388278388,1.0
P00747,27,0.024725274725274724,0.8709677419354839
P00748,10,0.009157509157509158,0.3225806451612903
P00749,134,0.1227106227106227,1.0
P00750,3,0.0027472527472527475,0.0967741935483871
P00751,11,0.010073260073260074,0.3548387096774194
P00797,47,0.04304029304029304,1.0
P00813,1,0.0009157509157509158,0.03225806451612903
P00915,47,0.04304029304029304,1.0
P00918,1092,1.0,1.0
P00966,1,0.0009157509157509158,0.03225806451612903
P00995,4,0.003663003663003663,0.12903225806451613
P01008,3,0.0027472527472527475,0.0967741935483871
P01009,25,0.022893772893772892,0.8064516129032258
P01011,20,0.018315018315018316,0.6451612903225806
P01019,9,0.008241758241758242,0.2903225806451613
P01023,1,0.0009157509157509158,0.03225806451612903
P01024,21,0.019230769230769232,0.6774193548387096
P01031,5,0.004578754578754579,0.16129032258064516
P01033,3,0.0027472527472527475,0.0967741935483871
P01034,6,0.005494505494505495,0.1935483870967742
P01040,3,0.0027472527472527475,0.0967741935483871
P01042,7,0.00641025641025641,0.22580645161290322
P01106,11,0.010073260073260074,0.3548387096774194
P01111,19,0.0173992673992674,0.6129032258064516
P01112,167,0.15293040293040294,1.0
P01116,291,0.2664835164835165,1.0
P01127,4,0.003663003663003663,0.12903225806451613
P01130,9,0.008241758241758242,0.2903225806451613
P01135,2,0.0018315018315018315,0.06451612903225806
P01137,1,0.0009157509157509158,0.03225806451612903
P01138,5,0.004578754578754579,0.16129032258064516
P01148,1,0.0009157509157509158,0.03225806451612903
P01160,2,0.0018315018315018315,0.06451612903225806
P01189,1,0.0009157509157509158,0.03225806451612903
P01210,2,0.0018315018315018315,0.06451612903225806
P01213,2,0.0018315018315018315,0.06451612903225806
P01215,1,0.0009157509157509158,0.03225806451612903
P01225,1,0.0009157509157509158,0.03225806451612903
P01236,7,0.00641025641025641,0.22580645161290322
P01241,4,0.003663003663003663,0.12903225806451613
P01270,3,0.0027472527472527475,0.0967741935483871
P01275,13,0.011904761904761904,0.41935483870967744
P01308,212,0.19413919413919414,1.0
P01344,2,0.0018315018315018315,0.06451612903225806
P01350,1,0.0009157509157509158,0.03225806451612903
P01375,16,0.014652014652014652,0.5161290322580645
P01563,1,0.0009157509157509158,0.03225806451612903
P01574,1,0.0009157509157509158,0.03225806451612903
P01579,2,0.0018315018315018315,0.06451612903225806
P01583,2,0.0018315018315018315,0.06451612903225806
P01584,54,0.04945054945054945,1.0
P01588,1,0.0009157509157509158,0.03225806451612903
P01589,2,0.0018315018315018315,0.06451612903225806
P01593,4,0.003663003663003663,0.12903225806451613
P01594,7,0.00641025641025641,0.22580645161290322
P01597,1,0.0009157509157509158,0.03225806451612903
P01619,3,0.0027472527472527475,0.0967741935483871
P01704,4,0.003663003663003663,0.12903225806451613
P01709,7,0.00641025641025641,0.22580645161290322
P01721,4,0.003663003663003663,0.12903225806451613
P01730,21,0.019230769230769232,0.6774193548387096
P01732,1,0.0009157509157509158,0.03225806451612903
P01764,5,0.004578754578754579,0.16129032258064516
P01772,1,0.0009157509157509158,0.03225806451612903
P01825,1,0.0009157509157509158,0.03225806451612903
P01833,1,0.0009157509157509158,0.03225806451612903
P01834,40,0.03663003663003663,1.0
P01848,52,0.047619047619047616,1.0
P01850,31,0.028388278388278388,1.0
P01854,9,0.008241758241758242,0.2903225806451613
P01857,108,0.0989010989010989,1.0
P01859,3,0.0027472527472527475,0.0967741935483871
P01860,6,0.005494505494505495,0.1935483870967742
P01861,9,0.008241758241758242,0.2903225806451613
P01889,194,0.17765567765567766,1.0
P01903,74,0.06776556776556776,1.0
P01909,12,0.01098901098901099,0.3870967741935484
P01911,63,0.057692307692307696,1.0
P01920,4,0.003663003663003663,0.12903225806451613
P02008,2,0.0018315018315018315,0.06451612903225806
P02042,2,0.0018315018315018315,0.06451612903225806
P02144,1,0.0009157509157509158,0.03225806451612903
P02452,10,0.009157509157509158,0.3225806451612903
P02458,6,0.005494505494505495,0.1935483870967742
P02461,4,0.003663003663003663,0.12903225806451613
P02462,3,0.0027472527472527475,0.0967741935483871
P02511,9,0.008241758241758242,0.2903225806451613
P02545,8,0.007326007326007326,0.25806451612903225
P02549,1,0.0009157509157509158,0.03225806451612903
P02647,1,0.0009157509157509158,0.03225806451612903
P02649,17,0.015567765567765568,0.5483870967741935
P02654,3,0.0027472527472527475,0.0967741935483871
P02671,13,0.011904761904761904,0.41935483870967744
P02675,9,0.008241758241758242,0.2903225806451613
P02679,16,0.014652014652014652,0.5161290322580645
P02686,2,0.0018315018315018315,0.06451612903225806
P02689,26,0.023809523809523808,0.8387096774193549
P02708,1,0.0009157509157509158,0.03225806451612903
P02724,1,0.0009157509157509158,0.03225806451612903
P02730,1,0.0009157509157509158,0.03225806451612903
P02741,2,0.0018315018315018315,0.06451612903225806
P02743,9,0.008241758241758242,0.2903225806451613
P02745,8,0.007326007326007326,0.25806451612903225
P02746,8,0.007326007326007326,0.25806451612903225
P02747,8,0.007326007326007326,0.25806451612903225
P02749,2,0.0018315018315018315,0.06451612903225806
P02750,1,0.0009157509157509158,0.03225806451612903
P02751,29,0.026556776556776556,0.9354838709677419
P02753,18,0.016483516483516484,0.5806451612903226
P02760,9,0.008241758241758242,0.2903225806451613
P02763,1,0.0009157509157509158,0.03225806451612903
P02766,372,0.34065934065934067,1.0
P02768,76,0.0695970695970696,1.0
P02771,1,0.0009157509157509158,0.03225806451612903
P02774,5,0.004578754578754579,0.16129032258064516
P02775,3,0.0027472527472527475,0.0967741935483871
P02776,5,0.004578754578754579,0.16129032258064516
P02778,2,0.0018315018315018315,0.06451612903225806
P02786,6,0.005494505494505495,0.1935483870967742
P02787,21,0.019230769230769232,0.6774193548387096
P02788,19,0.0173992673992674,0.6129032258064516
P02792,11,0.010073260073260074,0.3548387096774194
P02794,57,0.0521978021978022,1.0
P02818,1,0.0009157509157509158,0.03225806451612903
P03372,306,0.2802197802197802,1.0
P03950,45,0.04120879120879121,1.0
P03951,74,0.06776556776556776,1.0
P03952,14,0.01282051282051282,0.45161290322580644
P03956,8,0.007326007326007326,0.25806451612903225
P03973,2,0.0018315018315018315,0.06451612903225806
P04003,2,0.0018315018315018315,0.06451612903225806
P04004,4,0.003663003663003663,0.12903225806451613
P04035,21,0.019230769230769232,0.6774193548387096
P04040,5,0.004578754578754579,0.16129032258064516
P04049,27,0.024725274725274724,0.8709677419354839
P04053,1,0.0009157509157509158,0.03225806451612903
P04054,2,0.0018315018315018315,0.06451612903225806
P04062,47,0.04304029304029304,1.0
P04070,4,0.003663003663003663,0.12903225806451613
P04075,6,0.005494505494505495,0.1935483870967742
P04080,3,0.0027472527472527475,0.0967741935483871
P04083,2,0.0018315018315018315,0.06451612903225806
P04085,1,0.0009157509157509158,0.03225806451612903
P04090,1,0.0009157509157509158,0.03225806451612903
P04141,4,0.003663003663003663,0.12903225806451613
P04150,44,0.040293040293040296,1.0
P04155,1,0.0009157509157509158,0.03225806451612903
P04156,22,0.020146520146520148,0.7096774193548387
P04179,36,0.03296703296703297,1.0
P04180,1,0.0009157509157509158,0.03225806451612903
P04181,17,0.015567765567765568,0.5483870967741935
P04183,4,0.003663003663003663,0.12903225806451613
P04198,1,0.0009157509157509158,0.03225806451612903
P04233,9,0.008241758241758242,0.2903225806451613
P04234,1,0.0009157509157509158,0.03225806451612903
P04264,2,0.0018315018315018315,0.06451612903225806
P04271,8,0.007326007326007326,0.25806451612903225
P04275,21,0.019230769230769232,0.6774193548387096
P04278,13,0.011904761904761904,0.41935483870967744
P04406,10,0.009157509157509158,0.3225806451612903
P04437,1,0.0009157509157509158,0.03225806451612903
P04439,275,0.2518315018315018,1.0
P04440,1,0.0009157509157509158,0.03225806451612903
P04626,16,0.014652014652014652,0.5161290322580645
P04629,38,0.0347985347985348,1.0
P04632,8,0.007326007326007326,0.25806451612903225
P04637,213,0.19505494505494506,1.0
P04746,49,0.04487179487179487,1.0
P04792,3,0.0027472527472527475,0.0967741935483871
P04818,39,0.03571428571428571,1.0
P04839,1,0.0009157509157509158,0.03225806451612903
P04908,31,0.028388278388278388,1.0
P05019,8,0.007326007326007326,0.25806451612903225
P05062,1,0.0009157509157509158,0.03225806451612903
P05067,86,0.07875457875457875,1.0
P05089,51,0.046703296703296704,1.0
P05090,2,0.0018315018315018315,0.06451612903225806
P05091,23,0.021062271062271064,0.7419354838709677
P05093,6,0.005494505494505495,0.1935483870967742
P05106,15,0.013736263736263736,0.4838709677419355
P05107,10,0.009157509157509158,0.3225806451612903
P05108,4,0.003663003663003663,0.12903225806451613
P05109,10,0.009157509157509158,0.3225806451612903
P05112,12,0.01098901098901099,0.3870967741935484
P05113,1,0.0009157509157509158,0.03225806451612903
P05120,4,0.003663003663003663,0.12903225806451613
P05121,18,0.016483516483516484,0.5806451612903226
P05129,1,0.0009157509157509158,0.03225806451612903
P05154,4,0.003663003663003663,0.12903225806451613
P05155,2,0.0018315018315018315,0.06451612903225806
P05161,9,0.008241758241758242,0.2903225806451613
P05162,2,0.0018315018315018315,0.06451612903225806
P05164,22,0.020146520146520148,0.7096774193548387
P05165,1,0.0009157509157509158,0.03225806451612903
P05177,1,0.0009157509157509158,0.03225806451612903
P05181,2,0.0018315018315018315,0.06451612903225806
P05187,8,0.007326007326007326,0.25806451612903225
P05198,1,0.0009157509157509158,0.03225806451612903
P05230,73,0.06684981684981685,1.0
P05231,6,0.005494505494505495,0.1935483870967742
P05305,3,0.0027472527472527475,0.0967741935483871
P05362,1,0.0009157509157509158,0.03225806451612903
P05387,3,0.0027472527472527475,0.0967741935483871
P05412,5,0.004578754578754579,0.16129032258064516
P05413,40,0.03663003663003663,1.0
P05451,2,0.0018315018315018315,0.06451612903225806
P05452,2,0.0018315018315018315,0.06451612903225806
P05455,5,0.004578754578754579,0.16129032258064516
P05543,8,0.007326007326007326,0.25806451612903225
P05546,2,0.0018315018315018315,0.06451612903225806
P05556,7,0.00641025641025641,0.22580645161290322
P05787,3,0.0027472527472527475,0.0967741935483871
P05937,1,0.0009157509157509158,0.03225806451612903
P05981,5,0.004578754578754579,0.16129032258064516
P06126,8,0.007326007326007326,0.25806451612903225
P06127,2,0.0018315018315018315,0.06451612903225806
P06132,17,0.015567765567765568,0.5483870967741935
P06213,16,0.014652014652014652,0.5161290322580645
P06239,43,0.039377289377289376,1.0
P06241,33,0.03021978021978022,1.0
P06276,60,0.054945054945054944,1.0
P06280,21,0.019230769230769232,0.6774193548387096
P06312,9,0.008241758241758242,0.2903225806451613
P06396,37,0.03388278388278388,1.0
P06400,14,0.01282051282051282,0.45161290322580644
P06401,18,0.016483516483516484,0.5806451612903226
P06493,6,0.005494505494505495,0.1935483870967742
P06681,2,0.0018315018315018315,0.06451612903225806
P06702,8,0.007326007326007326,0.25806451612903225
P06703,5,0.004578754578754579,0.16129032258064516
P06727,1,0.0009157509157509158,0.03225806451612903
P06729,2,0.0018315018315018315,0.06451612903225806
P06730,38,0.0347985347985348,1.0
P06731,1,0.0009157509157509158,0.03225806451612903
P06732,1,0.0009157509157509158,0.03225806451612903
P06733,7,0.00641025641025641,0.22580645161290322
P06734,13,0.011904761904761904,0.41935483870967744
P06737,14,0.01282051282051282,0.45161290322580644
P06744,6,0.005494505494505495,0.1935483870967742
P06746,279,0.2554945054945055,1.0
P06748,2,0.0018315018315018315,0.06451612903225806
P06753,1,0.0009157509157509158,0.03225806451612903
P06756,5,0.004578754578754579,0.16129032258064516
P06850,1,0.0009157509157509158,0.03225806451612903
P06858,1,0.0009157509157509158,0.03225806451612903
P06870,2,0.0018315018315018315,0.06451612903225806
P06899,27,0.024725274725274724,0.8709677419354839
P07093,1,0.0009157509157509158,0.03225806451612903
P07108,2,0.0018315018315018315,0.06451612903225806
P07148,27,0.024725274725274724,0.8709677419354839
P07195,4,0.003663003663003663,0.12903225806451613
P07199,3,0.0027472527472527475,0.0967741935483871
P07203,1,0.0009157509157509158,0.03225806451612903
P07204,3,0.0027472527472527475,0.0967741935483871
P07237,4,0.003663003663003663,0.12903225806451613
P07288,1,0.0009157509157509158,0.03225806451612903
P07306,8,0.007326007326007326,0.25806451612903225
P07307,1,0.0009157509157509158,0.03225806451612903
P07311,5,0.004578754578754579,0.16129032258064516
P07316,2,0.0018315018315018315,0.06451612903225806
P07320,11,0.010073260073260074,0.3548387096774194
P07327,2,0.0018315018315018315,0.06451612903225806
P07332,7,0.00641025641025641,0.22580645161290322
P07333,11,0.010073260073260074,0.3548387096774194
P07339,7,0.00641025641025641,0.22580645161290322
P07355,27,0.024725274725274724,0.8709677419354839
P07357,3,0.0027472527472527475,0.0967741935483871
P07359,11,0.010073260073260074,0.3548387096774194
P07360,7,0.00641025641025641,0.22580645161290322
P07384,2,0.0018315018315018315,0.06451612903225806
P07437,2,0.0018315018315018315,0.06451612903225806
P07451,4,0.003663003663003663,0.12903225806451613
P07477,6,0.005494505494505495,0.1935483870967742
P07550,4,0.003663003663003663,0.12903225806451613
P07602,15,0.013736263736263736,0.4838709677419355
P07686,5,0.004578754578754579,0.16129032258064516
P07711,45,0.04120879120879121,1.0
P07737,13,0.011904761904761904,0.41935483870967744
P07738,11,0.010073260073260074,0.3548387096774194
P07741,16,0.014652014652014652,0.5161290322580645
P07766,4,0.003663003663003663,0.12903225806451613
P07814,17,0.015567765567765568,0.5483870967741935
P07858,9,0.008241758241758242,0.2903225806451613
P07900,390,0.35714285714285715,1.0
P07902,2,0.0018315018315018315,0.06451612903225806
P07910,1,0.0009157509157509158,0.03225806451612903
P07942,1,0.0009157509157509158,0.03225806451612903
P07947,1,0.0009157509157509158,0.03225806451612903
P07948,2,0.0018315018315018315,0.06451612903225806
P07949,20,0.018315018315018316,0.6451612903225806
P07954,7,0.00641025641025641,0.22580645161290322
P07992,1,0.0009157509157509158,0.03225806451612903
P07996,10,0.009157509157509158,0.3225806451612903
P07998,9,0.008241758241758242,0.2903225806451613
P08069,19,0.0173992673992674,0.6129032258064516
P08118,1,0.0009157509157509158,0.03225806451612903
P08123,5,0.004578754578754579,0.16129032258064516
P08134,3,0.0027472527472527475,0.0967741935483871
P08151,1,0.0009157509157509158,0.03225806451612903
P08172,2,0.0018315018315018315,0.06451612903225806
P08174,6,0.005494505494505495,0.1935483870967742
P08185,4,0.003663003663003663,0.12903225806451613
P08195,2,0.0018315018315018315,0.06451612903225806
P08235,28,0.02564102564102564,0.9032258064516129
P08236,1,0.0009157509157509158,0.03225806451612903
P08238,7,0.00641025641025641,0.22580645161290322
P08240,1,0.0009157509157509158,0.03225806451612903
P08243,1,0.0009157509157509158,0.03225806451612903
P08246,25,0.022893772893772892,0.8064516129032258
P08253,2,0.0018315018315018315,0.06451612903225806
P08254,29,0.026556776556776556,0.9354838709677419
P08263,33,0.03021978021978022,1.0
P08294,1,0.0009157509157509158,0.03225806451612903
P08311,8,0.007326007326007326,0.25806451612903225
P08319,1,0.0009157509157509158,0.03225806451612903
P08397,8,0.007326007326007326,0.25806451612903225
P08473,11,0.010073260073260074,0.3548387096774194
P08476,9,0.008241758241758242,0.2903225806451613
P08514,9,0.008241758241758242,0.2903225806451613
P08519,14,0.01282051282051282,0.45161290322580644
P08559,5,0.004578754578754579,0.16129032258064516
P08567,3,0.0027472527472527475,0.0967741935483871
P08572,3,0.0027472527472527475,0.0967741935483871
P08575,1,0.0009157509157509158,0.03225806451612903
P08579,1,0.0009157509157509158,0.03225806451612903
P08581,88,0.08058608058608059,1.0
P08588,1,0.0009157509157509158,0.03225806451612903
P08603,19,0.0173992673992674,0.6129032258064516
P08620,1,0.0009157509157509158,0.03225806451612903
P08621,1,0.0009157509157509158,0.03225806451612903
P08631,20,0.018315018315018316,0.6451612903225806
P08637,8,0.007326007326007326,0.25806451612903225
P08648,4,0.003663003663003663,0.12903225806451613
P08670,20,0.018315018315018316,0.6451612903225806
P08684,38,0.0347985347985348,1.0
P08700,1,0.0009157509157509158,0.03225806451612903
P08709,93,0.08516483516483517,1.0
P08754,1,0.0009157509157509158,0.03225806451612903
P08758,10,0.009157509157509158,0.3225806451612903
P08833,2,0.0018315018315018315,0.06451612903225806
P08865,1,0.0009157509157509158,0.03225806451612903
P08887,1,0.0009157509157509158,0.03225806451612903
P08922,3,0.0027472527472527475,0.0967741935483871
P09012,27,0.024725274725274724,0.8709677419354839
P09038,16,0.014652014652014652,0.5161290322580645
P09104,14,0.01282051282051282,0.45161290322580644
P09132,1,0.0009157509157509158,0.03225806451612903
P09210,4,0.003663003663003663,0.12903225806451613
P09211,63,0.057692307692307696,1.0
P09234,1,0.0009157509157509158,0.03225806451612903
P09237,6,0.005494505494505495,0.1935483870967742
P09238,3,0.0027472527472527475,0.0967741935483871
P09327,1,0.0009157509157509158,0.03225806451612903
P09382,36,0.03296703296703297,1.0
P09417,1,0.0009157509157509158,0.03225806451612903
P09455,14,0.01282051282051282,0.45161290322580644
P09466,1,0.0009157509157509158,0.03225806451612903
P09467,32,0.029304029304029304,1.0
P09486,1,0.0009157509157509158,0.03225806451612903
P09488,4,0.003663003663003663,0.12903225806451613
P09493,2,0.0018315018315018315,0.06451612903225806
P09525,4,0.003663003663003663,0.12903225806451613
P09543,1,0.0009157509157509158,0.03225806451612903
P09601,22,0.020146520146520148,0.7096774193548387
P09603,3,0.0027472527472527475,0.0967741935483871
P09619,4,0.003663003663003663,0.12903225806451613
P09622,14,0.01282051282051282,0.45161290322580644
P09651,58,0.05311355311355311,1.0
P09661,1,0.0009157509157509158,0.03225806451612903
P09668,2,0.0018315018315018315,0.06451612903225806
P09681,1,0.0009157509157509158,0.03225806451612903
P09693,2,0.0018315018315018315,0.06451612903225806
P09769,1,0.0009157509157509158,0.03225806451612903
P09871,6,0.005494505494505495,0.1935483870967742
P09874,48,0.04395604395604396,1.0
P09884,1,0.0009157509157509158,0.03225806451612903
P09914,5,0.004578754578754579,0.16129032258064516
P09917,3,0.0027472527472527475,0.0967741935483871
P09919,3,0.0027472527472527475,0.0967741935483871
P09936,6,0.005494505494505495,0.1935483870967742
P09958,35,0.03205128205128205,1.0
P09960,67,0.06135531135531135,1.0
P0C024,38,0.0347985347985348,1.0
P0C0L4,1,0.0009157509157509158,0.03225806451612903
P0C0S5,7,0.00641025641025641,0.22580645161290322
P0C0S8,1,0.0009157509157509158,0.03225806451612903
P0C7P0,1,0.0009157509157509158,0.03225806451612903
P0C870,1,0.0009157509157509158,0.03225806451612903
P0CF51,1,0.0009157509157509158,0.03225806451612903
P0CG04,1,0.0009157509157509158,0.03225806451612903
P0CG29,1,0.0009157509157509158,0.03225806451612903
P0CG30,1,0.0009157509157509158,0.03225806451612903
P0CG47,108,0.0989010989010989,1.0
P0CG48,138,0.12637362637362637,1.0
P0DJD7,4,0.003663003663003663,0.12903225806451613
P0DJI8,2,0.0018315018315018315,0.06451612903225806
P0DML2,1,0.0009157509157509158,0.03225806451612903
P0DMM9,1,0.0009157509157509158,0.03225806451612903
P0DMV8,66,0.06043956043956044,1.0
P0DMV9,2,0.0018315018315018315,0.06451612903225806
P0DOX5,35,0.03205128205128205,1.0
P0DOX7,5,0.004578754578754579,0.16129032258064516
P0DOY2,10,0.009157509157509158,0.3225806451612903
P0DOY3,2,0.0018315018315018315,0.06451612903225806
P0DP23,91,0.08333333333333333,1.0
P0DP24,3,0.0027472527472527475,0.0967741935483871
P0DP25,1,0.0009157509157509158,0.03225806451612903
P0DPD7,1,0.0009157509157509158,0.03225806451612903
P0DTU3,2,0.0018315018315018315,0.06451612903225806
P0DTU4,4,0.003663003663003663,0.12903225806451613
P0DUB6,12,0.01098901098901099,0.3870967741935484
P10074,1,0.0009157509157509158,0.03225806451612903
P10082,1,0.0009157509157509158,0.03225806451612903
P10109,4,0.003663003663003663,0.12903225806451613
P10114,2,0.0018315018315018315,0.06451612903225806
P10144,1,0.0009157509157509158,0.03225806451612903
P10145,7,0.00641025641025641,0.22580645161290322
P10147,2,0.0018315018315018315,0.06451612903225806
P10153,14,0.01282051282051282,0.45161290322580644
P10244,1,0.0009157509157509158,0.03225806451612903
P10253,9,0.008241758241758242,0.2903225806451613
P10275,70,0.0641025641025641,1.0
P10276,9,0.008241758241758242,0.2903225806451613
P10301,1,0.0009157509157509158,0.03225806451612903
P10321,6,0.005494505494505495,0.1935483870967742
P10398,4,0.003663003663003663,0.12903225806451613
P10412,3,0.0027472527472527475,0.0967741935483871
P10415,29,0.026556776556776556,0.9354838709677419
P10451,1,0.0009157509157509158,0.03225806451612903
P10515,3,0.0027472527472527475,0.0967741935483871
P10586,6,0.005494505494505495,0.1935483870967742
P10599,20,0.018315018315018316,0.6451612903225806
P10600,4,0.003663003663003663,0.12903225806451613
P10619,10,0.009157509157509158,0.3225806451612903
P10632,1,0.0009157509157509158,0.03225806451612903
P10635,7,0.00641025641025641,0.22580645161290322
P10636,42,0.038461538461538464,1.0
P10644,3,0.0027472527472527475,0.0967741935483871
P10646,4,0.003663003663003663,0.12903225806451613
P10720,1,0.0009157509157509158,0.03225806451612903
P10721,30,0.027472527472527472,0.967741935483871
P10746,1,0.0009157509157509158,0.03225806451612903
P10747,5,0.004578754578754579,0.16129032258064516
P10768,1,0.0009157509157509158,0.03225806451612903
P10826,6,0.005494505494505495,0.1935483870967742
P10827,8,0.007326007326007326,0.25806451612903225
P10828,11,0.010073260073260074,0.3548387096774194
P10912,2,0.0018315018315018315,0.06451612903225806
P10997,12,0.01098901098901099,0.3870967741935484
P11021,22,0.020146520146520148,0.7096774193548387
P11047,1,0.0009157509157509158,0.03225806451612903
P11086,33,0.03021978021978022,1.0
P11142,35,0.03205128205128205,1.0
P11166,1,0.0009157509157509158,0.03225806451612903
P11169,3,0.0027472527472527475,0.0967741935483871
P11171,1,0.0009157509157509158,0.03225806451612903
P11172,61,0.055860805860805864,1.0
P11177,5,0.004578754578754579,0.16129032258064516
P11182,1,0.0009157509157509158,0.03225806451612903
P11215,7,0.00641025641025641,0.22580645161290322
P11216,1,0.0009157509157509158,0.03225806451612903
P11217,1,0.0009157509157509158,0.03225806451612903
P11226,1,0.0009157509157509158,0.03225806451612903
P11229,3,0.0027472527472527475,0.0967741935483871
P11233,12,0.01098901098901099,0.3870967741935484
P11234,2,0.0018315018315018315,0.06451612903225806
P11245,1,0.0009157509157509158,0.03225806451612903
P11274,3,0.0027472527472527475,0.0967741935483871
P11277,2,0.0018315018315018315,0.06451612903225806
P11308,3,0.0027472527472527475,0.0967741935483871
P11309,154,0.14102564102564102,1.0
P11310,2,0.0018315018315018315,0.06451612903225806
P11362,51,0.046703296703296704,1.0
P11387,4,0.003663003663003663,0.12903225806451613
P11388,6,0.005494505494505495,0.1935483870967742
P11413,3,0.0027472527472527475,0.0967741935483871
P11441,2,0.0018315018315018315,0.06451612903225806
P11473,40,0.03663003663003663,1.0
P11474,4,0.003663003663003663,0.12903225806451613
P11488,1,0.0009157509157509158,0.03225806451612903
P11509,10,0.009157509157509158,0.3225806451612903
P11532,4,0.003663003663003663,0.12903225806451613
P11586,10,0.009157509157509158,0.3225806451612903
P11597,1,0.0009157509157509158,0.03225806451612903
P11678,1,0.0009157509157509158,0.03225806451612903
P11686,1,0.0009157509157509158,0.03225806451612903
P11712,9,0.008241758241758242,0.2903225806451613
P11717,11,0.010073260073260074,0.3548387096774194
P11766,7,0.00641025641025641,0.22580645161290322
P11802,4,0.003663003663003663,0.12903225806451613
P11836,1,0.0009157509157509158,0.03225806451612903
P11926,3,0.0027472527472527475,0.0967741935483871
P11940,21,0.019230769230769232,0.6774193548387096
P12004,17,0.015567765567765568,0.5483870967741935
P12018,2,0.0018315018315018315,0.06451612903225806
P12081,2,0.0018315018315018315,0.06451612903225806
P12104,1,0.0009157509157509158,0.03225806451612903
P12111,4,0.003663003663003663,0.12903225806451613
P12259,5,0.004578754578754579,0.16129032258064516
P12270,1,0.0009157509157509158,0.03225806451612903
P12271,2,0.0018315018315018315,0.06451612903225806
P12272,2,0.0018315018315018315,0.06451612903225806
P12277,4,0.003663003663003663,0.12903225806451613
P12314,2,0.0018315018315018315,0.06451612903225806
P12318,3,0.0027472527472527475,0.0967741935483871
P12319,1,0.0009157509157509158,0.03225806451612903
P12429,2,0.0018315018315018315,0.06451612903225806
P12544,2,0.0018315018315018315,0.06451612903225806
P12643,9,0.008241758241758242,0.2903225806451613
P12645,1,0.0009157509157509158,0.03225806451612903
P12694,23,0.021062271062271064,0.7419354838709677
P12724,9,0.008241758241758242,0.2903225806451613
P12755,3,0.0027472527472527475,0.0967741935483871
P12757,1,0.0009157509157509158,0.03225806451612903
P12814,2,0.0018315018315018315,0.06451612903225806
P12821,65,0.05952380952380952,1.0
P12830,14,0.01282051282051282,0.45161290322580644
P12838,3,0.0027472527472527475,0.0967741935483871
P12883,10,0.009157509157509158,0.3225806451612903
P12931,59,0.05402930402930403,1.0
P12955,20,0.018315018315018316,0.6451612903225806
P12956,1,0.0009157509157509158,0.03225806451612903
P13010,2,0.0018315018315018315,0.06451612903225806
P13051,20,0.018315018315018316,0.6451612903225806
P13224,2,0.0018315018315018315,0.06451612903225806
P13236,1,0.0009157509157509158,0.03225806451612903
P13489,4,0.003663003663003663,0.12903225806451613
P13497,8,0.007326007326007326,0.25806451612903225
P13500,5,0.004578754578754579,0.16129032258064516
P13501,12,0.01098901098901099,0.3870967741935484
P13569,25,0.022893772893772892,0.8064516129032258
P13591,5,0.004578754578754579,0.16129032258064516
P13598,1,0.0009157509157509158,0.03225806451612903
P13612,1,0.0009157509157509158,0.03225806451612903
P13631,11,0.010073260073260074,0.3548387096774194
P13645,3,0.0027472527472527475,0.0967741935483871
P13667,1,0.0009157509157509158,0.03225806451612903
P13671,1,0.0009157509157509158,0.03225806451612903
P13674,5,0.004578754578754579,0.16129032258064516
P13686,2,0.0018315018315018315,0.06451612903225806
P13688,8,0.007326007326007326,0.25806451612903225
P13693,6,0.005494505494505495,0.1935483870967742
P13716,1,0.0009157509157509158,0.03225806451612903
P13725,1,0.0009157509157509158,0.03225806451612903
P13726,35,0.03205128205128205,1.0
P13727,3,0.0027472527472527475,0.0967741935483871
P13747,13,0.011904761904761904,0.41935483870967744
P13797,1,0.0009157509157509158,0.03225806451612903
P13804,2,0.0018315018315018315,0.06451612903225806
P13861,2,0.0018315018315018315,0.06451612903225806
P13928,1,0.0009157509157509158,0.03225806451612903
P13929,1,0.0009157509157509158,0.03225806451612903
P13984,1,0.0009157509157509158,0.03225806451612903
P13987,5,0.004578754578754579,0.16129032258064516
P13995,14,0.01282051282051282,0.45161290322580644
P14061,23,0.021062271062271064,0.7419354838709677
P14091,1,0.0009157509157509158,0.03225806451612903
P14138,1,0.0009157509157509158,0.03225806451612903
P14151,2,0.0018315018315018315,0.06451612903225806
P14174,104,0.09523809523809523,1.0
P14207,4,0.003663003663003663,0.12903225806451613
P14210,20,0.018315018315018316,0.6451612903225806
P14316,1,0.0009157509157509158,0.03225806451612903
P14324,75,0.06868131868131869,1.0
P14410,1,0.0009157509157509158,0.03225806451612903
P14416,1,0.0009157509157509158,0.03225806451612903
P14550,1,0.0009157509157509158,0.03225806451612903
P14555,13,0.011904761904761904,0.41935483870967744
P14598,6,0.005494505494505495,0.1935483870967742
P14618,30,0.027472527472527472,0.967741935483871
P14635,4,0.003663003663003663,0.12903225806451613
P14649,2,0.0018315018315018315,0.06451612903225806
P14653,1,0.0009157509157509158,0.03225806451612903
P14678,1,0.0009157509157509158,0.03225806451612903
P14735,12,0.01098901098901099,0.3870967741935484
P14770,1,0.0009157509157509158,0.03225806451612903
P14778,2,0.0018315018315018315,0.06451612903225806
P14780,26,0.023809523809523808,0.8387096774193549
P14784,4,0.003663003663003663,0.12903225806451613
P14859,1,0.0009157509157509158,0.03225806451612903
P14866,3,0.0027472527472527475,0.0967741935483871
P14868,1,0.0009157509157509158,0.03225806451612903
P14902,39,0.03571428571428571,1.0
P14920,9,0.008241758241758242,0.2903225806451613
P14921,7,0.00641025641025641,0.22580645161290322
P15018,1,0.0009157509157509158,0.03225806451612903
P15036,2,0.0018315018315018315,0.06451612903225806
P15056,29,0.026556776556776556,0.9354838709677419
P15085,6,0.005494505494505495,0.1935483870967742
P15086,2,0.0018315018315018315,0.06451612903225806
P15090,244,0.22344322344322345,1.0
P15104,1,0.0009157509157509158,0.03225806451612903
P15121,156,0.14285714285714285,1.0
P15144,7,0.00641025641025641,0.22580645161290322
P15151,1,0.0009157509157509158,0.03225806451612903
P15153,4,0.003663003663003663,0.12903225806451613
P15169,1,0.0009157509157509158,0.03225806451612903
P15170,1,0.0009157509157509158,0.03225806451612903
P15248,2,0.0018315018315018315,0.06451612903225806
P15260,1,0.0009157509157509158,0.03225806451612903
P15289,7,0.00641025641025641,0.22580645161290322
P15291,18,0.016483516483516484,0.5806451612903226
P15309,2,0.0018315018315018315,0.06451612903225806
P15311,4,0.003663003663003663,0.12903225806451613
P15328,3,0.0027472527472527475,0.0967741935483871
P15336,3,0.0027472527472527475,0.0967741935483871
P15374,4,0.003663003663003663,0.12903225806451613
P15428,1,0.0009157509157509158,0.03225806451612903
P15498,1,0.0009157509157509158,0.03225806451612903
P15529,1,0.0009157509157509158,0.03225806451612903
P15531,6,0.005494505494505495,0.1935483870967742
P15538,2,0.0018315018315018315,0.06451612903225806
P15559,18,0.016483516483516484,0.5806451612903226
P15692,31,0.028388278388278388,1.0
P15735,1,0.0009157509157509158,0.03225806451612903
P15813,6,0.005494505494505495,0.1935483870967742
P15814,1,0.0009157509157509158,0.03225806451612903
P15848,1,0.0009157509157509158,0.03225806451612903
P15882,1,0.0009157509157509158,0.03225806451612903
P15884,3,0.0027472527472527475,0.0967741935483871
P15907,4,0.003663003663003663,0.12903225806451613
P15923,2,0.0018315018315018315,0.06451612903225806
P15924,1,0.0009157509157509158,0.03225806451612903
P15927,6,0.005494505494505495,0.1935483870967742
P15941,14,0.01282051282051282,0.45161290322580644
P15976,1,0.0009157509157509158,0.03225806451612903
P16035,2,0.0018315018315018315,0.06451612903225806
P16070,4,0.003663003663003663,0.12903225806451613
P16083,68,0.06227106227106227,1.0
P16104,8,0.007326007326007326,0.25806451612903225
P16109,2,0.0018315018315018315,0.06451612903225806
P16112,1,0.0009157509157509158,0.03225806451612903
P16118,1,0.0009157509157509158,0.03225806451612903
P16144,10,0.009157509157509158,0.3225806451612903
P16152,6,0.005494505494505495,0.1935483870967742
P16157,4,0.003663003663003663,0.12903225806451613
P16219,1,0.0009157509157509158,0.03225806451612903
P16233,2,0.0018315018315018315,0.06451612903225806
P16234,8,0.007326007326007326,0.25806451612903225
P16278,8,0.007326007326007326,0.25806451612903225
P16298,1,0.0009157509157509158,0.03225806451612903
P16333,11,0.010073260073260074,0.3548387096774194
P16401,1,0.0009157509157509158,0.03225806451612903
P16410,7,0.00641025641025641,0.22580645161290322
P16422,2,0.0018315018315018315,0.06451612903225806
P16435,9,0.008241758241758242,0.2903225806451613
P16442,151,0.1382783882783883,1.0
P16444,2,0.0018315018315018315,0.06451612903225806
P16455,4,0.003663003663003663,0.12903225806451613
P16471,7,0.00641025641025641,0.22580645161290322
P16473,1,0.0009157509157509158,0.03225806451612903
P16581,9,0.008241758241758242,0.2903225806451613
P16591,1,0.0009157509157509158,0.03225806451612903
P16662,1,0.0009157509157509158,0.03225806451612903
P16671,1,0.0009157509157509158,0.03225806451612903
P16871,2,0.0018315018315018315,0.06451612903225806
P16885,1,0.0009157509157509158,0.03225806451612903
P17028,1,0.0009157509157509158,0.03225806451612903
P17050,7,0.00641025641025641,0.22580645161290322
P17066,1,0.0009157509157509158,0.03225806451612903
P17174,4,0.003663003663003663,0.12903225806451613
P17181,2,0.0018315018315018315,0.06451612903225806
P17213,2,0.0018315018315018315,0.06451612903225806
P17252,2,0.0018315018315018315,0.06451612903225806
P17301,4,0.003663003663003663,0.12903225806451613
P17342,2,0.0018315018315018315,0.06451612903225806
P17405,2,0.0018315018315018315,0.06451612903225806
P17480,1,0.0009157509157509158,0.03225806451612903
P17516,1,0.0009157509157509158,0.03225806451612903
P17535,2,0.0018315018315018315,0.06451612903225806
P17540,1,0.0009157509157509158,0.03225806451612903
P17612,36,0.03296703296703297,1.0
P17643,7,0.00641025641025641,0.22580645161290322
P17655,2,0.0018315018315018315,0.06451612903225806
P17676,12,0.01098901098901099,0.3870967741935484
P17693,5,0.004578754578754579,0.16129032258064516
P17706,7,0.00641025641025641,0.22580645161290322
P17707,24,0.02197802197802198,0.7741935483870968
P17735,1,0.0009157509157509158,0.03225806451612903
P17752,7,0.00641025641025641,0.22580645161290322
P17813,1,0.0009157509157509158,0.03225806451612903
P17900,7,0.00641025641025641,0.22580645161290322
P17931,130,0.11904761904761904,1.0
P17947,10,0.009157509157509158,0.3225806451612903
P17948,6,0.005494505494505495,0.1935483870967742
P18031,401,0.36721611721611724,1.0
P18074,1,0.0009157509157509158,0.03225806451612903
P18075,2,0.0018315018315018315,0.06451612903225806
P18146,4,0.003663003663003663,0.12903225806451613
P18206,11,0.010073260073260074,0.3548387096774194
P18283,1,0.0009157509157509158,0.03225806451612903
P18433,1,0.0009157509157509158,0.03225806451612903
P18440,2,0.0018315018315018315,0.06451612903225806
P18510,2,0.0018315018315018315,0.06451612903225806
P18564,4,0.003663003663003663,0.12903225806451613
P18583,4,0.003663003663003663,0.12903225806451613
P18669,10,0.009157509157509158,0.3225806451612903
P18754,9,0.008241758241758242,0.2903225806451613
P18827,3,0.0027472527472527475,0.0967741935483871
P18858,16,0.014652014652014652,0.5161290322580645
P18887,7,0.00641025641025641,0.22580645161290322
P19087,2,0.0018315018315018315,0.06451612903225806
P19099,1,0.0009157509157509158,0.03225806451612903
P19113,4,0.003663003663003663,0.12903225806451613
P19174,2,0.0018315018315018315,0.06451612903225806
P19235,6,0.005494505494505495,0.1935483870967742
P19256,1,0.0009157509157509158,0.03225806451612903
P19320,2,0.0018315018315018315,0.06451612903225806
P19367,4,0.003663003663003663,0.12903225806451613
P19419,1,0.0009157509157509158,0.03225806451612903
P19429,1,0.0009157509157509158,0.03225806451612903
P19438,3,0.0027472527472527475,0.0967741935483871
P19440,12,0.01098901098901099,0.3870967741935484
P19447,1,0.0009157509157509158,0.03225806451612903
P19474,8,0.007326007326007326,0.25806451612903225
P19525,4,0.003663003663003663,0.12903225806451613
P19544,17,0.015567765567765568,0.5483870967741935
P19623,5,0.004578754578754579,0.16129032258064516
P19634,4,0.003663003663003663,0.12903225806451613
P19652,5,0.004578754578754579,0.16129032258064516
P19784,30,0.027472527472527472,0.967741935483871
P19793,68,0.06227106227106227,1.0
P19801,5,0.004578754578754579,0.16129032258064516
P19827,2,0.0018315018315018315,0.06451612903225806
P19835,6,0.005494505494505495,0.1935483870967742
P19838,5,0.004578754578754579,0.16129032258064516
P19875,1,0.0009157509157509158,0.03225806451612903
P19878,4,0.003663003663003663,0.12903225806451613
P19883,2,0.0018315018315018315,0.06451612903225806
P19957,2,0.0018315018315018315,0.06451612903225806
P19971,3,0.0027472527472527475,0.0967741935483871
P20023,3,0.0027472527472527475,0.0967741935483871
P20036,1,0.0009157509157509158,0.03225806451612903
P20061,1,0.0009157509157509158,0.03225806451612903
P20062,6,0.005494505494505495,0.1935483870967742
P20073,1,0.0009157509157509158,0.03225806451612903
P20132,2,0.0018315018315018315,0.06451612903225806
P20138,6,0.005494505494505495,0.1935483870967742
P20142,2,0.0018315018315018315,0.06451612903225806
P20151,2,0.0018315018315018315,0.06451612903225806
P20155,1,0.0009157509157509158,0.03225806451612903
P20160,4,0.003663003663003663,0.12903225806451613
P20226,4,0.003663003663003663,0.12903225806451613
P20231,12,0.01098901098901099,0.3870967741935484
P20248,60,0.054945054945054944,1.0
P20273,3,0.0027472527472527475,0.0967741935483871
P20290,2,0.0018315018315018315,0.06451612903225806
P20292,1,0.0009157509157509158,0.03225806451612903
P20333,2,0.0018315018315018315,0.06451612903225806
P20337,1,0.0009157509157509158,0.03225806451612903
P20338,4,0.003663003663003663,0.12903225806451613
P20339,12,0.01098901098901099,0.3870967741935484
P20340,4,0.003663003663003663,0.12903225806451613
P20366,1,0.0009157509157509158,0.03225806451612903
P20393,2,0.0018315018315018315,0.06451612903225806
P20585,2,0.0018315018315018315,0.06451612903225806
P20591,3,0.0027472527472527475,0.0967741935483871
P20618,13,0.011904761904761904,0.41935483870967744
P20645,1,0.0009157509157509158,0.03225806451612903
P20671,1,0.0009157509157509158,0.03225806451612903
P20700,3,0.0027472527472527475,0.0967741935483871
P20701,29,0.026556776556776556,0.9354838709677419
P20702,1,0.0009157509157509158,0.03225806451612903
P20711,5,0.004578754578754579,0.16129032258064516
P20718,2,0.0018315018315018315,0.06451612903225806
P20749,2,0.0018315018315018315,0.06451612903225806
P20783,4,0.003663003663003663,0.12903225806451613
P20807,2,0.0018315018315018315,0.06451612903225806
P20809,2,0.0018315018315018315,0.06451612903225806
P20813,10,0.009157509157509158,0.3225806451612903
P20815,2,0.0018315018315018315,0.06451612903225806
P20823,2,0.0018315018315018315,0.06451612903225806
P20827,1,0.0009157509157509158,0.03225806451612903
P20839,1,0.0009157509157509158,0.03225806451612903
P20849,5,0.004578754578754579,0.16129032258064516
P20929,1,0.0009157509157509158,0.03225806451612903
P20930,1,0.0009157509157509158,0.03225806451612903
P20933,2,0.0018315018315018315,0.06451612903225806
P20936,10,0.009157509157509158,0.3225806451612903
P20963,2,0.0018315018315018315,0.06451612903225806
P21128,1,0.0009157509157509158,0.03225806451612903
P21333,14,0.01282051282051282,0.45161290322580644
P21359,5,0.004578754578754579,0.16129032258064516
P21397,2,0.0018315018315018315,0.06451612903225806
P21399,1,0.0009157509157509158,0.03225806451612903
P21549,11,0.010073260073260074,0.3548387096774194
P21579,13,0.011904761904761904,0.41935483870967744
P21580,10,0.009157509157509158,0.3225806451612903
P21583,2,0.0018315018315018315,0.06451612903225806
P21589,37,0.03388278388278388,1.0
P21673,10,0.009157509157509158,0.3225806451612903
P21675,28,0.02564102564102564,0.9032258064516129
P21695,6,0.005494505494505495,0.1935483870967742
P21709,2,0.0018315018315018315,0.06451612903225806
P21730,1,0.0009157509157509158,0.03225806451612903
P21731,1,0.0009157509157509158,0.03225806451612903
P21757,1,0.0009157509157509158,0.03225806451612903
P21802,37,0.03388278388278388,1.0
P21817,1,0.0009157509157509158,0.03225806451612903
P21860,3,0.0027472527472527475,0.0967741935483871
P21917,2,0.0018315018315018315,0.06451612903225806
P21926,3,0.0027472527472527475,0.0967741935483871
P21953,23,0.021062271062271064,0.7419354838709677
P21964,11,0.010073260073260074,0.3548387096774194
P21980,5,0.004578754578754579,0.16129032258064516
P22001,1,0.0009157509157509158,0.03225806451612903
P22004,3,0.0027472527472527475,0.0967741935483871
P22033,2,0.0018315018315018315,0.06451612903225806
P22061,2,0.0018315018315018315,0.06451612903225806
P22087,1,0.0009157509157509158,0.03225806451612903
P22102,32,0.029304029304029304,1.0
P22223,14,0.01282051282051282,0.45161290322580644
P22234,2,0.0018315018315018315,0.06451612903225806
P22301,6,0.005494505494505495,0.1935483870967742
P22303,41,0.037545787545787544,1.0
P22304,1,0.0009157509157509158,0.03225806451612903
P22307,1,0.0009157509157509158,0.03225806451612903
P22352,1,0.0009157509157509158,0.03225806451612903
P22362,2,0.0018315018315018315,0.06451612903225806
P22392,7,0.00641025641025641,0.22580645161290322
P22413,1,0.0009157509157509158,0.03225806451612903
P22455,32,0.029304029304029304,1.0
P22557,27,0.024725274725274724,0.8709677419354839
P22607,5,0.004578754578754579,0.16129032258064516
P22626,5,0.004578754578754579,0.16129032258064516
P22670,1,0.0009157509157509158,0.03225806451612903
P22680,2,0.0018315018315018315,0.06451612903225806
P22681,20,0.018315018315018316,0.6451612903225806
P22692,3,0.0027472527472527475,0.0967741935483871
P22735,1,0.0009157509157509158,0.03225806451612903
P22736,13,0.011904761904761904,0.41935483870967744
P22748,9,0.008241758241758242,0.2903225806451613
P22749,1,0.0009157509157509158,0.03225806451612903
P22830,23,0.021062271062271064,0.7419354838709677
P22891,1,0.0009157509157509158,0.03225806451612903
P22894,24,0.02197802197802198,0.7741935483870968
P22897,18,0.016483516483516484,0.5806451612903226
P22914,8,0.007326007326007326,0.25806451612903225
P23025,1,0.0009157509157509158,0.03225806451612903
P23141,8,0.007326007326007326,0.25806451612903225
P23193,1,0.0009157509157509158,0.03225806451612903
P23246,6,0.005494505494505495,0.1935483870967742
P23258,1,0.0009157509157509158,0.03225806451612903
P23280,1,0.0009157509157509158,0.03225806451612903
P23284,3,0.0027472527472527475,0.0967741935483871
P23297,1,0.0009157509157509158,0.03225806451612903
P23368,9,0.008241758241758242,0.2903225806451613
P23378,3,0.0027472527472527475,0.0967741935483871
P23381,8,0.007326007326007326,0.25806451612903225
P23435,1,0.0009157509157509158,0.03225806451612903
P23443,10,0.009157509157509158,0.3225806451612903
P23458,45,0.04120879120879121,1.0
P23467,12,0.01098901098901099,0.3870967741935484
P23468,3,0.0027472527472527475,0.0967741935483871
P23469,3,0.0027472527472527475,0.0967741935483871
P23470,17,0.015567765567765568,0.5483870967741935
P23471,3,0.0027472527472527475,0.0967741935483871
P23497,117,0.10714285714285714,1.0
P23508,1,0.0009157509157509158,0.03225806451612903
P23510,1,0.0009157509157509158,0.03225806451612903
P23511,6,0.005494505494505495,0.1935483870967742
P23526,4,0.003663003663003663,0.12903225806451613
P23528,1,0.0009157509157509158,0.03225806451612903
P23560,1,0.0009157509157509158,0.03225806451612903
P23582,1,0.0009157509157509158,0.03225806451612903
P23677,16,0.014652014652014652,0.5161290322580645
P23743,1,0.0009157509157509158,0.03225806451612903
P23760,1,0.0009157509157509158,0.03225806451612903
P23771,1,0.0009157509157509158,0.03225806451612903
P23919,21,0.019230769230769232,0.6774193548387096
P23921,4,0.003663003663003663,0.12903225806451613
P23945,1,0.0009157509157509158,0.03225806451612903
P23946,40,0.03663003663003663,1.0
P24043,1,0.0009157509157509158,0.03225806451612903
P24071,1,0.0009157509157509158,0.03225806451612903
P24158,1,0.0009157509157509158,0.03225806451612903
P24385,4,0.003663003663003663,0.12903225806451613
P24394,1,0.0009157509157509158,0.03225806451612903
P24462,1,0.0009157509157509158,0.03225806451612903
P24468,1,0.0009157509157509158,0.03225806451612903
P24530,3,0.0027472527472527475,0.0967741935483871
P24534,1,0.0009157509157509158,0.03225806451612903
P24588,2,0.0018315018315018315,0.06451612903225806
P24593,1,0.0009157509157509158,0.03225806451612903
P24666,16,0.014652014652014652,0.5161290322580645
P24723,2,0.0018315018315018315,0.06451612903225806
P24752,7,0.00641025641025641,0.22580645161290322
P24821,17,0.015567765567765568,0.5483870967741935
P24855,1,0.0009157509157509158,0.03225806451612903
P24863,20,0.018315018315018316,0.6451612903225806
P24864,9,0.008241758241758242,0.2903225806451613
P24928,15,0.013736263736263736,0.4838709677419355
P24941,403,0.36904761904761907,1.0
P25025,1,0.0009157509157509158,0.03225806451612903
P25054,22,0.020146520146520148,0.7096774193548387
P25098,5,0.004578754578754579,0.16129032258064516
P25103,2,0.0018315018315018315,0.06451612903225806
P25106,1,0.0009157509157509158,0.03225806451612903
P25116,5,0.004578754578754579,0.16129032258064516
P25189,1,0.0009157509157509158,0.03225806451612903
P25208,8,0.007326007326007326,0.25806451612903225
P25311,3,0.0027472527472527475,0.0967741935483871
P25325,2,0.0018315018315018315,0.06451612903225806
P25440,133,0.12179487179487179,1.0
P25445,3,0.0027472527472527475,0.0967741935483871
P25490,1,0.0009157509157509158,0.03225806451612903
P25685,3,0.0027472527472527475,0.0967741935483871
P25774,56,0.05128205128205128,1.0
P25786,12,0.01098901098901099,0.3870967741935484
P25787,12,0.01098901098901099,0.3870967741935484
P25788,12,0.01098901098901099,0.3870967741935484
P25789,12,0.01098901098901099,0.3870967741935484
P25791,1,0.0009157509157509158,0.03225806451612903
P25815,2,0.0018315018315018315,0.06451612903225806
P25942,3,0.0027472527472527475,0.0967741935483871
P25963,2,0.0018315018315018315,0.06451612903225806
P26010,1,0.0009157509157509158,0.03225806451612903
P26022,1,0.0009157509157509158,0.03225806451612903
P26038,3,0.0027472527472527475,0.0967741935483871
P26045,11,0.010073260073260074,0.3548387096774194
P26196,7,0.00641025641025641,0.22580645161290322
P26232,1,0.0009157509157509158,0.03225806451612903
P26358,8,0.007326007326007326,0.25806451612903225
P26367,1,0.0009157509157509158,0.03225806451612903
P26368,26,0.023809523809523808,0.8387096774193549
P26378,2,0.0018315018315018315,0.06451612903225806
P26441,1,0.0009157509157509158,0.03225806451612903
P26447,11,0.010073260073260074,0.3548387096774194
P26599,2,0.0018315018315018315,0.06451612903225806
P26639,2,0.0018315018315018315,0.06451612903225806
P26641,2,0.0018315018315018315,0.06451612903225806
P26651,1,0.0009157509157509158,0.03225806451612903
P26678,2,0.0018315018315018315,0.06451612903225806
P26715,1,0.0009157509157509158,0.03225806451612903
P26718,7,0.00641025641025641,0.22580645161290322
P26842,1,0.0009157509157509158,0.03225806451612903
P26885,2,0.0018315018315018315,0.06451612903225806
P26927,1,0.0009157509157509158,0.03225806451612903
P26951,1,0.0009157509157509158,0.03225806451612903
P26998,1,0.0009157509157509158,0.03225806451612903
P27037,4,0.003663003663003663,0.12903225806451613
P27144,3,0.0027472527472527475,0.0967741935483871
P27338,50,0.045787545787545784,1.0
P27348,4,0.003663003663003663,0.12903225806451613
P27361,3,0.0027472527472527475,0.0967741935483871
P27448,7,0.00641025641025641,0.22580645161290322
P27482,1,0.0009157509157509158,0.03225806451612903
P27487,66,0.06043956043956044,1.0
P27540,22,0.020146520146520148,0.7096774193548387
P27635,1,0.0009157509157509158,0.03225806451612903
P27694,30,0.027472527472527472,0.967741935483871
P27695,48,0.04395604395604396,1.0
P27707,38,0.0347985347985348,1.0
P27708,51,0.046703296703296704,1.0
P27797,5,0.004578754578754579,0.16129032258064516
P27815,4,0.003663003663003663,0.12903225806451613
P27918,3,0.0027472527472527475,0.0967741935483871
P27986,20,0.018315018315018316,0.6451612903225806
P28039,2,0.0018315018315018315,0.06451612903225806
P28062,4,0.003663003663003663,0.12903225806451613
P28065,2,0.0018315018315018315,0.06451612903225806
P28066,12,0.01098901098901099,0.3870967741935484
P28067,2,0.0018315018315018315,0.06451612903225806
P28068,2,0.0018315018315018315,0.06451612903225806
P28070,12,0.01098901098901099,0.3870967741935484
P28072,10,0.009157509157509158,0.3225806451612903
P28074,10,0.009157509157509158,0.3225806451612903
P28161,7,0.00641025641025641,0.22580645161290322
P28289,5,0.004578754578754579,0.16129032258064516
P28324,2,0.0018315018315018315,0.06451612903225806
P28325,2,0.0018315018315018315,0.06451612903225806
P28329,6,0.005494505494505495,0.1935483870967742
P28330,2,0.0018315018315018315,0.06451612903225806
P28347,7,0.00641025641025641,0.22580645161290322
P28482,121,0.1108058608058608,1.0
P28562,3,0.0027472527472527475,0.0967741935483871
P28676,4,0.003663003663003663,0.12903225806451613
P28702,1,0.0009157509157509158,0.03225806451612903
P28715,3,0.0027472527472527475,0.0967741935483871
P28749,3,0.0027472527472527475,0.0967741935483871
P28827,1,0.0009157509157509158,0.03225806451612903
P28845,28,0.02564102564102564,0.9032258064516129
P28907,43,0.039377289377289376,1.0
P28908,1,0.0009157509157509158,0.03225806451612903
P29016,13,0.011904761904761904,0.41935483870967744
P29017,4,0.003663003663003663,0.12903225806451613
P29034,2,0.0018315018315018315,0.06451612903225806
P29074,6,0.005494505494505495,0.1935483870967742
P29083,1,0.0009157509157509158,0.03225806451612903
P29084,1,0.0009157509157509158,0.03225806451612903
P29218,10,0.009157509157509158,0.3225806451612903
P29274,44,0.040293040293040296,1.0
P29317,69,0.06318681318681318,1.0
P29320,28,0.02564102564102564,0.9032258064516129
P29322,1,0.0009157509157509158,0.03225806451612903
P29323,4,0.003663003663003663,0.12903225806451613
P29350,8,0.007326007326007326,0.25806451612903225
P29353,3,0.0027472527472527475,0.0967741935483871
P29372,5,0.004578754578754579,0.16129032258064516
P29373,75,0.06868131868131869,1.0
P29374,1,0.0009157509157509158,0.03225806451612903
P29375,36,0.03296703296703297,1.0
P29376,2,0.0018315018315018315,0.06451612903225806
P29400,2,0.0018315018315018315,0.06451612903225806
P29401,13,0.011904761904761904,0.41935483870967744
P29460,4,0.003663003663003663,0.12903225806451613
P29466,27,0.024725274725274724,0.8709677419354839
P29474,59,0.05402930402930403,1.0
P29475,86,0.07875457875457875,1.0
P29508,2,0.0018315018315018315,0.06451612903225806
P29536,3,0.0027472527472527475,0.0967741935483871
P29590,12,0.01098901098901099,0.3870967741935484
P29597,40,0.03663003663003663,1.0
P29622,2,0.0018315018315018315,0.06451612903225806
P29692,1,0.0009157509157509158,0.03225806451612903
P29762,2,0.0018315018315018315,0.06451612903225806
P29965,3,0.0027472527472527475,0.0967741935483871
P29966,1,0.0009157509157509158,0.03225806451612903
P29992,2,0.0018315018315018315,0.06451612903225806
P30038,4,0.003663003663003663,0.12903225806451613
P30040,1,0.0009157509157509158,0.03225806451612903
P30041,2,0.0018315018315018315,0.06451612903225806
P30043,21,0.019230769230769232,0.6774193548387096
P30044,11,0.010073260073260074,0.3548387096774194
P30046,18,0.016483516483516484,0.5806451612903226
P30047,6,0.005494505494505495,0.1935483870967742
P30048,1,0.0009157509157509158,0.03225806451612903
P30085,2,0.0018315018315018315,0.06451612903225806
P30086,3,0.0027472527472527475,0.0967741935483871
P30101,1,0.0009157509157509158,0.03225806451612903
P30153,2,0.0018315018315018315,0.06451612903225806
P30273,1,0.0009157509157509158,0.03225806451612903
P30279,1,0.0009157509157509158,0.03225806451612903
P30291,20,0.018315018315018316,0.6451612903225806
P30304,1,0.0009157509157509158,0.03225806451612903
P30305,17,0.015567765567765568,0.5483870967741935
P30307,4,0.003663003663003663,0.12903225806451613
P30405,59,0.05402930402930403,1.0
P30414,1,0.0009157509157509158,0.03225806451612903
P30419,37,0.03388278388278388,1.0
P30518,1,0.0009157509157509158,0.03225806451612903
P30519,5,0.004578754578754579,0.16129032258064516
P30520,1,0.0009157509157509158,0.03225806451612903
P30530,1,0.0009157509157509158,0.03225806451612903
P30533,1,0.0009157509157509158,0.03225806451612903
P30566,2,0.0018315018315018315,0.06451612903225806
P30613,45,0.04120879120879121,1.0
P30622,6,0.005494505494505495,0.1935483870967742
P30626,5,0.004578754578754579,0.16129032258064516
P30711,3,0.0027472527472527475,0.0967741935483871
P30793,6,0.005494505494505495,0.1935483870967742
P30837,2,0.0018315018315018315,0.06451612903225806
P30838,5,0.004578754578754579,0.16129032258064516
P30988,2,0.0018315018315018315,0.06451612903225806
P30990,2,0.0018315018315018315,0.06451612903225806
P31025,2,0.0018315018315018315,0.06451612903225806
P31151,7,0.00641025641025641,0.22580645161290322
P31153,43,0.039377289377289376,1.0
P31327,4,0.003663003663003663,0.12903225806451613
P31350,3,0.0027472527472527475,0.0967741935483871
P31358,1,0.0009157509157509158,0.03225806451612903
P31371,2,0.0018315018315018315,0.06451612903225806
P31415,4,0.003663003663003663,0.12903225806451613
P31431,2,0.0018315018315018315,0.06451612903225806
P31483,3,0.0027472527472527475,0.0967741935483871
P31689,1,0.0009157509157509158,0.03225806451612903
P31749,31,0.028388278388278388,1.0
P31751,13,0.011904761904761904,0.41935483870967744
P31785,3,0.0027472527472527475,0.0967741935483871
P31937,1,0.0009157509157509158,0.03225806451612903
P31939,3,0.0027472527472527475,0.0967741935483871
P31941,1,0.0009157509157509158,0.03225806451612903
P31946,7,0.00641025641025641,0.22580645161290322
P31947,350,0.32051282051282054,1.0
P31948,4,0.003663003663003663,0.12903225806451613
P31994,2,0.0018315018315018315,0.06451612903225806
P31997,2,0.0018315018315018315,0.06451612903225806
P32019,2,0.0018315018315018315,0.06451612903225806
P32119,5,0.004578754578754579,0.16129032258064516
P32238,1,0.0009157509157509158,0.03225806451612903
P32241,14,0.01282051282051282,0.45161290322580644
P32248,1,0.0009157509157509158,0.03225806451612903
P32297,3,0.0027472527472527475,0.0967741935483871
P32320,1,0.0009157509157509158,0.03225806451612903
P32321,1,0.0009157509157509158,0.03225806451612903
P32322,31,0.028388278388278388,1.0
P32455,4,0.003663003663003663,0.12903225806451613
P32456,1,0.0009157509157509158,0.03225806451612903
P32754,2,0.0018315018315018315,0.06451612903225806
P32929,4,0.003663003663003663,0.12903225806451613
P32942,1,0.0009157509157509158,0.03225806451612903
P33176,5,0.004578754578754579,0.16129032258064516
P33241,2,0.0018315018315018315,0.06451612903225806
P33260,2,0.0018315018315018315,0.06451612903225806
P33316,10,0.009157509157509158,0.3225806451612903
P33527,2,0.0018315018315018315,0.06451612903225806
P33552,4,0.003663003663003663,0.12903225806451613
P33763,1,0.0009157509157509158,0.03225806451612903
P33764,5,0.004578754578754579,0.16129032258064516
P33981,38,0.0347985347985348,1.0
P34059,1,0.0009157509157509158,0.03225806451612903
P34096,2,0.0018315018315018315,0.06451612903225806
P34896,2,0.0018315018315018315,0.06451612903225806
P34897,7,0.00641025641025641,0.22580645161290322
P34913,106,0.09706959706959707,1.0
P34925,1,0.0009157509157509158,0.03225806451612903
P34931,1,0.0009157509157509158,0.03225806451612903
P34947,4,0.003663003663003663,0.12903225806451613
P34998,1,0.0009157509157509158,0.03225806451612903
P35030,16,0.014652014652014652,0.5161290322580645
P35052,2,0.0018315018315018315,0.06451612903225806
P35080,1,0.0009157509157509158,0.03225806451612903
P35219,1,0.0009157509157509158,0.03225806451612903
P35221,6,0.005494505494505495,0.1935483870967742
P35222,30,0.027472527472527472,0.967741935483871
P35225,4,0.003663003663003663,0.12903225806451613
P35226,2,0.0018315018315018315,0.06451612903225806
P35228,7,0.00641025641025641,0.22580645161290322
P35236,11,0.010073260073260074,0.3548387096774194
P35240,3,0.0027472527472527475,0.0967741935483871
P35243,1,0.0009157509157509158,0.03225806451612903
P35244,4,0.003663003663003663,0.12903225806451613
P35247,25,0.022893772893772892,0.8064516129032258
P35269,3,0.0027472527472527475,0.0967741935483871
P35270,12,0.01098901098901099,0.3870967741935484
P35318,2,0.0018315018315018315,0.06451612903225806
P35354,5,0.004578754578754579,0.16129032258064516
P35398,3,0.0027472527472527475,0.0967741935483871
P35475,8,0.007326007326007326,0.25806451612903225
P35499,1,0.0009157509157509158,0.03225806451612903
P35520,3,0.0027472527472527475,0.0967741935483871
P35555,5,0.004578754578754579,0.16129032258064516
P35557,24,0.02197802197802198,0.7741935483870968
P35558,7,0.00641025641025641,0.22580645161290322
P35568,5,0.004578754578754579,0.16129032258064516
P35579,4,0.003663003663003663,0.12903225806451613
P35609,10,0.009157509157509158,0.3225806451612903
P35613,5,0.004578754578754579,0.16129032258064516
P35625,1,0.0009157509157509158,0.03225806451612903
P35637,4,0.003663003663003663,0.12903225806451613
P35658,1,0.0009157509157509158,0.03225806451612903
P35670,2,0.0018315018315018315,0.06451612903225806
P35680,1,0.0009157509157509158,0.03225806451612903
P35754,1,0.0009157509157509158,0.03225806451612903
P35790,23,0.021062271062271064,0.7419354838709677
P35813,10,0.009157509157509158,0.3225806451612903
P35914,4,0.003663003663003663,0.12903225806451613
P35916,1,0.0009157509157509158,0.03225806451612903
P35968,37,0.03388278388278388,1.0
P36222,8,0.007326007326007326,0.25806451612903225
P36404,1,0.0009157509157509158,0.03225806451612903
P36406,2,0.0018315018315018315,0.06451612903225806
P36507,1,0.0009157509157509158,0.03225806451612903
P36544,6,0.005494505494505495,0.1935483870967742
P36551,1,0.0009157509157509158,0.03225806451612903
P36639,88,0.08058608058608059,1.0
P36776,3,0.0027472527472527475,0.0967741935483871
P36871,9,0.008241758241758242,0.2903225806451613
P36873,9,0.008241758241758242,0.2903225806451613
P36888,4,0.003663003663003663,0.12903225806451613
P36894,7,0.00641025641025641,0.22580645161290322
P36897,32,0.029304029304029304,1.0
P36952,1,0.0009157509157509158,0.03225806451612903
P36955,1,0.0009157509157509158,0.03225806451612903
P36956,1,0.0009157509157509158,0.03225806451612903
P36959,2,0.0018315018315018315,0.06451612903225806
P36969,15,0.013736263736263736,0.4838709677419355
P36980,2,0.0018315018315018315,0.06451612903225806
P37023,1,0.0009157509157509158,0.03225806451612903
P37108,1,0.0009157509157509158,0.03225806451612903
P37173,13,0.011904761904761904,0.41935483870967744
P37231,204,0.18681318681318682,1.0
P37268,28,0.02564102564102564,0.9032258064516129
P37288,1,0.0009157509157509158,0.03225806451612903
P37837,1,0.0009157509157509158,0.03225806451612903
P37840,14,0.01282051282051282,0.45161290322580644
P38117,2,0.0018315018315018315,0.06451612903225806
P38398,8,0.007326007326007326,0.25806451612903225
P38484,1,0.0009157509157509158,0.03225806451612903
P38646,2,0.0018315018315018315,0.06451612903225806
P38919,4,0.003663003663003663,0.12903225806451613
P38935,1,0.0009157509157509158,0.03225806451612903
P38936,5,0.004578754578754579,0.16129032258064516
P39059,1,0.0009157509157509158,0.03225806451612903
P39060,1,0.0009157509157509158,0.03225806451612903
P39086,10,0.009157509157509158,0.3225806451612903
P39687,2,0.0018315018315018315,0.06451612903225806
P39748,11,0.010073260073260074,0.3548387096774194
P39900,71,0.06501831501831502,1.0
P39905,2,0.0018315018315018315,0.06451612903225806
P40121,1,0.0009157509157509158,0.03225806451612903
P40126,1,0.0009157509157509158,0.03225806451612903
P40189,4,0.003663003663003663,0.12903225806451613
P40198,3,0.0027472527472527475,0.0967741935483871
P40199,2,0.0018315018315018315,0.06451612903225806
P40261,19,0.0173992673992674,0.6129032258064516
P40306,2,0.0018315018315018315,0.06451612903225806
P40337,52,0.047619047619047616,1.0
P40394,2,0.0018315018315018315,0.06451612903225806
P40424,2,0.0018315018315018315,0.06451612903225806
P40616,2,0.0018315018315018315,0.06451612903225806
P40692,6,0.005494505494505495,0.1935483870967742
P40818,5,0.004578754578754579,0.16129032258064516
P40855,3,0.0027472527472527475,0.0967741935483871
P40925,2,0.0018315018315018315,0.06451612903225806
P40926,7,0.00641025641025641,0.22580645161290322
P40933,3,0.0027472527472527475,0.0967741935483871
P40967,10,0.009157509157509158,0.3225806451612903
P41091,2,0.0018315018315018315,0.06451612903225806
P41143,1,0.0009157509157509158,0.03225806451612903
P41159,1,0.0009157509157509158,0.03225806451612903
P41161,2,0.0018315018315018315,0.06451612903225806
P41180,1,0.0009157509157509158,0.03225806451612903
P41182,218,0.19963369963369965,1.0
P41208,2,0.0018315018315018315,0.06451612903225806
P41212,14,0.01282051282051282,0.45161290322580644
P41214,2,0.0018315018315018315,0.06451612903225806
P41218,2,0.0018315018315018315,0.06451612903225806
P41220,1,0.0009157509157509158,0.03225806451612903
P41222,16,0.014652014652014652,0.5161290322580645
P41229,1,0.0009157509157509158,0.03225806451612903
P41235,3,0.0027472527472527475,0.0967741935483871
P41240,4,0.003663003663003663,0.12903225806451613
P41250,1,0.0009157509157509158,0.03225806451612903
P41271,2,0.0018315018315018315,0.06451612903225806
P41273,3,0.0027472527472527475,0.0967741935483871
P41279,1,0.0009157509157509158,0.03225806451612903
P41586,1,0.0009157509157509158,0.03225806451612903
P41587,1,0.0009157509157509158,0.03225806451612903
P41594,3,0.0027472527472527475,0.0967741935483871
P41597,1,0.0009157509157509158,0.03225806451612903
P41743,5,0.004578754578754579,0.16129032258064516
P42081,1,0.0009157509157509158,0.03225806451612903
P42126,1,0.0009157509157509158,0.03225806451612903
P42224,2,0.0018315018315018315,0.06451612903225806
P42226,1,0.0009157509157509158,0.03225806451612903
P42261,1,0.0009157509157509158,0.03225806451612903
P42262,14,0.01282051282051282,0.45161290322580644
P42285,1,0.0009157509157509158,0.03225806451612903
P42330,50,0.045787545787545784,1.0
P42336,21,0.019230769230769232,0.6774193548387096
P42345,14,0.01282051282051282,0.45161290322580644
P42566,6,0.005494505494505495,0.1935483870967742
P42568,11,0.010073260073260074,0.3548387096774194
P42574,114,0.1043956043956044,1.0
P42575,12,0.01098901098901099,0.3870967741935484
P42679,2,0.0018315018315018315,0.06451612903225806
P42684,6,0.005494505494505495,0.1935483870967742
P42701,1,0.0009157509157509158,0.03225806451612903
P42765,2,0.0018315018315018315,0.06451612903225806
P42768,2,0.0018315018315018315,0.06451612903225806
P42771,1,0.0009157509157509158,0.03225806451612903
P42773,4,0.003663003663003663,0.12903225806451613
P42858,1,0.0009157509157509158,0.03225806451612903
P42892,1,0.0009157509157509158,0.03225806451612903
P42898,1,0.0009157509157509158,0.03225806451612903
P43026,5,0.004578754578754579,0.16129032258064516
P43034,1,0.0009157509157509158,0.03225806451612903
P43115,1,0.0009157509157509158,0.03225806451612903
P43146,1,0.0009157509157509158,0.03225806451612903
P43155,2,0.0018315018315018315,0.06451612903225806
P43166,11,0.010073260073260074,0.3548387096774194
P43220,10,0.009157509157509158,0.3225806451612903
P43235,61,0.055860805860805864,1.0
P43246,2,0.0018315018315018315,0.06451612903225806
P43268,2,0.0018315018315018315,0.06451612903225806
P43320,1,0.0009157509157509158,0.03225806451612903
P43351,1,0.0009157509157509158,0.03225806451612903
P43354,3,0.0027472527472527475,0.0967741935483871
P43355,2,0.0018315018315018315,0.06451612903225806
P43357,3,0.0027472527472527475,0.0967741935483871
P43358,3,0.0027472527472527475,0.0967741935483871
P43363,3,0.0027472527472527475,0.0967741935483871
P43364,1,0.0009157509157509158,0.03225806451612903
P43378,7,0.00641025641025641,0.22580645161290322
P43403,8,0.007326007326007326,0.25806451612903225
P43405,84,0.07692307692307693,1.0
P43489,4,0.003663003663003663,0.12903225806451613
P43490,71,0.06501831501831502,1.0
P43626,2,0.0018315018315018315,0.06451612903225806
P43629,14,0.01282051282051282,0.45161290322580644
P43631,2,0.0018315018315018315,0.06451612903225806
P43632,1,0.0009157509157509158,0.03225806451612903
P43652,2,0.0018315018315018315,0.06451612903225806
P43686,1,0.0009157509157509158,0.03225806451612903
P45379,1,0.0009157509157509158,0.03225806451612903
P45452,39,0.03571428571428571,1.0
P45877,1,0.0009157509157509158,0.03225806451612903
P45954,1,0.0009157509157509158,0.03225806451612903
P45973,4,0.003663003663003663,0.12903225806451613
P45974,9,0.008241758241758242,0.2903225806451613
P45983,18,0.016483516483516484,0.5806451612903226
P45984,4,0.003663003663003663,0.12903225806451613
P45985,2,0.0018315018315018315,0.06451612903225806
P46013,1,0.0009157509157509158,0.03225806451612903
P46060,7,0.00641025641025641,0.22580645161290322
P46063,2,0.0018315018315018315,0.06451612903225806
P46095,1,0.0009157509157509158,0.03225806451612903
P46100,7,0.00641025641025641,0.22580645161290322
P46108,2,0.0018315018315018315,0.06451612903225806
P46109,1,0.0009157509157509158,0.03225806451612903
P46379,5,0.004578754578754579,0.16129032258064516
P46459,1,0.0009157509157509158,0.03225806451612903
P46527,10,0.009157509157509158,0.3225806451612903
P46531,13,0.011904761904761904,0.41935483870967744
P46597,1,0.0009157509157509158,0.03225806451612903
P46776,1,0.0009157509157509158,0.03225806451612903
P46926,1,0.0009157509157509158,0.03225806451612903
P46934,6,0.005494505494505495,0.1935483870967742
P46937,25,0.022893772893772892,0.8064516129032258
P46939,1,0.0009157509157509158,0.03225806451612903
P46940,3,0.0027472527472527475,0.0967741935483871
P46952,3,0.0027472527472527475,0.0967741935483871
P46976,15,0.013736263736263736,0.4838709677419355
P47224,1,0.0009157509157509158,0.03225806451612903
P47712,2,0.0018315018315018315,0.06451612903225806
P47871,3,0.0027472527472527475,0.0967741935483871
P47895,3,0.0027472527472527475,0.0967741935483871
P47897,1,0.0009157509157509158,0.03225806451612903
P47900,1,0.0009157509157509158,0.03225806451612903
P47929,25,0.022893772893772892,0.8064516129032258
P47974,2,0.0018315018315018315,0.06451612903225806
P48023,2,0.0018315018315018315,0.06451612903225806
P48052,2,0.0018315018315018315,0.06451612903225806
P48059,5,0.004578754578754579,0.16129032258064516
P48060,2,0.0018315018315018315,0.06451612903225806
P48061,8,0.007326007326007326,0.25806451612903225
P48147,1,0.0009157509157509158,0.03225806451612903
P48163,1,0.0009157509157509158,0.03225806451612903
P48307,1,0.0009157509157509158,0.03225806451612903
P48357,1,0.0009157509157509158,0.03225806451612903
P48382,1,0.0009157509157509158,0.03225806451612903
P48426,10,0.009157509157509158,0.3225806451612903
P48431,1,0.0009157509157509158,0.03225806451612903
P48443,2,0.0018315018315018315,0.06451612903225806
P48449,2,0.0018315018315018315,0.06451612903225806
P48546,2,0.0018315018315018315,0.06451612903225806
P48551,1,0.0009157509157509158,0.03225806451612903
P48552,14,0.01282051282051282,0.45161290322580644
P48637,1,0.0009157509157509158,0.03225806451612903
P48728,1,0.0009157509157509158,0.03225806451612903
P48729,2,0.0018315018315018315,0.06451612903225806
P48730,40,0.03663003663003663,1.0
P48735,10,0.009157509157509158,0.3225806451612903
P48736,21,0.019230769230769232,0.6774193548387096
P48740,3,0.0027472527472527475,0.0967741935483871
P48775,12,0.01098901098901099,0.3870967741935484
P48960,1,0.0009157509157509158,0.03225806451612903
P49023,10,0.009157509157509158,0.3225806451612903
P49137,2,0.0018315018315018315,0.06451612903225806
P49189,3,0.0027472527472527475,0.0967741935483871
P49257,6,0.005494505494505495,0.1935483870967742
P49327,12,0.01098901098901099,0.3870967741935484
P49336,20,0.018315018315018316,0.6451612903225806
P49354,12,0.01098901098901099,0.3870967741935484
P49356,12,0.01098901098901099,0.3870967741935484
P49366,16,0.014652014652014652,0.5161290322580645
P49418,6,0.005494505494505495,0.1935483870967742
P49419,20,0.018315018315018316,0.6451612903225806
P49427,3,0.0027472527472527475,0.0967741935483871
P49450,5,0.004578754578754579,0.16129032258064516
P49458,1,0.0009157509157509158,0.03225806451612903
P49459,2,0.0018315018315018315,0.06451612903225806
P49588,5,0.004578754578754579,0.16129032258064516
P49638,6,0.005494505494505495,0.1935483870967742
P49642,7,0.00641025641025641,0.22580645161290322
P49643,6,0.005494505494505495,0.1935483870967742
P49662,1,0.0009157509157509158,0.03225806451612903
P49675,1,0.0009157509157509158,0.03225806451612903
P49711,8,0.007326007326007326,0.25806451612903225
P49715,1,0.0009157509157509158,0.03225806451612903
P49720,12,0.01098901098901099,0.3870967741935484
P49721,12,0.01098901098901099,0.3870967741935484
P49736,5,0.004578754578754579,0.16129032258064516
P49748,2,0.0018315018315018315,0.06451612903225806
P49753,1,0.0009157509157509158,0.03225806451612903
P49758,1,0.0009157509157509158,0.03225806451612903
P49759,33,0.03021978021978022,1.0
P49760,2,0.0018315018315018315,0.06451612903225806
P49761,17,0.015567765567765568,0.5483870967741935
P49763,2,0.0018315018315018315,0.06451612903225806
P49765,2,0.0018315018315018315,0.06451612903225806
P49767,1,0.0009157509157509158,0.03225806451612903
P49771,2,0.0018315018315018315,0.06451612903225806
P49773,59,0.05402930402930403,1.0
P49789,6,0.005494505494505495,0.1935483870967742
P49790,3,0.0027472527472527475,0.0967741935483871
P49792,17,0.015567765567765568,0.5483870967741935
P49796,3,0.0027472527472527475,0.0967741935483871
P49802,1,0.0009157509157509158,0.03225806451612903
P49841,53,0.048534798534798536,1.0
P49842,1,0.0009157509157509158,0.03225806451612903
P49848,1,0.0009157509157509158,0.03225806451612903
P49862,10,0.009157509157509158,0.3225806451612903
P49863,1,0.0009157509157509158,0.03225806451612903
P49888,5,0.004578754578754579,0.16129032258064516
P49902,36,0.03296703296703297,1.0
P49903,2,0.0018315018315018315,0.06451612903225806
P49913,9,0.008241758241758242,0.2903225806451613
P49914,3,0.0027472527472527475,0.0967741935483871
P49915,2,0.0018315018315018315,0.06451612903225806
P49916,4,0.003663003663003663,0.12903225806451613
P49917,5,0.004578754578754579,0.16129032258064516
P49959,1,0.0009157509157509158,0.03225806451612903
P50053,23,0.021062271062271064,0.7419354838709677
P50120,66,0.06043956043956044,1.0
P50135,5,0.004578754578754579,0.16129032258064516
P50213,5,0.004578754578754579,0.16129032258064516
P50225,9,0.008241758241758242,0.2903225806451613
P50226,1,0.0009157509157509158,0.03225806451612903
P50281,7,0.00641025641025641,0.22580645161290322
P50336,1,0.0009157509157509158,0.03225806451612903
P50402,3,0.0027472527472527475,0.0967741935483871
P50440,8,0.007326007326007326,0.25806451612903225
P50453,1,0.0009157509157509158,0.03225806451612903
P50479,2,0.0018315018315018315,0.06451612903225806
P50542,5,0.004578754578754579,0.16129032258064516
P50549,2,0.0018315018315018315,0.06451612903225806
P50552,5,0.004578754578754579,0.16129032258064516
P50579,37,0.03388278388278388,1.0
P50583,2,0.0018315018315018315,0.06451612903225806
P50591,4,0.003663003663003663,0.12903225806451613
P50613,6,0.005494505494505495,0.1935483870967742
P50616,4,0.003663003663003663,0.12903225806451613
P50750,2,0.0018315018315018315,0.06451612903225806
P50851,1,0.0009157509157509158,0.03225806451612903
P50895,2,0.0018315018315018315,0.06451612903225806
P51114,1,0.0009157509157509158,0.03225806451612903
P51116,1,0.0009157509157509158,0.03225806451612903
P51124,3,0.0027472527472527475,0.0967741935483871
P51149,5,0.004578754578754579,0.16129032258064516
P51151,2,0.0018315018315018315,0.06451612903225806
P51157,2,0.0018315018315018315,0.06451612903225806
P51159,6,0.005494505494505495,0.1935483870967742
P51160,1,0.0009157509157509158,0.03225806451612903
P51161,3,0.0027472527472527475,0.0967741935483871
P51449,113,0.10347985347985347,1.0
P51452,8,0.007326007326007326,0.25806451612903225
P51512,1,0.0009157509157509158,0.03225806451612903
P51513,2,0.0018315018315018315,0.06451612903225806
P51530,1,0.0009157509157509158,0.03225806451612903
P51531,11,0.010073260073260074,0.3548387096774194
P51532,6,0.005494505494505495,0.1935483870967742
P51553,5,0.004578754578754579,0.16129032258064516
P51570,18,0.016483516483516484,0.5806451612903226
P51572,2,0.0018315018315018315,0.06451612903225806
P51580,2,0.0018315018315018315,0.06451612903225806
P51587,3,0.0027472527472527475,0.0967741935483871
P51608,6,0.005494505494505495,0.1935483870967742
P51610,8,0.007326007326007326,0.25806451612903225
P51617,1,0.0009157509157509158,0.03225806451612903
P51648,1,0.0009157509157509158,0.03225806451612903
P51649,4,0.003663003663003663,0.12903225806451613
P51659,4,0.003663003663003663,0.12903225806451613
P51665,1,0.0009157509157509158,0.03225806451612903
P51668,6,0.005494505494505495,0.1935483870967742
P51681,5,0.004578754578754579,0.16129032258064516
P51687,1,0.0009157509157509158,0.03225806451612903
P51688,2,0.0018315018315018315,0.06451612903225806
P51693,5,0.004578754578754579,0.16129032258064516
P51784,2,0.0018315018315018315,0.06451612903225806
P51787,3,0.0027472527472527475,0.0967741935483871
P51795,1,0.0009157509157509158,0.03225806451612903
P51800,1,0.0009157509157509158,0.03225806451612903
P51812,7,0.00641025641025641,0.22580645161290322
P51813,4,0.003663003663003663,0.12903225806451613
P51843,1,0.0009157509157509158,0.03225806451612903
P51857,14,0.01282051282051282,0.45161290322580644
P51946,1,0.0009157509157509158,0.03225806451612903
P51948,2,0.0018315018315018315,0.06451612903225806
P51955,27,0.024725274725274724,0.8709677419354839
P51965,4,0.003663003663003663,0.12903225806451613
P52179,5,0.004578754578754579,0.16129032258064516
P52209,2,0.0018315018315018315,0.06451612903225806
P52292,6,0.005494505494505495,0.1935483870967742
P52294,1,0.0009157509157509158,0.03225806451612903
P52298,6,0.005494505494505495,0.1935483870967742
P52306,1,0.0009157509157509158,0.03225806451612903
P52333,30,0.027472527472527472,0.967741935483871
P52564,6,0.005494505494505495,0.1935483870967742
P52565,14,0.01282051282051282,0.45161290322580644
P52566,2,0.0018315018315018315,0.06451612903225806
P52594,2,0.0018315018315018315,0.06451612903225806
P52655,2,0.0018315018315018315,0.06451612903225806
P52657,2,0.0018315018315018315,0.06451612903225806
P52701,1,0.0009157509157509158,0.03225806451612903
P52732,36,0.03296703296703297,1.0
P52735,2,0.0018315018315018315,0.06451612903225806
P52756,1,0.0009157509157509158,0.03225806451612903
P52758,2,0.0018315018315018315,0.06451612903225806
P52788,2,0.0018315018315018315,0.06451612903225806
P52789,1,0.0009157509157509158,0.03225806451612903
P52799,5,0.004578754578754579,0.16129032258064516
P52803,1,0.0009157509157509158,0.03225806451612903
P52848,1,0.0009157509157509158,0.03225806451612903
P52888,2,0.0018315018315018315,0.06451612903225806
P52895,15,0.013736263736263736,0.4838709677419355
P52945,2,0.0018315018315018315,0.06451612903225806
P52948,5,0.004578754578754579,0.16129032258064516
P52952,2,0.0018315018315018315,0.06451612903225806
P53041,15,0.013736263736263736,0.4838709677419355
P53350,60,0.054945054945054944,1.0
P53355,63,0.057692307692307696,1.0
P53365,1,0.0009157509157509158,0.03225806451612903
P53370,2,0.0018315018315018315,0.06451612903225806
P53396,15,0.013736263736263736,0.4838709677419355
P53420,1,0.0009157509157509158,0.03225806451612903
P53539,5,0.004578754578754579,0.16129032258064516
P53582,36,0.03296703296703297,1.0
P53597,6,0.005494505494505495,0.1935483870967742
P53602,1,0.0009157509157509158,0.03225806451612903
P53621,1,0.0009157509157509158,0.03225806451612903
P53634,18,0.016483516483516484,0.5806451612903226
P53667,4,0.003663003663003663,0.12903225806451613
P53671,3,0.0027472527472527475,0.0967741935483871
P53673,1,0.0009157509157509158,0.03225806451612903
P53674,1,0.0009157509157509158,0.03225806451612903
P53778,1,0.0009157509157509158,0.03225806451612903
P53779,52,0.047619047619047616,1.0
P53805,1,0.0009157509157509158,0.03225806451612903
P53816,4,0.003663003663003663,0.12903225806451613
P53990,4,0.003663003663003663,0.12903225806451613
P53992,2,0.0018315018315018315,0.06451612903225806
P53999,3,0.0027472527472527475,0.0967741935483871
P54132,4,0.003663003663003663,0.12903225806451613
P54136,2,0.0018315018315018315,0.06451612903225806
P54198,1,0.0009157509157509158,0.03225806451612903
P54252,2,0.0018315018315018315,0.06451612903225806
P54253,5,0.004578754578754579,0.16129032258064516
P54274,6,0.005494505494505495,0.1935483870967742
P54278,5,0.004578754578754579,0.16129032258064516
P54315,1,0.0009157509157509158,0.03225806451612903
P54577,8,0.007326007326007326,0.25806451612903225
P54578,4,0.003663003663003663,0.12903225806451613
P54619,4,0.003663003663003663,0.12903225806451613
P54646,2,0.0018315018315018315,0.06451612903225806
P54652,6,0.005494505494505495,0.1935483870967742
P54687,15,0.013736263736263736,0.4838709677419355
P54725,6,0.005494505494505495,0.1935483870967742
P54753,4,0.003663003663003663,0.12903225806451613
P54756,1,0.0009157509157509158,0.03225806451612903
P54760,22,0.020146520146520148,0.7096774193548387
P54762,5,0.004578754578754579,0.16129032258064516
P54764,10,0.009157509157509158,0.3225806451612903
P54802,1,0.0009157509157509158,0.03225806451612903
P54819,1,0.0009157509157509158,0.03225806451612903
P54829,13,0.011904761904761904,0.41935483870967744
P54855,2,0.0018315018315018315,0.06451612903225806
P54868,1,0.0009157509157509158,0.03225806451612903
P54886,1,0.0009157509157509158,0.03225806451612903
P54922,4,0.003663003663003663,0.12903225806451613
P55008,1,0.0009157509157509158,0.03225806451612903
P55010,1,0.0009157509157509158,0.03225806451612903
P55040,3,0.0027472527472527475,0.0967741935483871
P55042,5,0.004578754578754579,0.16129032258064516
P55055,13,0.011904761904761904,0.41935483870967744
P55064,1,0.0009157509157509158,0.03225806451612903
P55072,22,0.020146520146520148,0.7096774193548387
P55075,1,0.0009157509157509158,0.03225806451612903
P55081,1,0.0009157509157509158,0.03225806451612903
P55087,1,0.0009157509157509158,0.03225806451612903
P55157,1,0.0009157509157509158,0.03225806451612903
P55196,1,0.0009157509157509158,0.03225806451612903
P55197,4,0.003663003663003663,0.12903225806451613
P55201,64,0.05860805860805861,1.0
P55209,1,0.0009157509157509158,0.03225806451612903
P55210,20,0.018315018315018316,0.6451612903225806
P55211,4,0.003663003663003663,0.12903225806451613
P55212,14,0.01282051282051282,0.45161290322580644
P55259,3,0.0027472527472527475,0.0967741935483871
P55263,4,0.003663003663003663,0.12903225806451613
P55265,6,0.005494505494505495,0.1935483870967742
P55273,1,0.0009157509157509158,0.03225806451612903
P55285,1,0.0009157509157509158,0.03225806451612903
P55316,1,0.0009157509157509158,0.03225806451612903
P55318,1,0.0009157509157509158,0.03225806451612903
P55774,1,0.0009157509157509158,0.03225806451612903
P55786,1,0.0009157509157509158,0.03225806451612903
P55789,7,0.00641025641025641,0.22580645161290322
P55809,1,0.0009157509157509158,0.03225806451612903
P55854,1,0.0009157509157509158,0.03225806451612903
P55895,1,0.0009157509157509158,0.03225806451612903
P55899,11,0.010073260073260074,0.3548387096774194
P55957,10,0.009157509157509158,0.3225806451612903
P56178,1,0.0009157509157509158,0.03225806451612903
P56192,5,0.004578754578754579,0.16129032258064516
P56199,5,0.004578754578754579,0.16129032258064516
P56278,1,0.0009157509157509158,0.03225806451612903
P56279,1,0.0009157509157509158,0.03225806451612903
P56282,1,0.0009157509157509158,0.03225806451612903
P56470,12,0.01098901098901099,0.3870967741935484
P56524,10,0.009157509157509158,0.3225806451612903
P56589,2,0.0018315018315018315,0.06451612903225806
P56696,6,0.005494505494505495,0.1935483870967742
P56817,381,0.3489010989010989,1.0
P56945,2,0.0018315018315018315,0.06451612903225806
P56962,2,0.0018315018315018315,0.06451612903225806
P57052,1,0.0009157509157509158,0.03225806451612903
P57075,1,0.0009157509157509158,0.03225806451612903
P57105,7,0.00641025641025641,0.22580645161290322
P57729,2,0.0018315018315018315,0.06451612903225806
P57735,2,0.0018315018315018315,0.06451612903225806
P57739,1,0.0009157509157509158,0.03225806451612903
P57764,1,0.0009157509157509158,0.03225806451612903
P57771,2,0.0018315018315018315,0.06451612903225806
P57789,1,0.0009157509157509158,0.03225806451612903
P58335,4,0.003663003663003663,0.12903225806451613
P58340,3,0.0027472527472527475,0.0967741935483871
P58400,1,0.0009157509157509158,0.03225806451612903
P58401,1,0.0009157509157509158,0.03225806451612903
P58546,3,0.0027472527472527475,0.0967741935483871
P58753,2,0.0018315018315018315,0.06451612903225806
P59044,1,0.0009157509157509158,0.03225806451612903
P59046,1,0.0009157509157509158,0.03225806451612903
P59665,18,0.016483516483516484,0.5806451612903226
P59666,6,0.005494505494505495,0.1935483870967742
P59768,4,0.003663003663003663,0.12903225806451613
P60022,13,0.011904761904761904,0.41935483870967744
P60033,9,0.008241758241758242,0.2903225806451613
P60174,19,0.0173992673992674,0.6129032258064516
P60484,7,0.00641025641025641,0.22580645161290322
P60508,2,0.0018315018315018315,0.06451612903225806
P60520,3,0.0027472527472527475,0.0967741935483871
P60568,18,0.016483516483516484,0.5806451612903226
P60604,4,0.003663003663003663,0.12903225806451613
P60709,13,0.011904761904761904,0.41935483870967744
P60763,5,0.004578754578754579,0.16129032258064516
P60842,5,0.004578754578754579,0.16129032258064516
P60880,8,0.007326007326007326,0.25806451612903225
P60891,8,0.007326007326007326,0.25806451612903225
P60896,1,0.0009157509157509158,0.03225806451612903
P60900,12,0.01098901098901099,0.3870967741935484
P60903,3,0.0027472527472527475,0.0967741935483871
P60953,22,0.020146520146520148,0.7096774193548387
P61006,15,0.013736263736263736,0.4838709677419355
P61011,2,0.0018315018315018315,0.06451612903225806
P61018,1,0.0009157509157509158,0.03225806451612903
P61019,1,0.0009157509157509158,0.03225806451612903
P61020,1,0.0009157509157509158,0.03225806451612903
P61024,1,0.0009157509157509158,0.03225806451612903
P61026,2,0.0018315018315018315,0.06451612903225806
P61073,1,0.0009157509157509158,0.03225806451612903
P61077,9,0.008241758241758242,0.2903225806451613
P61081,3,0.0027472527472527475,0.0967741935483871
P61086,9,0.008241758241758242,0.2903225806451613
P61088,25,0.022893772893772892,0.8064516129032258
P61106,3,0.0027472527472527475,0.0967741935483871
P61201,1,0.0009157509157509158,0.03225806451612903
P61204,1,0.0009157509157509158,0.03225806451612903
P61224,13,0.011904761904761904,0.41935483870967744
P61244,6,0.005494505494505495,0.1935483870967742
P61326,4,0.003663003663003663,0.12903225806451613
P61328,1,0.0009157509157509158,0.03225806451612903
P61586,92,0.08424908424908426,1.0
P61587,4,0.003663003663003663,0.12903225806451613
P61626,207,0.18956043956043955,1.0
P61764,1,0.0009157509157509158,0.03225806451612903
P61769,834,0.7637362637362637,1.0
P61812,5,0.004578754578754579,0.16129032258064516
P61916,1,0.0009157509157509158,0.03225806451612903
P61923,1,0.0009157509157509158,0.03225806451612903
P61925,99,0.09065934065934066,1.0
P61956,10,0.009157509157509158,0.3225806451612903
P61960,5,0.004578754578754579,0.16129032258064516
P61964,131,0.11996336996336997,1.0
P61968,1,0.0009157509157509158,0.03225806451612903
P61970,1,0.0009157509157509158,0.03225806451612903
P61978,5,0.004578754578754579,0.16129032258064516
P61981,7,0.00641025641025641,0.22580645161290322
P62068,2,0.0018315018315018315,0.06451612903225806
P62070,2,0.0018315018315018315,0.06451612903225806
P62136,29,0.026556776556776556,0.9354838709677419
P62166,3,0.0027472527472527475,0.0967741935483871
P62195,1,0.0009157509157509158,0.03225806451612903
P62253,2,0.0018315018315018315,0.06451612903225806
P62256,1,0.0009157509157509158,0.03225806451612903
P62258,3,0.0027472527472527475,0.0967741935483871
P62304,1,0.0009157509157509158,0.03225806451612903
P62306,1,0.0009157509157509158,0.03225806451612903
P62308,1,0.0009157509157509158,0.03225806451612903
P62314,2,0.0018315018315018315,0.06451612903225806
P62316,2,0.0018315018315018315,0.06451612903225806
P62318,2,0.0018315018315018315,0.06451612903225806
P62328,2,0.0018315018315018315,0.06451612903225806
P62330,9,0.008241758241758242,0.2903225806451613
P62491,13,0.011904761904761904,0.41935483870967744
P62508,31,0.028388278388278388,1.0
P62745,3,0.0027472527472527475,0.0967741935483871
P62753,2,0.0018315018315018315,0.06451612903225806
P62805,97,0.08882783882783883,1.0
P62807,1,0.0009157509157509158,0.03225806451612903
P62820,4,0.003663003663003663,0.12903225806451613
P62826,84,0.07692307692307693,1.0
P62834,4,0.003663003663003663,0.12903225806451613
P62837,34,0.031135531135531136,1.0
P62873,4,0.003663003663003663,0.12903225806451613
P62888,1,0.0009157509157509158,0.03225806451612903
P62913,1,0.0009157509157509158,0.03225806451612903
P62917,3,0.0027472527472527475,0.0967741935483871
P62937,168,0.15384615384615385,1.0
P62942,53,0.048534798534798536,1.0
P62979,11,0.010073260073260074,0.3548387096774194
P62987,25,0.022893772893772892,0.8064516129032258
P62993,40,0.03663003663003663,1.0
P63000,32,0.029304029304029304,1.0
P63010,4,0.003663003663003663,0.12903225806451613
P63027,4,0.003663003663003663,0.12903225806451613
P63092,3,0.0027472527472527475,0.0967741935483871
P63096,6,0.005494505494505495,0.1935483870967742
P63098,8,0.007326007326007326,0.25806451612903225
P63104,51,0.046703296703296704,1.0
P63128,1,0.0009157509157509158,0.03225806451612903
P63146,2,0.0018315018315018315,0.06451612903225806
P63165,36,0.03296703296703297,1.0
P63167,5,0.004578754578754579,0.16129032258064516
P63172,1,0.0009157509157509158,0.03225806451612903
P63208,9,0.008241758241758242,0.2903225806451613
P63241,1,0.0009157509157509158,0.03225806451612903
P63244,1,0.0009157509157509158,0.03225806451612903
P63252,1,0.0009157509157509158,0.03225806451612903
P63261,4,0.003663003663003663,0.12903225806451613
P63272,1,0.0009157509157509158,0.03225806451612903
P63279,20,0.018315018315018316,0.6451612903225806
P63316,8,0.007326007326007326,0.25806451612903225
P67775,2,0.0018315018315018315,0.06451612903225806
P67809,8,0.007326007326007326,0.25806451612903225
P67870,1,0.0009157509157509158,0.03225806451612903
P68036,2,0.0018315018315018315,0.06451612903225806
P68106,5,0.004578754578754579,0.16129032258064516
P68133,3,0.0027472527472527475,0.0967741935483871
P68363,4,0.003663003663003663,0.12903225806451613
P68400,211,0.19322344322344323,1.0
P68431,167,0.15293040293040294,1.0
P68871,247,0.2261904761904762,1.0
P69891,2,0.0018315018315018315,0.06451612903225806
P69892,4,0.003663003663003663,0.12903225806451613
P69905,249,0.22802197802197802,1.0
P78310,5,0.004578754578754579,0.16129032258064516
P78314,1,0.0009157509157509158,0.03225806451612903
P78317,2,0.0018315018315018315,0.06451612903225806
P78324,10,0.009157509157509158,0.3225806451612903
P78325,1,0.0009157509157509158,0.03225806451612903
P78330,4,0.003663003663003663,0.12903225806451613
P78344,4,0.003663003663003663,0.12903225806451613
P78352,12,0.01098901098901099,0.3870967741935484
P78356,4,0.003663003663003663,0.12903225806451613
P78358,13,0.011904761904761904,0.41935483870967744
P78362,1,0.0009157509157509158,0.03225806451612903
P78368,1,0.0009157509157509158,0.03225806451612903
P78380,8,0.007326007326007326,0.25806451612903225
P78406,2,0.0018315018315018315,0.06451612903225806
P78410,1,0.0009157509157509158,0.03225806451612903
P78417,16,0.014652014652014652,0.5161290322580645
P78423,1,0.0009157509157509158,0.03225806451612903
P78504,4,0.003663003663003663,0.12903225806451613
P78536,22,0.020146520146520148,0.7096774193548387
P78540,15,0.013736263736263736,0.4838709677419355
P78543,2,0.0018315018315018315,0.06451612903225806
P78549,2,0.0018315018315018315,0.06451612903225806
P78556,3,0.0027472527472527475,0.0967741935483871
P78560,1,0.0009157509157509158,0.03225806451612903
P78563,2,0.0018315018315018315,0.06451612903225806
P79483,1,0.0009157509157509158,0.03225806451612903
P80075,1,0.0009157509157509158,0.03225806451612903
P80188,40,0.03663003663003663,1.0
P80511,5,0.004578754578754579,0.16129032258064516
P81172,2,0.0018315018315018315,0.06451612903225806
P81274,3,0.0027472527472527475,0.0967741935483871
P81605,2,0.0018315018315018315,0.06451612903225806
P81877,1,0.0009157509157509158,0.03225806451612903
P82279,1,0.0009157509157509158,0.03225806451612903
P82980,3,0.0027472527472527475,0.0967741935483871
P83110,1,0.0009157509157509158,0.03225806451612903
P83876,5,0.004578754578754579,0.16129032258064516
P83916,6,0.005494505494505495,0.1935483870967742
P84022,7,0.00641025641025641,0.22580645161290322
P84074,2,0.0018315018315018315,0.06451612903225806
P84077,4,0.003663003663003663,0.12903225806451613
P84085,1,0.0009157509157509158,0.03225806451612903
P84090,3,0.0027472527472527475,0.0967741935483871
P84095,1,0.0009157509157509158,0.03225806451612903
P84243,35,0.03205128205128205,1.0
P86397,1,0.0009157509157509158,0.03225806451612903
P98066,2,0.0018315018315018315,0.06451612903225806
P98073,2,0.0018315018315018315,0.06451612903225806
P98082,2,0.0018315018315018315,0.06451612903225806
P98088,5,0.004578754578754579,0.16129032258064516
P98160,1,0.0009157509157509158,0.03225806451612903
P98170,44,0.040293040293040296,1.0
P98177,1,0.0009157509157509158,0.03225806451612903
P99999,8,0.007326007326007326,0.25806451612903225
Q00013,1,0.0009157509157509158,0.03225806451612903
Q00059,2,0.0018315018315018315,0.06451612903225806
Q00169,1,0.0009157509157509158,0.03225806451612903
Q00266,3,0.0027472527472527475,0.0967741935483871
Q00532,1,0.0009157509157509158,0.03225806451612903
Q00534,6,0.005494505494505495,0.1935483870967742
Q00535,5,0.004578754578754579,0.16129032258064516
Q00536,2,0.0018315018315018315,0.06451612903225806
Q00604,5,0.004578754578754579,0.16129032258064516
Q00610,8,0.007326007326007326,0.25806451612903225
Q00613,5,0.004578754578754579,0.16129032258064516
Q00653,1,0.0009157509157509158,0.03225806451612903
Q00688,3,0.0027472527472527475,0.0967741935483871
Q00722,2,0.0018315018315018315,0.06451612903225806
Q00796,3,0.0027472527472527475,0.0967741935483871
Q00872,1,0.0009157509157509158,0.03225806451612903
Q00987,116,0.10622710622710622,1.0
Q01064,7,0.00641025641025641,0.22580645161290322
Q01081,1,0.0009157509157509158,0.03225806451612903
Q01082,3,0.0027472527472527475,0.0967741935483871
Q01094,5,0.004578754578754579,0.16129032258064516
Q01105,2,0.0018315018315018315,0.06451612903225806
Q01151,3,0.0027472527472527475,0.0967741935483871
Q01167,1,0.0009157509157509158,0.03225806451612903
Q01196,1,0.0009157509157509158,0.03225806451612903
Q01344,2,0.0018315018315018315,0.06451612903225806
Q01415,2,0.0018315018315018315,0.06451612903225806
Q01433,2,0.0018315018315018315,0.06451612903225806
Q01469,13,0.011904761904761904,0.41935483870967744
Q01484,6,0.005494505494505495,0.1935483870967742
Q01523,9,0.008241758241758242,0.2903225806451613
Q01524,2,0.0018315018315018315,0.06451612903225806
Q01538,1,0.0009157509157509158,0.03225806451612903
Q01543,1,0.0009157509157509158,0.03225806451612903
Q01581,1,0.0009157509157509158,0.03225806451612903
Q01668,1,0.0009157509157509158,0.03225806451612903
Q01780,1,0.0009157509157509158,0.03225806451612903
Q01826,5,0.004578754578754579,0.16129032258064516
Q01831,2,0.0018315018315018315,0.06451612903225806
Q01955,1,0.0009157509157509158,0.03225806451612903
Q01968,3,0.0027472527472527475,0.0967741935483871
Q01973,3,0.0027472527472527475,0.0967741935483871
Q01974,5,0.004578754578754579,0.16129032258064516
Q02078,6,0.005494505494505495,0.1935483870967742
Q02080,4,0.003663003663003663,0.12903225806451613
Q02083,1,0.0009157509157509158,0.03225806451612903
Q02108,2,0.0018315018315018315,0.06451612903225806
Q02127,88,0.08058608058608059,1.0
Q02153,3,0.0027472527472527475,0.0967741935483871
Q02156,1,0.0009157509157509158,0.03225806451612903
Q02218,1,0.0009157509157509158,0.03225806451612903
Q02223,2,0.0018315018315018315,0.06451612903225806
Q02224,4,0.003663003663003663,0.12903225806451613
Q02363,1,0.0009157509157509158,0.03225806451612903
Q02410,2,0.0018315018315018315,0.06451612903225806
Q02548,1,0.0009157509157509158,0.03225806451612903
Q02643,1,0.0009157509157509158,0.03225806451612903
Q02750,34,0.031135531135531136,1.0
Q02763,9,0.008241758241758242,0.2903225806451613
Q02779,1,0.0009157509157509158,0.03225806451612903
Q02790,8,0.007326007326007326,0.25806451612903225
Q02817,2,0.0018315018315018315,0.06451612903225806
Q02880,8,0.007326007326007326,0.25806451612903225
Q03001,1,0.0009157509157509158,0.03225806451612903
Q03111,17,0.015567765567765568,0.5483870967741935
Q03112,1,0.0009157509157509158,0.03225806451612903
Q03154,1,0.0009157509157509158,0.03225806451612903
Q03164,21,0.019230769230769232,0.6774193548387096
Q03181,34,0.031135531135531136,1.0
Q03252,1,0.0009157509157509158,0.03225806451612903
Q03393,1,0.0009157509157509158,0.03225806451612903
Q03405,3,0.0027472527472527475,0.0967741935483871
Q03426,1,0.0009157509157509158,0.03225806451612903
Q03431,5,0.004578754578754579,0.16129032258064516
Q03468,1,0.0009157509157509158,0.03225806451612903
Q03518,1,0.0009157509157509158,0.03225806451612903
Q03591,1,0.0009157509157509158,0.03225806451612903
Q03692,1,0.0009157509157509158,0.03225806451612903
Q03933,5,0.004578754578754579,0.16129032258064516
Q04206,80,0.07326007326007326,1.0
Q04609,79,0.07234432234432235,1.0
Q04637,9,0.008241758241758242,0.2903225806451613
Q04656,1,0.0009157509157509158,0.03225806451612903
Q04721,2,0.0018315018315018315,0.06451612903225806
Q04724,4,0.003663003663003663,0.12903225806451613
Q04756,2,0.0018315018315018315,0.06451612903225806
Q04759,3,0.0027472527472527475,0.0967741935483871
Q04760,7,0.00641025641025641,0.22580645161290322
Q04771,75,0.06868131868131869,1.0
Q04828,6,0.005494505494505495,0.1935483870967742
Q04837,4,0.003663003663003663,0.12903225806451613
Q04912,3,0.0027472527472527475,0.0967741935483871
Q04917,2,0.0018315018315018315,0.06451612903225806
Q05048,1,0.0009157509157509158,0.03225806451612903
Q05066,1,0.0009157509157509158,0.03225806451612903
Q05086,4,0.003663003663003663,0.12903225806451613
Q05193,7,0.00641025641025641,0.22580645161290322
Q05195,1,0.0009157509157509158,0.03225806451612903
Q05209,2,0.0018315018315018315,0.06451612903225806
Q05315,37,0.03388278388278388,1.0
Q05329,1,0.0009157509157509158,0.03225806451612903
Q05397,26,0.023809523809523808,0.8387096774193549
Q05516,3,0.0027472527472527475,0.0967741935483871
Q05586,19,0.0173992673992674,0.6129032258064516
Q05639,1,0.0009157509157509158,0.03225806451612903
Q05655,1,0.0009157509157509158,0.03225806451612903
Q05823,3,0.0027472527472527475,0.0967741935483871
Q05BQ5,2,0.0018315018315018315,0.06451612903225806
Q05BX2,5,0.004578754578754579,0.16129032258064516
Q06124,78,0.07142857142857142,1.0
Q06141,2,0.0018315018315018315,0.06451612903225806
Q06187,113,0.10347985347985347,1.0
Q06190,1,0.0009157509157509158,0.03225806451612903
Q06210,10,0.009157509157509158,0.3225806451612903
Q06418,1,0.0009157509157509158,0.03225806451612903
Q06455,1,0.0009157509157509158,0.03225806451612903
Q06481,2,0.0018315018315018315,0.06451612903225806
Q06520,4,0.003663003663003663,0.12903225806451613
Q06609,1,0.0009157509157509158,0.03225806451612903
Q06787,3,0.0027472527472527475,0.0967741935483871
Q06828,1,0.0009157509157509158,0.03225806451612903
Q06830,10,0.009157509157509158,0.3225806451612903
Q07011,4,0.003663003663003663,0.12903225806451613
Q07021,1,0.0009157509157509158,0.03225806451612903
Q07075,7,0.00641025641025641,0.22580645161290322
Q07108,5,0.004578754578754579,0.16129032258064516
Q07157,9,0.008241758241758242,0.2903225806451613
Q07343,35,0.03205128205128205,1.0
Q07654,1,0.0009157509157509158,0.03225806451612903
Q07666,1,0.0009157509157509158,0.03225806451612903
Q07812,23,0.021062271062271064,0.7419354838709677
Q07817,76,0.0695970695970696,1.0
Q07820,104,0.09523809523809523,1.0
Q07864,1,0.0009157509157509158,0.03225806451612903
Q07866,1,0.0009157509157509158,0.03225806451612903
Q07869,62,0.056776556776556776,1.0
Q07889,61,0.055860805860805864,1.0
Q07890,9,0.008241758241758242,0.2903225806451613
Q07912,10,0.009157509157509158,0.3225806451612903
Q07954,1,0.0009157509157509158,0.03225806451612903
Q07960,10,0.009157509157509158,0.3225806451612903
Q08043,2,0.0018315018315018315,0.06451612903225806
Q08050,1,0.0009157509157509158,0.03225806451612903
Q08116,1,0.0009157509157509158,0.03225806451612903
Q08188,7,0.00641025641025641,0.22580645161290322
Q08209,11,0.010073260073260074,0.3548387096774194
Q08211,1,0.0009157509157509158,0.03225806451612903
Q08257,1,0.0009157509157509158,0.03225806451612903
Q08334,1,0.0009157509157509158,0.03225806451612903
Q08345,30,0.027472527472527472,0.967741935483871
Q08379,3,0.0027472527472527475,0.0967741935483871
Q08380,2,0.0018315018315018315,0.06451612903225806
Q08493,1,0.0009157509157509158,0.03225806451612903
Q08499,104,0.09523809523809523,1.0
Q08623,1,0.0009157509157509158,0.03225806451612903
Q08722,9,0.008241758241758242,0.2903225806451613
Q08881,26,0.023809523809523808,0.8387096774193549
Q08945,6,0.005494505494505495,0.1935483870967742
Q08999,1,0.0009157509157509158,0.03225806451612903
Q08AE8,3,0.0027472527472527475,0.0967741935483871
Q08AF3,1,0.0009157509157509158,0.03225806451612903
Q08AG7,1,0.0009157509157509158,0.03225806451612903
Q08AH3,6,0.005494505494505495,0.1935483870967742
Q08AS3,1,0.0009157509157509158,0.03225806451612903
Q09013,1,0.0009157509157509158,0.03225806451612903
Q09028,14,0.01282051282051282,0.45161290322580644
Q09161,6,0.005494505494505495,0.1935483870967742
Q09328,9,0.008241758241758242,0.2903225806451613
Q09472,24,0.02197802197802198,0.7741935483870968
Q09666,1,0.0009157509157509158,0.03225806451612903
Q0JRZ9,4,0.003663003663003663,0.12903225806451613
Q0KKI6,2,0.0018315018315018315,0.06451612903225806
Q0VAS5,1,0.0009157509157509158,0.03225806451612903
Q0VGL1,5,0.004578754578754579,0.16129032258064516
Q0Z7S8,2,0.0018315018315018315,0.06451612903225806
Q0ZCG9,1,0.0009157509157509158,0.03225806451612903
Q0ZCI9,1,0.0009157509157509158,0.03225806451612903
Q10469,2,0.0018315018315018315,0.06451612903225806
Q10471,9,0.008241758241758242,0.2903225806451613
Q10570,1,0.0009157509157509158,0.03225806451612903
Q10588,4,0.003663003663003663,0.12903225806451613
Q10589,2,0.0018315018315018315,0.06451612903225806
Q12756,1,0.0009157509157509158,0.03225806451612903
Q12778,6,0.005494505494505495,0.1935483870967742
Q12791,1,0.0009157509157509158,0.03225806451612903
Q12794,1,0.0009157509157509158,0.03225806451612903
Q12797,25,0.022893772893772892,0.8064516129032258
Q12802,2,0.0018315018315018315,0.06451612903225806
Q12809,2,0.0018315018315018315,0.06451612903225806
Q12824,3,0.0027472527472527475,0.0967741935483871
Q12830,35,0.03205128205128205,1.0
Q12834,7,0.00641025641025641,0.22580645161290322
Q12849,2,0.0018315018315018315,0.06451612903225806
Q12852,10,0.009157509157509158,0.3225806451612903
Q12860,1,0.0009157509157509158,0.03225806451612903
Q12864,2,0.0018315018315018315,0.06451612903225806
Q12866,25,0.022893772893772892,0.8064516129032258
Q12879,12,0.01098901098901099,0.3870967741935484
Q12888,29,0.026556776556776556,0.9354838709677419
Q12904,3,0.0027472527472527475,0.0967741935483871
Q12906,3,0.0027472527472527475,0.0967741935483871
Q12913,2,0.0018315018315018315,0.06451612903225806
Q12918,3,0.0027472527472527475,0.0967741935483871
Q12923,4,0.003663003663003663,0.12903225806451613
Q12931,6,0.005494505494505495,0.1935483870967742
Q12933,11,0.010073260073260074,0.3548387096774194
Q12955,1,0.0009157509157509158,0.03225806451612903
Q12959,7,0.00641025641025641,0.22580645161290322
Q12962,14,0.01282051282051282,0.45161290322580644
Q12967,1,0.0009157509157509158,0.03225806451612903
Q12968,1,0.0009157509157509158,0.03225806451612903
Q12972,1,0.0009157509157509158,0.03225806451612903
Q12996,1,0.0009157509157509158,0.03225806451612903
Q13002,2,0.0018315018315018315,0.06451612903225806
Q13007,2,0.0018315018315018315,0.06451612903225806
Q13009,9,0.008241758241758242,0.2903225806451613
Q13011,1,0.0009157509157509158,0.03225806451612903
Q13018,1,0.0009157509157509158,0.03225806451612903
Q13029,1,0.0009157509157509158,0.03225806451612903
Q13033,2,0.0018315018315018315,0.06451612903225806
Q13043,7,0.00641025641025641,0.22580645161290322
Q13049,1,0.0009157509157509158,0.03225806451612903
Q13075,1,0.0009157509157509158,0.03225806451612903
Q13085,1,0.0009157509157509158,0.03225806451612903
Q13093,31,0.028388278388278388,1.0
Q13094,2,0.0018315018315018315,0.06451612903225806
Q13105,5,0.004578754578754579,0.16129032258064516
Q13107,1,0.0009157509157509158,0.03225806451612903
Q13114,1,0.0009157509157509158,0.03225806451612903
Q13126,18,0.016483516483516484,0.5806451612903226
Q13127,1,0.0009157509157509158,0.03225806451612903
Q13133,4,0.003663003663003663,0.12903225806451613
Q13136,1,0.0009157509157509158,0.03225806451612903
Q13137,6,0.005494505494505495,0.1935483870967742
Q13144,1,0.0009157509157509158,0.03225806451612903
Q13148,8,0.007326007326007326,0.25806451612903225
Q13153,32,0.029304029304029304,1.0
Q13155,6,0.005494505494505495,0.1935483870967742
Q13158,1,0.0009157509157509158,0.03225806451612903
Q13162,11,0.010073260073260074,0.3548387096774194
Q13163,2,0.0018315018315018315,0.06451612903225806
Q13164,9,0.008241758241758242,0.2903225806451613
Q13177,1,0.0009157509157509158,0.03225806451612903
Q13185,6,0.005494505494505495,0.1935483870967742
Q13188,7,0.00641025641025641,0.22580645161290322
Q13191,19,0.0173992673992674,0.6129032258064516
Q13202,1,0.0009157509157509158,0.03225806451612903
Q13206,1,0.0009157509157509158,0.03225806451612903
Q13224,2,0.0018315018315018315,0.06451612903225806
Q13231,18,0.016483516483516484,0.5806451612903226
Q13232,6,0.005494505494505495,0.1935483870967742
Q13233,1,0.0009157509157509158,0.03225806451612903
Q13237,5,0.004578754578754579,0.16129032258064516
Q13241,1,0.0009157509157509158,0.03225806451612903
Q13253,1,0.0009157509157509158,0.03225806451612903
Q13255,1,0.0009157509157509158,0.03225806451612903
Q13257,3,0.0027472527472527475,0.0967741935483871
Q13261,3,0.0027472527472527475,0.0967741935483871
Q13263,2,0.0018315018315018315,0.06451612903225806
Q13283,7,0.00641025641025641,0.22580645161290322
Q13285,2,0.0018315018315018315,0.06451612903225806
Q13291,4,0.003663003663003663,0.12903225806451613
Q13303,1,0.0009157509157509158,0.03225806451612903
Q13308,1,0.0009157509157509158,0.03225806451612903
Q13309,2,0.0018315018315018315,0.06451612903225806
Q13322,1,0.0009157509157509158,0.03225806451612903
Q13324,1,0.0009157509157509158,0.03225806451612903
Q13325,5,0.004578754578754579,0.16129032258064516
Q13330,4,0.003663003663003663,0.12903225806451613
Q13332,3,0.0027472527472527475,0.0967741935483871
Q13336,1,0.0009157509157509158,0.03225806451612903
Q13356,1,0.0009157509157509158,0.03225806451612903
Q13362,2,0.0018315018315018315,0.06451612903225806
Q13363,8,0.007326007326007326,0.25806451612903225
Q13370,1,0.0009157509157509158,0.03225806451612903
Q13387,1,0.0009157509157509158,0.03225806451612903
Q13393,1,0.0009157509157509158,0.03225806451612903
Q13395,1,0.0009157509157509158,0.03225806451612903
Q13404,1,0.0009157509157509158,0.03225806451612903
Q13416,1,0.0009157509157509158,0.03225806451612903
Q13418,8,0.007326007326007326,0.25806451612903225
Q13422,1,0.0009157509157509158,0.03225806451612903
Q13423,3,0.0027472527472527475,0.0967741935483871
Q13425,1,0.0009157509157509158,0.03225806451612903
Q13426,9,0.008241758241758242,0.2903225806451613
Q13427,3,0.0027472527472527475,0.0967741935483871
Q13432,6,0.005494505494505495,0.1935483870967742
Q13438,1,0.0009157509157509158,0.03225806451612903
Q13439,2,0.0018315018315018315,0.06451612903225806
Q13445,1,0.0009157509157509158,0.03225806451612903
Q13451,111,0.10164835164835165,1.0
Q13454,4,0.003663003663003663,0.12903225806451613
Q13459,2,0.0018315018315018315,0.06451612903225806
Q13464,5,0.004578754578754579,0.16129032258064516
Q13467,3,0.0027472527472527475,0.0967741935483871
Q13469,2,0.0018315018315018315,0.06451612903225806
Q13470,3,0.0027472527472527475,0.0967741935483871
Q13477,5,0.004578754578754579,0.16129032258064516
Q13480,1,0.0009157509157509158,0.03225806451612903
Q13485,4,0.003663003663003663,0.12903225806451613
Q13489,2,0.0018315018315018315,0.06451612903225806
Q13490,18,0.016483516483516484,0.5806451612903226
Q13501,9,0.008241758241758242,0.2903225806451613
Q13509,2,0.0018315018315018315,0.06451612903225806
Q13510,1,0.0009157509157509158,0.03225806451612903
Q13523,7,0.00641025641025641,0.22580645161290322
Q13526,96,0.08791208791208792,1.0
Q13541,15,0.013736263736263736,0.4838709677419355
Q13542,1,0.0009157509157509158,0.03225806451612903
Q13546,11,0.010073260073260074,0.3548387096774194
Q13554,1,0.0009157509157509158,0.03225806451612903
Q13555,2,0.0018315018315018315,0.06451612903225806
Q13557,6,0.005494505494505495,0.1935483870967742
Q13563,2,0.0018315018315018315,0.06451612903225806
Q13568,1,0.0009157509157509158,0.03225806451612903
Q13569,16,0.014652014652014652,0.5161290322580645
Q13572,4,0.003663003663003663,0.12903225806451613
Q13574,1,0.0009157509157509158,0.03225806451612903
Q13576,2,0.0018315018315018315,0.06451612903225806
Q13586,1,0.0009157509157509158,0.03225806451612903
Q13609,1,0.0009157509157509158,0.03225806451612903
Q13613,1,0.0009157509157509158,0.03225806451612903
Q13614,3,0.0027472527472527475,0.0967741935483871
Q13616,3,0.0027472527472527475,0.0967741935483871
Q13618,2,0.0018315018315018315,0.06451612903225806
Q13625,5,0.004578754578754579,0.16129032258064516
Q13627,52,0.047619047619047616,1.0
Q13630,1,0.0009157509157509158,0.03225806451612903
Q13635,4,0.003663003663003663,0.12903225806451613
Q13637,2,0.0018315018315018315,0.06451612903225806
Q13641,3,0.0027472527472527475,0.0967741935483871
Q13686,2,0.0018315018315018315,0.06451612903225806
Q13698,2,0.0018315018315018315,0.06451612903225806
Q13705,3,0.0027472527472527475,0.0967741935483871
Q13740,1,0.0009157509157509158,0.03225806451612903
Q13765,3,0.0027472527472527475,0.0967741935483871
Q13772,1,0.0009157509157509158,0.03225806451612903
Q13794,1,0.0009157509157509158,0.03225806451612903
Q13813,7,0.00641025641025641,0.22580645161290322
Q13822,3,0.0027472527472527475,0.0967741935483871
Q13825,3,0.0027472527472527475,0.0967741935483871
Q13838,4,0.003663003663003663,0.12903225806451613
Q13867,1,0.0009157509157509158,0.03225806451612903
Q13873,5,0.004578754578754579,0.16129032258064516
Q13882,7,0.00641025641025641,0.22580645161290322
Q13884,2,0.0018315018315018315,0.06451612903225806
Q13885,2,0.0018315018315018315,0.06451612903225806
Q13905,1,0.0009157509157509158,0.03225806451612903
Q13907,4,0.003663003663003663,0.12903225806451613
Q13936,14,0.01282051282051282,0.45161290322580644
Q13946,4,0.003663003663003663,0.12903225806451613
Q13952,8,0.007326007326007326,0.25806451612903225
Q13976,17,0.015567765567765568,0.5483870967741935
Q14002,1,0.0009157509157509158,0.03225806451612903
Q14004,2,0.0018315018315018315,0.06451612903225806
Q14005,1,0.0009157509157509158,0.03225806451612903
Q14008,2,0.0018315018315018315,0.06451612903225806
Q14011,1,0.0009157509157509158,0.03225806451612903
Q14012,2,0.0018315018315018315,0.06451612903225806
Q14019,3,0.0027472527472527475,0.0967741935483871
Q14050,4,0.003663003663003663,0.12903225806451613
Q14055,4,0.003663003663003663,0.12903225806451613
Q14103,1,0.0009157509157509158,0.03225806451612903
Q14114,1,0.0009157509157509158,0.03225806451612903
Q14116,8,0.007326007326007326,0.25806451612903225
Q14118,7,0.00641025641025641,0.22580645161290322
Q14135,1,0.0009157509157509158,0.03225806451612903
Q14141,1,0.0009157509157509158,0.03225806451612903
Q14142,1,0.0009157509157509158,0.03225806451612903
Q14145,74,0.06776556776556776,1.0
Q14149,6,0.005494505494505495,0.1935483870967742
Q14155,1,0.0009157509157509158,0.03225806451612903
Q14160,21,0.019230769230769232,0.6774193548387096
Q14165,4,0.003663003663003663,0.12903225806451613
Q14183,1,0.0009157509157509158,0.03225806451612903
Q14185,1,0.0009157509157509158,0.03225806451612903
Q14186,1,0.0009157509157509158,0.03225806451612903
Q14191,17,0.015567765567765568,0.5483870967741935
Q14195,2,0.0018315018315018315,0.06451612903225806
Q14203,7,0.00641025641025641,0.22580645161290322
Q14204,1,0.0009157509157509158,0.03225806451612903
Q14209,1,0.0009157509157509158,0.03225806451612903
Q14240,1,0.0009157509157509158,0.03225806451612903
Q14242,1,0.0009157509157509158,0.03225806451612903
Q14247,1,0.0009157509157509158,0.03225806451612903
Q14258,4,0.003663003663003663,0.12903225806451613
Q14289,15,0.013736263736263736,0.4838709677419355
Q14315,5,0.004578754578754579,0.16129032258064516
Q14318,3,0.0027472527472527475,0.0967741935483871
Q14332,1,0.0009157509157509158,0.03225806451612903
Q14353,1,0.0009157509157509158,0.03225806451612903
Q14376,7,0.00641025641025641,0.22580645161290322
Q14393,2,0.0018315018315018315,0.06451612903225806
Q14397,14,0.01282051282051282,0.45161290322580644
Q14416,3,0.0027472527472527475,0.0967741935483871
Q14432,4,0.003663003663003663,0.12903225806451613
Q14444,4,0.003663003663003663,0.12903225806451613
Q14449,2,0.0018315018315018315,0.06451612903225806
Q14451,8,0.007326007326007326,0.25806451612903225
Q14457,14,0.01282051282051282,0.45161290322580644
Q14493,1,0.0009157509157509158,0.03225806451612903
Q14498,4,0.003663003663003663,0.12903225806451613
Q14515,1,0.0009157509157509158,0.03225806451612903
Q14524,3,0.0027472527472527475,0.0967741935483871
Q14527,5,0.004578754578754579,0.16129032258064516
Q14534,2,0.0018315018315018315,0.06451612903225806
Q14554,1,0.0009157509157509158,0.03225806451612903
Q14562,2,0.0018315018315018315,0.06451612903225806
Q14565,1,0.0009157509157509158,0.03225806451612903
Q14596,2,0.0018315018315018315,0.06451612903225806
Q14623,6,0.005494505494505495,0.1935483870967742
Q14653,14,0.01282051282051282,0.45161290322580644
Q14657,1,0.0009157509157509158,0.03225806451612903
Q14669,2,0.0018315018315018315,0.06451612903225806
Q14671,8,0.007326007326007326,0.25806451612903225
Q14676,9,0.008241758241758242,0.2903225806451613
Q14677,3,0.0027472527472527475,0.0967741935483871
Q14678,2,0.0018315018315018315,0.06451612903225806
Q14679,1,0.0009157509157509158,0.03225806451612903
Q14680,21,0.019230769230769232,0.6774193548387096
Q14683,11,0.010073260073260074,0.3548387096774194
Q14691,2,0.0018315018315018315,0.06451612903225806
Q14694,1,0.0009157509157509158,0.03225806451612903
Q14721,1,0.0009157509157509158,0.03225806451612903
Q14728,1,0.0009157509157509158,0.03225806451612903
Q14781,2,0.0018315018315018315,0.06451612903225806
Q14790,16,0.014652014652014652,0.5161290322580645
Q14807,1,0.0009157509157509158,0.03225806451612903
Q14831,1,0.0009157509157509158,0.03225806451612903
Q14832,2,0.0018315018315018315,0.06451612903225806
Q14847,1,0.0009157509157509158,0.03225806451612903
Q14849,4,0.003663003663003663,0.12903225806451613
Q14896,2,0.0018315018315018315,0.06451612903225806
Q14914,2,0.0018315018315018315,0.06451612903225806
Q14974,4,0.003663003663003663,0.12903225806451613
Q14980,3,0.0027472527472527475,0.0967741935483871
Q14995,5,0.004578754578754579,0.16129032258064516
Q149N8,1,0.0009157509157509158,0.03225806451612903
Q14BN4,3,0.0027472527472527475,0.0967741935483871
Q14CM0,4,0.003663003663003663,0.12903225806451613
Q15004,1,0.0009157509157509158,0.03225806451612903
Q15006,1,0.0009157509157509158,0.03225806451612903
Q15013,1,0.0009157509157509158,0.03225806451612903
Q15019,2,0.0018315018315018315,0.06451612903225806
Q15020,2,0.0018315018315018315,0.06451612903225806
Q15025,6,0.005494505494505495,0.1935483870967742
Q15027,4,0.003663003663003663,0.12903225806451613
Q15036,2,0.0018315018315018315,0.06451612903225806
Q15046,6,0.005494505494505495,0.1935483870967742
Q15047,24,0.02197802197802198,0.7741935483870968
Q15057,1,0.0009157509157509158,0.03225806451612903
Q15059,22,0.020146520146520148,0.7096774193548387
Q15063,1,0.0009157509157509158,0.03225806451612903
Q15075,2,0.0018315018315018315,0.06451612903225806
Q15078,5,0.004578754578754579,0.16129032258064516
Q15080,4,0.003663003663003663,0.12903225806451613
Q15084,4,0.003663003663003663,0.12903225806451613
Q15109,15,0.013736263736263736,0.4838709677419355
Q15113,1,0.0009157509157509158,0.03225806451612903
Q15116,15,0.013736263736263736,0.4838709677419355
Q15118,5,0.004578754578754579,0.16129032258064516
Q15119,30,0.027472527472527472,0.967741935483871
Q15120,2,0.0018315018315018315,0.06451612903225806
Q15121,1,0.0009157509157509158,0.03225806451612903
Q15126,1,0.0009157509157509158,0.03225806451612903
Q15149,7,0.00641025641025641,0.22580645161290322
Q15154,3,0.0027472527472527475,0.0967741935483871
Q15181,2,0.0018315018315018315,0.06451612903225806
Q15185,1,0.0009157509157509158,0.03225806451612903
Q15208,1,0.0009157509157509158,0.03225806451612903
Q15223,1,0.0009157509157509158,0.03225806451612903
Q15233,3,0.0027472527472527475,0.0967741935483871
Q15256,1,0.0009157509157509158,0.03225806451612903
Q15257,5,0.004578754578754579,0.16129032258064516
Q15262,1,0.0009157509157509158,0.03225806451612903
Q15274,1,0.0009157509157509158,0.03225806451612903
Q15276,4,0.003663003663003663,0.12903225806451613
Q15286,4,0.003663003663003663,0.12903225806451613
Q15287,1,0.0009157509157509158,0.03225806451612903
Q15291,6,0.005494505494505495,0.1935483870967742
Q15303,3,0.0027472527472527475,0.0967741935483871
Q15306,4,0.003663003663003663,0.12903225806451613
Q15311,2,0.0018315018315018315,0.06451612903225806
Q15326,2,0.0018315018315018315,0.06451612903225806
Q15363,1,0.0009157509157509158,0.03225806451612903
Q15365,2,0.0018315018315018315,0.06451612903225806
Q15366,3,0.0027472527472527475,0.0967741935483871
Q15369,58,0.05311355311355311,1.0
Q15370,59,0.05402930402930403,1.0
Q15375,4,0.003663003663003663,0.12903225806451613
Q15382,7,0.00641025641025641,0.22580645161290322
Q15388,1,0.0009157509157509158,0.03225806451612903
Q15389,4,0.003663003663003663,0.12903225806451613
Q15393,1,0.0009157509157509158,0.03225806451612903
Q15397,1,0.0009157509157509158,0.03225806451612903
Q15399,4,0.003663003663003663,0.12903225806451613
Q15404,3,0.0027472527472527475,0.0967741935483871
Q15413,1,0.0009157509157509158,0.03225806451612903
Q15418,17,0.015567765567765568,0.5483870967741935
Q15431,5,0.004578754578754579,0.16129032258064516
Q15436,3,0.0027472527472527475,0.0967741935483871
Q15438,1,0.0009157509157509158,0.03225806451612903
Q15459,1,0.0009157509157509158,0.03225806451612903
Q15465,7,0.00641025641025641,0.22580645161290322
Q15466,6,0.005494505494505495,0.1935483870967742
Q15468,3,0.0027472527472527475,0.0967741935483871
Q15475,1,0.0009157509157509158,0.03225806451612903
Q15485,7,0.00641025641025641,0.22580645161290322
Q15493,4,0.003663003663003663,0.12903225806451613
Q15542,2,0.0018315018315018315,0.06451612903225806
Q15545,1,0.0009157509157509158,0.03225806451612903
Q15554,11,0.010073260073260074,0.3548387096774194
Q15561,14,0.01282051282051282,0.45161290322580644
Q15562,26,0.023809523809523808,0.8387096774193549
Q15582,2,0.0018315018315018315,0.06451612903225806
Q15583,1,0.0009157509157509158,0.03225806451612903
Q15596,282,0.25824175824175827,1.0
Q15599,3,0.0027472527472527475,0.0967741935483871
Q155Q3,1,0.0009157509157509158,0.03225806451612903
Q15628,2,0.0018315018315018315,0.06451612903225806
Q15631,1,0.0009157509157509158,0.03225806451612903
Q15633,3,0.0027472527472527475,0.0967741935483871
Q15637,2,0.0018315018315018315,0.06451612903225806
Q15642,1,0.0009157509157509158,0.03225806451612903
Q15645,1,0.0009157509157509158,0.03225806451612903
Q15646,1,0.0009157509157509158,0.03225806451612903
Q15648,64,0.05860805860805861,1.0
Q15650,5,0.004578754578754579,0.16129032258064516
Q15652,3,0.0027472527472527475,0.0967741935483871
Q15661,13,0.011904761904761904,0.41935483870967744
Q15678,3,0.0027472527472527475,0.0967741935483871
Q15691,26,0.023809523809523808,0.8387096774193549
Q15700,2,0.0018315018315018315,0.06451612903225806
Q15717,8,0.007326007326007326,0.25806451612903225
Q15744,1,0.0009157509157509158,0.03225806451612903
Q15746,3,0.0027472527472527475,0.0967741935483871
Q15750,17,0.015567765567765568,0.5483870967741935
Q15751,2,0.0018315018315018315,0.06451612903225806
Q15759,3,0.0027472527472527475,0.0967741935483871
Q15762,1,0.0009157509157509158,0.03225806451612903
Q15771,1,0.0009157509157509158,0.03225806451612903
Q15772,1,0.0009157509157509158,0.03225806451612903
Q15782,5,0.004578754578754579,0.16129032258064516
Q15788,194,0.17765567765567766,1.0
Q15796,6,0.005494505494505495,0.1935483870967742
Q15797,3,0.0027472527472527475,0.0967741935483871
Q15811,4,0.003663003663003663,0.12903225806451613
Q15813,2,0.0018315018315018315,0.06451612903225806
Q15818,1,0.0009157509157509158,0.03225806451612903
Q15819,13,0.011904761904761904,0.41935483870967744
Q15828,3,0.0027472527472527475,0.0967741935483871
Q15835,1,0.0009157509157509158,0.03225806451612903
Q15843,7,0.00641025641025641,0.22580645161290322
Q15848,3,0.0027472527472527475,0.0967741935483871
Q15858,1,0.0009157509157509158,0.03225806451612903
Q15878,1,0.0009157509157509158,0.03225806451612903
Q15907,2,0.0018315018315018315,0.06451612903225806
Q15910,15,0.013736263736263736,0.4838709677419355
Q16181,3,0.0027472527472527475,0.0967741935483871
Q16186,6,0.005494505494505495,0.1935483870967742
Q16222,5,0.004578754578754579,0.16129032258064516
Q16236,12,0.01098901098901099,0.3870967741935484
Q16254,1,0.0009157509157509158,0.03225806451612903
Q16281,1,0.0009157509157509158,0.03225806451612903
Q16288,5,0.004578754578754579,0.16129032258064516
Q16348,1,0.0009157509157509158,0.03225806451612903
Q16512,4,0.003663003663003663,0.12903225806451613
Q16513,2,0.0018315018315018315,0.06451612903225806
Q16514,1,0.0009157509157509158,0.03225806451612903
Q16531,12,0.01098901098901099,0.3870967741935484
Q16539,226,0.20695970695970695,1.0
Q16543,3,0.0027472527472527475,0.0967741935483871
Q16548,24,0.02197802197802198,0.7741935483870968
Q16552,17,0.015567765567765568,0.5483870967741935
Q16555,12,0.01098901098901099,0.3870967741935484
Q16566,1,0.0009157509157509158,0.03225806451612903
Q16570,2,0.0018315018315018315,0.06451612903225806
Q16576,2,0.0018315018315018315,0.06451612903225806
Q16584,4,0.003663003663003663,0.12903225806451613
Q16594,1,0.0009157509157509158,0.03225806451612903
Q16595,10,0.009157509157509158,0.3225806451612903
Q16602,9,0.008241758241758242,0.2903225806451613
Q16611,34,0.031135531135531136,1.0
Q16620,5,0.004578754578754579,0.16129032258064516
Q16625,3,0.0027472527472527475,0.0967741935483871
Q16627,2,0.0018315018315018315,0.06451612903225806
Q16630,3,0.0027472527472527475,0.0967741935483871
Q16637,4,0.003663003663003663,0.12903225806451613
Q16643,1,0.0009157509157509158,0.03225806451612903
Q16644,5,0.004578754578754579,0.16129032258064516
Q16647,2,0.0018315018315018315,0.06451612903225806
Q16649,3,0.0027472527472527475,0.0967741935483871
Q16651,8,0.007326007326007326,0.25806451612903225
Q16654,7,0.00641025641025641,0.22580645161290322
Q16655,13,0.011904761904761904,0.41935483870967744
Q16656,2,0.0018315018315018315,0.06451612903225806
Q16658,17,0.015567765567765568,0.5483870967741935
Q16659,2,0.0018315018315018315,0.06451612903225806
Q16665,19,0.0173992673992674,0.6129032258064516
Q16666,5,0.004578754578754579,0.16129032258064516
Q16667,1,0.0009157509157509158,0.03225806451612903
Q16674,2,0.0018315018315018315,0.06451612903225806
Q16695,9,0.008241758241758242,0.2903225806451613
Q16696,5,0.004578754578754579,0.16129032258064516
Q16698,3,0.0027472527472527475,0.0967741935483871
Q16719,2,0.0018315018315018315,0.06451612903225806
Q16740,3,0.0027472527472527475,0.0967741935483871
Q16763,6,0.005494505494505495,0.1935483870967742
Q16769,33,0.03021978021978022,1.0
Q16772,2,0.0018315018315018315,0.06451612903225806
Q16773,6,0.005494505494505495,0.1935483870967742
Q16774,1,0.0009157509157509158,0.03225806451612903
Q16775,2,0.0018315018315018315,0.06451612903225806
Q16778,5,0.004578754578754579,0.16129032258064516
Q16790,26,0.023809523809523808,0.8387096774193549
Q16820,2,0.0018315018315018315,0.06451612903225806
Q16825,1,0.0009157509157509158,0.03225806451612903
Q16827,2,0.0018315018315018315,0.06451612903225806
Q16828,1,0.0009157509157509158,0.03225806451612903
Q16829,1,0.0009157509157509158,0.03225806451612903
Q16831,3,0.0027472527472527475,0.0967741935483871
Q16832,2,0.0018315018315018315,0.06451612903225806
Q16836,11,0.010073260073260074,0.3548387096774194
Q16849,6,0.005494505494505495,0.1935483870967742
Q16850,4,0.003663003663003663,0.12903225806451613
Q16853,1,0.0009157509157509158,0.03225806451612903
Q16873,9,0.008241758241758242,0.2903225806451613
Q16875,17,0.015567765567765568,0.5483870967741935
Q16878,15,0.013736263736263736,0.4838709677419355
Q16881,1,0.0009157509157509158,0.03225806451612903
Q17R31,1,0.0009157509157509158,0.03225806451612903
Q17R98,1,0.0009157509157509158,0.03225806451612903
Q17RY0,1,0.0009157509157509158,0.03225806451612903
Q29980,2,0.0018315018315018315,0.06451612903225806
Q29983,2,0.0018315018315018315,0.06451612903225806
Q2KHR2,2,0.0018315018315018315,0.06451612903225806
Q2L6G2,1,0.0009157509157509158,0.03225806451612903
Q2LC95,1,0.0009157509157509158,0.03225806451612903
Q2M1P5,2,0.0018315018315018315,0.06451612903225806
Q2M2I8,6,0.005494505494505495,0.1935483870967742
Q2MKA7,5,0.004578754578754579,0.16129032258064516
Q2NKJ3,1,0.0009157509157509158,0.03225806451612903
Q2NKX8,1,0.0009157509157509158,0.03225806451612903
Q2Q1W2,1,0.0009157509157509158,0.03225806451612903
Q2TAY7,2,0.0018315018315018315,0.06451612903225806
Q2TAZ0,2,0.0018315018315018315,0.06451612903225806
Q2TBA0,1,0.0009157509157509158,0.03225806451612903
Q2TU34,1,0.0009157509157509158,0.03225806451612903
Q2YD82,1,0.0009157509157509158,0.03225806451612903
Q30066,3,0.0027472527472527475,0.0967741935483871
Q30069,3,0.0027472527472527475,0.0967741935483871
Q30154,1,0.0009157509157509158,0.03225806451612903
Q309B1,1,0.0009157509157509158,0.03225806451612903
Q3KP22,1,0.0009157509157509158,0.03225806451612903
Q3MIT2,1,0.0009157509157509158,0.03225806451612903
Q3SYG4,1,0.0009157509157509158,0.03225806451612903
Q3V6T2,1,0.0009157509157509158,0.03225806451612903
Q3YBR2,1,0.0009157509157509158,0.03225806451612903
Q3ZCT8,1,0.0009157509157509158,0.03225806451612903
Q3ZCW2,2,0.0018315018315018315,0.06451612903225806
Q460N3,35,0.03205128205128205,1.0
Q460N5,38,0.0347985347985348,1.0
Q495A1,4,0.003663003663003663,0.12903225806451613
Q495M9,1,0.0009157509157509158,0.03225806451612903
Q496J9,4,0.003663003663003663,0.12903225806451613
Q49A26,5,0.004578754578754579,0.16129032258064516
Q49AH0,1,0.0009157509157509158,0.03225806451612903
Q4FZB7,4,0.003663003663003663,0.12903225806451613
Q4G0J3,1,0.0009157509157509158,0.03225806451612903
Q4G0N4,1,0.0009157509157509158,0.03225806451612903
Q4G0W2,2,0.0018315018315018315,0.06451612903225806
Q4G112,1,0.0009157509157509158,0.03225806451612903
Q4KMG0,2,0.0018315018315018315,0.06451612903225806
Q4KMQ1,1,0.0009157509157509158,0.03225806451612903
Q4VCS5,17,0.015567765567765568,0.5483870967741935
Q504Y3,3,0.0027472527472527475,0.0967741935483871
Q52LA3,2,0.0018315018315018315,0.06451612903225806
Q53EL6,1,0.0009157509157509158,0.03225806451612903
Q53ET0,1,0.0009157509157509158,0.03225806451612903
Q53EZ4,2,0.0018315018315018315,0.06451612903225806
Q53FA7,1,0.0009157509157509158,0.03225806451612903
Q53FT3,2,0.0018315018315018315,0.06451612903225806
Q53G59,4,0.003663003663003663,0.12903225806451613
Q53GL0,1,0.0009157509157509158,0.03225806451612903
Q53GL7,2,0.0018315018315018315,0.06451612903225806
Q53H47,3,0.0027472527472527475,0.0967741935483871
Q53HC5,1,0.0009157509157509158,0.03225806451612903
Q53HL2,3,0.0027472527472527475,0.0967741935483871
Q53QZ3,1,0.0009157509157509158,0.03225806451612903
Q53Z42,3,0.0027472527472527475,0.0967741935483871
Q546I9,1,0.0009157509157509158,0.03225806451612903
Q567P1,1,0.0009157509157509158,0.03225806451612903
Q56A73,1,0.0009157509157509158,0.03225806451612903
Q56H30,1,0.0009157509157509158,0.03225806451612903
Q58F21,17,0.015567765567765568,0.5483870967741935
Q59EE1,2,0.0018315018315018315,0.06451612903225806
Q59EM9,1,0.0009157509157509158,0.03225806451612903
Q5D1E8,3,0.0027472527472527475,0.0967741935483871
Q5EBM2,1,0.0009157509157509158,0.03225806451612903
Q5FBB7,1,0.0009157509157509158,0.03225806451612903
Q5FWF4,4,0.003663003663003663,0.12903225806451613
Q5GJ75,1,0.0009157509157509158,0.03225806451612903
Q5H924,1,0.0009157509157509158,0.03225806451612903
Q5H9F3,1,0.0009157509157509158,0.03225806451612903
Q5IJ48,1,0.0009157509157509158,0.03225806451612903
Q5JP69,2,0.0018315018315018315,0.06451612903225806
Q5JRX3,2,0.0018315018315018315,0.06451612903225806
Q5JS13,1,0.0009157509157509158,0.03225806451612903
Q5JS54,1,0.0009157509157509158,0.03225806451612903
Q5JSS6,2,0.0018315018315018315,0.06451612903225806
Q5JST6,2,0.0018315018315018315,0.06451612903225806
Q5JT35,2,0.0018315018315018315,0.06451612903225806
Q5JTC6,3,0.0027472527472527475,0.0967741935483871
Q5JTJ3,2,0.0018315018315018315,0.06451612903225806
Q5JTV8,1,0.0009157509157509158,0.03225806451612903
Q5JTZ9,2,0.0018315018315018315,0.06451612903225806
Q5JU85,1,0.0009157509157509158,0.03225806451612903
Q5JUX0,1,0.0009157509157509158,0.03225806451612903
Q5JVF3,1,0.0009157509157509158,0.03225806451612903
Q5KU26,1,0.0009157509157509158,0.03225806451612903
Q5MAG5,1,0.0009157509157509158,0.03225806451612903
Q5MNZ6,2,0.0018315018315018315,0.06451612903225806
Q5NV88,2,0.0018315018315018315,0.06451612903225806
Q5NV90,1,0.0009157509157509158,0.03225806451612903
Q5QGZ9,1,0.0009157509157509158,0.03225806451612903
Q5R372,1,0.0009157509157509158,0.03225806451612903
Q5S007,8,0.007326007326007326,0.25806451612903225
Q5S3G3,1,0.0009157509157509158,0.03225806451612903
Q5SQI0,10,0.009157509157509158,0.3225806451612903
Q5SRE7,2,0.0018315018315018315,0.06451612903225806
Q5SRI9,8,0.007326007326007326,0.25806451612903225
Q5SU54,2,0.0018315018315018315,0.06451612903225806
Q5SW79,1,0.0009157509157509158,0.03225806451612903
Q5SW96,1,0.0009157509157509158,0.03225806451612903
Q5SWA1,3,0.0027472527472527475,0.0967741935483871
Q5SYB0,1,0.0009157509157509158,0.03225806451612903
Q5T0W9,12,0.01098901098901099,0.3870967741935484
Q5T1C6,2,0.0018315018315018315,0.06451612903225806
Q5T280,3,0.0027472527472527475,0.0967741935483871
Q5T2D3,1,0.0009157509157509158,0.03225806451612903
Q5T2T1,1,0.0009157509157509158,0.03225806451612903
Q5T2W1,3,0.0027472527472527475,0.0967741935483871
Q5T440,3,0.0027472527472527475,0.0967741935483871
Q5T4W7,3,0.0027472527472527475,0.0967741935483871
Q5T5U3,1,0.0009157509157509158,0.03225806451612903
Q5T5X7,1,0.0009157509157509158,0.03225806451612903
Q5T6S3,1,0.0009157509157509158,0.03225806451612903
Q5T890,1,0.0009157509157509158,0.03225806451612903
Q5T8D3,1,0.0009157509157509158,0.03225806451612903
Q5T8I9,1,0.0009157509157509158,0.03225806451612903
Q5TA31,1,0.0009157509157509158,0.03225806451612903
Q5TA45,1,0.0009157509157509158,0.03225806451612903
Q5TA50,4,0.003663003663003663,0.12903225806451613
Q5TAX3,1,0.0009157509157509158,0.03225806451612903
Q5TBC7,1,0.0009157509157509158,0.03225806451612903
Q5TC82,4,0.003663003663003663,0.12903225806451613
Q5TCQ9,1,0.0009157509157509158,0.03225806451612903
Q5TCY1,8,0.007326007326007326,0.25806451612903225
Q5TDH0,1,0.0009157509157509158,0.03225806451612903
Q5TEC6,1,0.0009157509157509158,0.03225806451612903
Q5TFQ8,1,0.0009157509157509158,0.03225806451612903
Q5THR3,2,0.0018315018315018315,0.06451612903225806
Q5TKA1,1,0.0009157509157509158,0.03225806451612903
Q5TZA2,1,0.0009157509157509158,0.03225806451612903
Q5U5Q3,4,0.003663003663003663,0.12903225806451613
Q5VST9,4,0.003663003663003663,0.12903225806451613
Q5VT52,1,0.0009157509157509158,0.03225806451612903
Q5VT66,2,0.0018315018315018315,0.06451612903225806
Q5VTE6,2,0.0018315018315018315,0.06451612903225806
Q5VTR2,1,0.0009157509157509158,0.03225806451612903
Q5VTY9,1,0.0009157509157509158,0.03225806451612903
Q5VV17,1,0.0009157509157509158,0.03225806451612903
Q5VVQ6,2,0.0018315018315018315,0.06451612903225806
Q5VVX9,1,0.0009157509157509158,0.03225806451612903
Q5VVY1,4,0.003663003663003663,0.12903225806451613
Q5VW32,2,0.0018315018315018315,0.06451612903225806
Q5VWG9,4,0.003663003663003663,0.12903225806451613
Q5VWZ2,2,0.0018315018315018315,0.06451612903225806
Q5VY80,2,0.0018315018315018315,0.06451612903225806
Q5VYS8,3,0.0027472527472527475,0.0967741935483871
Q5VYX0,1,0.0009157509157509158,0.03225806451612903
Q5VZ89,1,0.0009157509157509158,0.03225806451612903
Q5VZK9,1,0.0009157509157509158,0.03225806451612903
Q5VZV1,1,0.0009157509157509158,0.03225806451612903
Q5W0Q7,1,0.0009157509157509158,0.03225806451612903
Q5W0Z9,2,0.0018315018315018315,0.06451612903225806
Q5W111,1,0.0009157509157509158,0.03225806451612903
Q5Y7C3,1,0.0009157509157509158,0.03225806451612903
Q5Y7D1,1,0.0009157509157509158,0.03225806451612903
Q5Y7D3,2,0.0018315018315018315,0.06451612903225806
Q63HN8,1,0.0009157509157509158,0.03225806451612903
Q63HR2,1,0.0009157509157509158,0.03225806451612903
Q63ZY3,3,0.0027472527472527475,0.0967741935483871
Q641Q2,4,0.003663003663003663,0.12903225806451613
Q658P3,2,0.0018315018315018315,0.06451612903225806
Q65ZC9,1,0.0009157509157509158,0.03225806451612903
Q66GS9,2,0.0018315018315018315,0.06451612903225806
Q66K64,1,0.0009157509157509158,0.03225806451612903
Q676U5,3,0.0027472527472527475,0.0967741935483871
Q67AJ6,1,0.0009157509157509158,0.03225806451612903
Q68CN4,1,0.0009157509157509158,0.03225806451612903
Q68CZ6,2,0.0018315018315018315,0.06451612903225806
Q68D85,3,0.0027472527472527475,0.0967741935483871
Q68DC2,1,0.0009157509157509158,0.03225806451612903
Q68DK7,1,0.0009157509157509158,0.03225806451612903
Q68DU8,4,0.003663003663003663,0.12903225806451613
Q68DV7,1,0.0009157509157509158,0.03225806451612903
Q68E01,4,0.003663003663003663,0.12903225806451613
Q68J44,1,0.0009157509157509158,0.03225806451612903
Q69YH5,1,0.0009157509157509158,0.03225806451612903
Q6B0I6,282,0.25824175824175827,1.0
Q6B8I1,1,0.0009157509157509158,0.03225806451612903
Q6DD88,2,0.0018315018315018315,0.06451612903225806
Q6DHV7,1,0.0009157509157509158,0.03225806451612903
Q6DKI7,2,0.0018315018315018315,0.06451612903225806
Q6DN90,3,0.0027472527472527475,0.0967741935483871
Q6EIG7,2,0.0018315018315018315,0.06451612903225806
Q6FI18,1,0.0009157509157509158,0.03225806451612903
Q6FI81,1,0.0009157509157509158,0.03225806451612903
Q6GMV2,1,0.0009157509157509158,0.03225806451612903
Q6GMW3,1,0.0009157509157509158,0.03225806451612903
Q6GMX0,4,0.003663003663003663,0.12903225806451613
Q6GMX4,3,0.0027472527472527475,0.0967741935483871
Q6GMX6,13,0.011904761904761904,0.41935483870967744
Q6GQQ9,2,0.0018315018315018315,0.06451612903225806
Q6GTX8,1,0.0009157509157509158,0.03225806451612903
Q6IAA8,4,0.003663003663003663,0.12903225806451613
Q6IBS0,2,0.0018315018315018315,0.06451612903225806
Q6ICB0,1,0.0009157509157509158,0.03225806451612903
Q6ICL3,3,0.0027472527472527475,0.0967741935483871
Q6IMN6,3,0.0027472527472527475,0.0967741935483871
Q6IN85,1,0.0009157509157509158,0.03225806451612903
Q6IPQ0,1,0.0009157509157509158,0.03225806451612903
Q6IQ22,1,0.0009157509157509158,0.03225806451612903
Q6IQ23,2,0.0018315018315018315,0.06451612903225806
Q6IQ55,6,0.005494505494505495,0.1935483870967742
Q6IRV4,2,0.0018315018315018315,0.06451612903225806
Q6ISB3,1,0.0009157509157509158,0.03225806451612903
Q6L8Q7,3,0.0027472527472527475,0.0967741935483871
Q6MZP7,1,0.0009157509157509158,0.03225806451612903
Q6MZV7,6,0.005494505494505495,0.1935483870967742
Q6MZZ7,1,0.0009157509157509158,0.03225806451612903
Q6N021,6,0.005494505494505495,0.1935483870967742
Q6N022,1,0.0009157509157509158,0.03225806451612903
Q6N030,2,0.0018315018315018315,0.06451612903225806
Q6N089,7,0.00641025641025641,0.22580645161290322
Q6N095,1,0.0009157509157509158,0.03225806451612903
Q6NS38,12,0.01098901098901099,0.3870967741935484
Q6NS95,2,0.0018315018315018315,0.06451612903225806
Q6NSA1,1,0.0009157509157509158,0.03225806451612903
Q6NSJ0,3,0.0027472527472527475,0.0967741935483871
Q6NTF7,1,0.0009157509157509158,0.03225806451612903
Q6NUJ5,1,0.0009157509157509158,0.03225806451612903
Q6NUK1,2,0.0018315018315018315,0.06451612903225806
Q6NVY1,1,0.0009157509157509158,0.03225806451612903
Q6NW40,2,0.0018315018315018315,0.06451612903225806
Q6NXT2,12,0.01098901098901099,0.3870967741935484
Q6NYC1,2,0.0018315018315018315,0.06451612903225806
Q6NZ36,1,0.0009157509157509158,0.03225806451612903
Q6NZI2,1,0.0009157509157509158,0.03225806451612903
Q6NZY4,2,0.0018315018315018315,0.06451612903225806
Q6P0N0,1,0.0009157509157509158,0.03225806451612903
Q6P179,2,0.0018315018315018315,0.06451612903225806
Q6P1J9,2,0.0018315018315018315,0.06451612903225806
Q6P1M3,3,0.0027472527472527475,0.0967741935483871
Q6P1N9,1,0.0009157509157509158,0.03225806451612903
Q6P2H3,1,0.0009157509157509158,0.03225806451612903
Q6P2P2,3,0.0027472527472527475,0.0967741935483871
Q6P2Q9,16,0.014652014652014652,0.5161290322580645
Q6P3S1,1,0.0009157509157509158,0.03225806451612903
Q6P4F2,1,0.0009157509157509158,0.03225806451612903
Q6P4F7,1,0.0009157509157509158,0.03225806451612903
Q6P4G7,6,0.005494505494505495,0.1935483870967742
Q6P4R8,1,0.0009157509157509158,0.03225806451612903
Q6P587,3,0.0027472527472527475,0.0967741935483871
Q6P589,1,0.0009157509157509158,0.03225806451612903
Q6P5S8,13,0.011904761904761904,0.41935483870967744
Q6P6C2,8,0.007326007326007326,0.25806451612903225
Q6P988,125,0.11446886446886446,1.0
Q6PCD5,1,0.0009157509157509158,0.03225806451612903
Q6PHR2,2,0.0018315018315018315,0.06451612903225806
Q6PHW0,2,0.0018315018315018315,0.06451612903225806
Q6PI26,2,0.0018315018315018315,0.06451612903225806
Q6PIF2,1,0.0009157509157509158,0.03225806451612903
Q6PIF6,3,0.0027472527472527475,0.0967741935483871
Q6PIL8,2,0.0018315018315018315,0.06451612903225806
Q6PIW4,1,0.0009157509157509158,0.03225806451612903
Q6PJ56,1,0.0009157509157509158,0.03225806451612903
Q6PJ69,1,0.0009157509157509158,0.03225806451612903
Q6PJF2,3,0.0027472527472527475,0.0967741935483871
Q6PJG0,3,0.0027472527472527475,0.0967741935483871
Q6PJG6,1,0.0009157509157509158,0.03225806451612903
Q6PJP8,307,0.28113553113553114,1.0
Q6PKG0,5,0.004578754578754579,0.16129032258064516
Q6PL18,106,0.09706959706959707,1.0
Q6PYX1,8,0.007326007326007326,0.25806451612903225
Q6QEF8,1,0.0009157509157509158,0.03225806451612903
Q6SPF0,4,0.003663003663003663,0.12903225806451613
Q6SZW1,9,0.008241758241758242,0.2903225806451613
Q6TGC4,4,0.003663003663003663,0.12903225806451613
Q6TXQ4,1,0.0009157509157509158,0.03225806451612903
Q6UB28,3,0.0027472527472527475,0.0967741935483871
Q6UN15,1,0.0009157509157509158,0.03225806451612903
Q6UUV9,3,0.0027472527472527475,0.0967741935483871
Q6UVJ0,2,0.0018315018315018315,0.06451612903225806
Q6UWP2,1,0.0009157509157509158,0.03225806451612903
Q6UWV6,1,0.0009157509157509158,0.03225806451612903
Q6UWW0,1,0.0009157509157509158,0.03225806451612903
Q6UWY2,1,0.0009157509157509158,0.03225806451612903
Q6UWZ7,1,0.0009157509157509158,0.03225806451612903
Q6UX04,2,0.0018315018315018315,0.06451612903225806
Q6UXL0,1,0.0009157509157509158,0.03225806451612903
Q6UXN8,1,0.0009157509157509158,0.03225806451612903
Q6UXT8,2,0.0018315018315018315,0.06451612903225806
Q6UXV0,1,0.0009157509157509158,0.03225806451612903
Q6V1X1,5,0.004578754578754579,0.16129032258064516
Q6V702,1,0.0009157509157509158,0.03225806451612903
Q6VVX0,1,0.0009157509157509158,0.03225806451612903
Q6W0C5,3,0.0027472527472527475,0.0967741935483871
Q6W2J9,1,0.0009157509157509158,0.03225806451612903
Q6WKZ4,1,0.0009157509157509158,0.03225806451612903
Q6XZF7,4,0.003663003663003663,0.12903225806451613
Q6Y7W6,3,0.0027472527472527475,0.0967741935483871
Q6YHU6,1,0.0009157509157509158,0.03225806451612903
Q6YN16,1,0.0009157509157509158,0.03225806451612903
Q6ZMI3,1,0.0009157509157509158,0.03225806451612903
Q6ZMJ2,1,0.0009157509157509158,0.03225806451612903
Q6ZMJ4,1,0.0009157509157509158,0.03225806451612903
Q6ZMT1,2,0.0018315018315018315,0.06451612903225806
Q6ZMT4,2,0.0018315018315018315,0.06451612903225806
Q6ZMU5,1,0.0009157509157509158,0.03225806451612903
Q6ZMZ3,1,0.0009157509157509158,0.03225806451612903
Q6ZN16,1,0.0009157509157509158,0.03225806451612903
Q6ZN17,1,0.0009157509157509158,0.03225806451612903
Q6ZN18,1,0.0009157509157509158,0.03225806451612903
Q6ZN44,1,0.0009157509157509158,0.03225806451612903
Q6ZNE5,1,0.0009157509157509158,0.03225806451612903
Q6ZNX1,5,0.004578754578754579,0.16129032258064516
Q6ZSG1,6,0.005494505494505495,0.1935483870967742
Q6ZTA4,1,0.0009157509157509158,0.03225806451612903
Q6ZTN6,1,0.0009157509157509158,0.03225806451612903
Q6ZU15,1,0.0009157509157509158,0.03225806451612903
Q6ZUJ8,1,0.0009157509157509158,0.03225806451612903
Q6ZUM4,1,0.0009157509157509158,0.03225806451612903
Q6ZVK8,2,0.0018315018315018315,0.06451612903225806
Q6ZVN8,1,0.0009157509157509158,0.03225806451612903
Q6ZW49,1,0.0009157509157509158,0.03225806451612903
Q6ZW76,2,0.0018315018315018315,0.06451612903225806
Q6ZYL4,1,0.0009157509157509158,0.03225806451612903
Q70CQ3,2,0.0018315018315018315,0.06451612903225806
Q70E73,2,0.0018315018315018315,0.06451612903225806
Q70Z35,1,0.0009157509157509158,0.03225806451612903
Q712K3,1,0.0009157509157509158,0.03225806451612903
Q719H9,3,0.0027472527472527475,0.0967741935483871
Q71DI3,14,0.01282051282051282,0.45161290322580644
Q71RC2,1,0.0009157509157509158,0.03225806451612903
Q71U36,1,0.0009157509157509158,0.03225806451612903
Q76I76,1,0.0009157509157509158,0.03225806451612903
Q76N89,1,0.0009157509157509158,0.03225806451612903
Q7KYR7,2,0.0018315018315018315,0.06451612903225806
Q7KZ85,1,0.0009157509157509158,0.03225806451612903
Q7KZF4,7,0.00641025641025641,0.22580645161290322
Q7KZI7,2,0.0018315018315018315,0.06451612903225806
Q7L0J3,1,0.0009157509157509158,0.03225806451612903
Q7L0Q8,1,0.0009157509157509158,0.03225806451612903
Q7L0Y3,1,0.0009157509157509158,0.03225806451612903
Q7L1T6,3,0.0027472527472527475,0.0967741935483871
Q7L266,13,0.011904761904761904,0.41935483870967744
Q7L2J0,2,0.0018315018315018315,0.06451612903225806
Q7L513,1,0.0009157509157509158,0.03225806451612903
Q7L523,2,0.0018315018315018315,0.06451612903225806
Q7L576,2,0.0018315018315018315,0.06451612903225806
Q7L5D6,1,0.0009157509157509158,0.03225806451612903
Q7L5N1,1,0.0009157509157509158,0.03225806451612903
Q7L5Y1,1,0.0009157509157509158,0.03225806451612903
Q7L804,5,0.004578754578754579,0.16129032258064516
Q7L8A9,12,0.01098901098901099,0.3870967741935484
Q7LBC6,36,0.03296703296703297,1.0
Q7LBR1,3,0.0027472527472527475,0.0967741935483871
Q7LC44,7,0.00641025641025641,0.22580645161290322
Q7LFL8,1,0.0009157509157509158,0.03225806451612903
Q7LG56,1,0.0009157509157509158,0.03225806451612903
Q7RTN6,2,0.0018315018315018315,0.06451612903225806
Q7RTP6,1,0.0009157509157509158,0.03225806451612903
Q7RTR0,2,0.0018315018315018315,0.06451612903225806
Q7RTV0,2,0.0018315018315018315,0.06451612903225806
Q7Z2E3,9,0.008241758241758242,0.2903225806451613
Q7Z2W4,5,0.004578754578754579,0.16129032258064516
Q7Z3B3,2,0.0018315018315018315,0.06451612903225806
Q7Z3B4,5,0.004578754578754579,0.16129032258064516
Q7Z3T8,2,0.0018315018315018315,0.06451612903225806
Q7Z3Y4,11,0.010073260073260074,0.3548387096774194
Q7Z406,1,0.0009157509157509158,0.03225806451612903
Q7Z434,3,0.0027472527472527475,0.0967741935483871
Q7Z460,3,0.0027472527472527475,0.0967741935483871
Q7Z494,1,0.0009157509157509158,0.03225806451612903
Q7Z4H3,4,0.003663003663003663,0.12903225806451613
Q7Z4H4,1,0.0009157509157509158,0.03225806451612903
Q7Z4I7,1,0.0009157509157509158,0.03225806451612903
Q7Z4S6,5,0.004578754578754579,0.16129032258064516
Q7Z4V5,76,0.0695970695970696,1.0
Q7Z4W1,3,0.0027472527472527475,0.0967741935483871
Q7Z589,3,0.0027472527472527475,0.0967741935483871
Q7Z5L9,3,0.0027472527472527475,0.0967741935483871
Q7Z5R6,1,0.0009157509157509158,0.03225806451612903
Q7Z624,1,0.0009157509157509158,0.03225806451612903
Q7Z628,1,0.0009157509157509158,0.03225806451612903
Q7Z699,1,0.0009157509157509158,0.03225806451612903
Q7Z6B0,1,0.0009157509157509158,0.03225806451612903
Q7Z6E9,1,0.0009157509157509158,0.03225806451612903
Q7Z6J0,2,0.0018315018315018315,0.06451612903225806
Q7Z6J2,1,0.0009157509157509158,0.03225806451612903
Q7Z6K5,1,0.0009157509157509158,0.03225806451612903
Q7Z6L1,2,0.0018315018315018315,0.06451612903225806
Q7Z6M4,1,0.0009157509157509158,0.03225806451612903
Q7Z6Z7,9,0.008241758241758242,0.2903225806451613
Q7Z7C8,2,0.0018315018315018315,0.06451612903225806
Q7Z7D3,1,0.0009157509157509158,0.03225806451612903
Q7Z7L7,3,0.0027472527472527475,0.0967741935483871
Q860B7,1,0.0009157509157509158,0.03225806451612903
Q861F6,1,0.0009157509157509158,0.03225806451612903
Q861F7,8,0.007326007326007326,0.25806451612903225
Q86SE8,1,0.0009157509157509158,0.03225806451612903
Q86SE9,1,0.0009157509157509158,0.03225806451612903
Q86SG5,1,0.0009157509157509158,0.03225806451612903
Q86SQ0,3,0.0027472527472527475,0.0967741935483871
Q86SQ9,5,0.004578754578754579,0.16129032258064516
Q86SR1,1,0.0009157509157509158,0.03225806451612903
Q86SX6,1,0.0009157509157509158,0.03225806451612903
Q86SZ2,3,0.0027472527472527475,0.0967741935483871
Q86T03,1,0.0009157509157509158,0.03225806451612903
Q86T24,15,0.013736263736263736,0.4838709677419355
Q86T82,1,0.0009157509157509158,0.03225806451612903
Q86TB9,1,0.0009157509157509158,0.03225806451612903
Q86TG7,1,0.0009157509157509158,0.03225806451612903
Q86TI0,1,0.0009157509157509158,0.03225806451612903
Q86TM3,2,0.0018315018315018315,0.06451612903225806
Q86TU7,16,0.014652014652014652,0.5161290322580645
Q86U42,2,0.0018315018315018315,0.06451612903225806
Q86U44,54,0.04945054945054945,1.0
Q86U70,4,0.003663003663003663,0.12903225806451613
Q86U86,26,0.023809523809523808,0.8387096774193549
Q86UR1,1,0.0009157509157509158,0.03225806451612903
Q86US8,4,0.003663003663003663,0.12903225806451613
Q86UT5,1,0.0009157509157509158,0.03225806451612903
Q86UU0,3,0.0027472527472527475,0.0967741935483871
Q86UW6,2,0.0018315018315018315,0.06451612903225806
Q86UW9,2,0.0018315018315018315,0.06451612903225806
Q86UX7,2,0.0018315018315018315,0.06451612903225806
Q86UY6,4,0.003663003663003663,0.12903225806451613
Q86V24,4,0.003663003663003663,0.12903225806451613
Q86V25,4,0.003663003663003663,0.12903225806451613
Q86V88,1,0.0009157509157509158,0.03225806451612903
Q86V97,1,0.0009157509157509158,0.03225806451612903
Q86VI3,1,0.0009157509157509158,0.03225806451612903
Q86VP1,6,0.005494505494505495,0.1935483870967742
Q86VQ6,1,0.0009157509157509158,0.03225806451612903
Q86VS8,2,0.0018315018315018315,0.06451612903225806
Q86VU5,1,0.0009157509157509158,0.03225806451612903
Q86W24,1,0.0009157509157509158,0.03225806451612903
Q86W50,6,0.005494505494505495,0.1935483870967742
Q86W56,24,0.02197802197802198,0.7741935483870968
Q86WA6,4,0.003663003663003663,0.12903225806451613
Q86WT6,2,0.0018315018315018315,0.06451612903225806
Q86WV1,1,0.0009157509157509158,0.03225806451612903
Q86WV5,1,0.0009157509157509158,0.03225806451612903
Q86WV6,54,0.04945054945054945,1.0
Q86X55,27,0.024725274725274724,0.8709677419354839
Q86XE0,1,0.0009157509157509158,0.03225806451612903
Q86XE5,2,0.0018315018315018315,0.06451612903225806
Q86XK2,1,0.0009157509157509158,0.03225806451612903
Q86XP0,1,0.0009157509157509158,0.03225806451612903
Q86XR8,1,0.0009157509157509158,0.03225806451612903
Q86Y01,5,0.004578754578754579,0.16129032258064516
Q86Y07,5,0.004578754578754579,0.16129032258064516
Q86Y38,7,0.00641025641025641,0.22580645161290322
Q86Y78,1,0.0009157509157509158,0.03225806451612903
Q86Y97,1,0.0009157509157509158,0.03225806451612903
Q86YC2,2,0.0018315018315018315,0.06451612903225806
Q86YI8,2,0.0018315018315018315,0.06451612903225806
Q86YL7,4,0.003663003663003663,0.12903225806451613
Q86YN6,1,0.0009157509157509158,0.03225806451612903
Q86YS6,1,0.0009157509157509158,0.03225806451612903
Q86YT6,6,0.005494505494505495,0.1935483870967742
Q86YW5,1,0.0009157509157509158,0.03225806451612903
Q86Z14,2,0.0018315018315018315,0.06451612903225806
Q8IU54,2,0.0018315018315018315,0.06451612903225806
Q8IU57,3,0.0027472527472527475,0.0967741935483871
Q8IU60,33,0.03021978021978022,1.0
Q8IU85,5,0.004578754578754579,0.16129032258064516
Q8IUC4,1,0.0009157509157509158,0.03225806451612903
Q8IUC6,3,0.0027472527472527475,0.0967741935483871
Q8IUF8,1,0.0009157509157509158,0.03225806451612903
Q8IUH3,4,0.003663003663003663,0.12903225806451613
Q8IUH5,3,0.0027472527472527475,0.0967741935483871
Q8IUN9,4,0.003663003663003663,0.12903225806451613
Q8IUQ4,7,0.00641025641025641,0.22580645161290322
Q8IUX4,4,0.003663003663003663,0.12903225806451613
Q8IV08,3,0.0027472527472527475,0.0967741935483871
Q8IV16,1,0.0009157509157509158,0.03225806451612903
Q8IV48,2,0.0018315018315018315,0.06451612903225806
Q8IV63,1,0.0009157509157509158,0.03225806451612903
Q8IVF2,1,0.0009157509157509158,0.03225806451612903
Q8IVH2,1,0.0009157509157509158,0.03225806451612903
Q8IVL8,1,0.0009157509157509158,0.03225806451612903
Q8IVM0,1,0.0009157509157509158,0.03225806451612903
Q8IVP5,1,0.0009157509157509158,0.03225806451612903
Q8IVS2,1,0.0009157509157509158,0.03225806451612903
Q8IVT5,1,0.0009157509157509158,0.03225806451612903
Q8IVU3,1,0.0009157509157509158,0.03225806451612903
Q8IVV7,10,0.009157509157509158,0.3225806451612903
Q8IVW4,1,0.0009157509157509158,0.03225806451612903
Q8IW19,8,0.007326007326007326,0.25806451612903225
Q8IW75,4,0.003663003663003663,0.12903225806451613
Q8IWA4,3,0.0027472527472527475,0.0967741935483871
Q8IWB6,1,0.0009157509157509158,0.03225806451612903
Q8IWE4,1,0.0009157509157509158,0.03225806451612903
Q8IWS0,2,0.0018315018315018315,0.06451612903225806
Q8IWT1,4,0.003663003663003663,0.12903225806451613
Q8IWV7,3,0.0027472527472527475,0.0967741935483871
Q8IWV8,5,0.004578754578754579,0.16129032258064516
Q8IX03,2,0.0018315018315018315,0.06451612903225806
Q8IX04,2,0.0018315018315018315,0.06451612903225806
Q8IX07,1,0.0009157509157509158,0.03225806451612903
Q8IXH6,6,0.005494505494505495,0.1935483870967742
Q8IXI1,1,0.0009157509157509158,0.03225806451612903
Q8IXI2,5,0.004578754578754579,0.16129032258064516
Q8IXJ6,53,0.048534798534798536,1.0
Q8IXK2,1,0.0009157509157509158,0.03225806451612903
Q8IXL7,2,0.0018315018315018315,0.06451612903225806
Q8IXQ5,1,0.0009157509157509158,0.03225806451612903
Q8IXQ6,5,0.004578754578754579,0.16129032258064516
Q8IY67,1,0.0009157509157509158,0.03225806451612903
Q8IY92,4,0.003663003663003663,0.12903225806451613
Q8IYB1,1,0.0009157509157509158,0.03225806451612903
Q8IYB8,1,0.0009157509157509158,0.03225806451612903
Q8IYD1,1,0.0009157509157509158,0.03225806451612903
Q8IYD8,4,0.003663003663003663,0.12903225806451613
Q8IYK8,1,0.0009157509157509158,0.03225806451612903
Q8IYM1,4,0.003663003663003663,0.12903225806451613
Q8IYS0,1,0.0009157509157509158,0.03225806451612903
Q8IYS1,3,0.0027472527472527475,0.0967741935483871
Q8IYS5,4,0.003663003663003663,0.12903225806451613
Q8IYT8,2,0.0018315018315018315,0.06451612903225806
Q8IYU8,2,0.0018315018315018315,0.06451612903225806
Q8IYV9,2,0.0018315018315018315,0.06451612903225806
Q8IYW5,8,0.007326007326007326,0.25806451612903225
Q8IYX4,1,0.0009157509157509158,0.03225806451612903
Q8IZ41,2,0.0018315018315018315,0.06451612903225806
Q8IZ69,2,0.0018315018315018315,0.06451612903225806
Q8IZD2,2,0.0018315018315018315,0.06451612903225806
Q8IZH2,1,0.0009157509157509158,0.03225806451612903
Q8IZK6,1,0.0009157509157509158,0.03225806451612903
Q8IZP0,1,0.0009157509157509158,0.03225806451612903
Q8IZT8,1,0.0009157509157509158,0.03225806451612903
Q8IZU3,1,0.0009157509157509158,0.03225806451612903
Q8IZX4,2,0.0018315018315018315,0.06451612903225806
Q8N0W4,1,0.0009157509157509158,0.03225806451612903
Q8N0X4,2,0.0018315018315018315,0.06451612903225806
Q8N0X7,1,0.0009157509157509158,0.03225806451612903
Q8N0Z6,1,0.0009157509157509158,0.03225806451612903
Q8N126,1,0.0009157509157509158,0.03225806451612903
Q8N157,1,0.0009157509157509158,0.03225806451612903
Q8N159,1,0.0009157509157509158,0.03225806451612903
Q8N1F7,1,0.0009157509157509158,0.03225806451612903
Q8N1G2,2,0.0018315018315018315,0.06451612903225806
Q8N1Q1,18,0.016483516483516484,0.5806451612903226
Q8N1Q8,1,0.0009157509157509158,0.03225806451612903
Q8N1W1,1,0.0009157509157509158,0.03225806451612903
Q8N205,1,0.0009157509157509158,0.03225806451612903
Q8N257,1,0.0009157509157509158,0.03225806451612903
Q8N2K1,1,0.0009157509157509158,0.03225806451612903
Q8N2U3,1,0.0009157509157509158,0.03225806451612903
Q8N2Y8,1,0.0009157509157509158,0.03225806451612903
Q8N2Z9,6,0.005494505494505495,0.1935483870967742
Q8N300,18,0.016483516483516484,0.5806451612903226
Q8N355,4,0.003663003663003663,0.12903225806451613
Q8N371,22,0.020146520146520148,0.7096774193548387
Q8N3C7,1,0.0009157509157509158,0.03225806451612903
Q8N3J5,2,0.0018315018315018315,0.06451612903225806
Q8N3R9,5,0.004578754578754579,0.16129032258064516
Q8N423,3,0.0027472527472527475,0.0967741935483871
Q8N448,6,0.005494505494505495,0.1935483870967742
Q8N465,1,0.0009157509157509158,0.03225806451612903
Q8N488,1,0.0009157509157509158,0.03225806451612903
Q8N4A0,2,0.0018315018315018315,0.06451612903225806
Q8N4B1,1,0.0009157509157509158,0.03225806451612903
Q8N4E7,19,0.0173992673992674,0.6129032258064516
Q8N4J0,2,0.0018315018315018315,0.06451612903225806
Q8N4P3,2,0.0018315018315018315,0.06451612903225806
Q8N4Q0,4,0.003663003663003663,0.12903225806451613
Q8N4Q1,1,0.0009157509157509158,0.03225806451612903
Q8N4S9,1,0.0009157509157509158,0.03225806451612903
Q8N4T8,1,0.0009157509157509158,0.03225806451612903
Q8N539,8,0.007326007326007326,0.25806451612903225
Q8N543,1,0.0009157509157509158,0.03225806451612903
Q8N5F4,1,0.0009157509157509158,0.03225806451612903
Q8N5H7,1,0.0009157509157509158,0.03225806451612903
Q8N5J2,3,0.0027472527472527475,0.0967741935483871
Q8N5K1,4,0.003663003663003663,0.12903225806451613
Q8N5M9,1,0.0009157509157509158,0.03225806451612903
Q8N5S9,2,0.0018315018315018315,0.06451612903225806
Q8N5Y2,2,0.0018315018315018315,0.06451612903225806
Q8N5Y8,2,0.0018315018315018315,0.06451612903225806
Q8N5Z0,14,0.01282051282051282,0.45161290322580644
Q8N684,1,0.0009157509157509158,0.03225806451612903
Q8N6C8,1,0.0009157509157509158,0.03225806451612903
Q8N6H7,1,0.0009157509157509158,0.03225806451612903
Q8N6L0,1,0.0009157509157509158,0.03225806451612903
Q8N6N7,1,0.0009157509157509158,0.03225806451612903
Q8N6P7,3,0.0027472527472527475,0.0967741935483871
Q8N6R0,1,0.0009157509157509158,0.03225806451612903
Q8N6T3,1,0.0009157509157509158,0.03225806451612903
Q8N6T7,21,0.019230769230769232,0.6774193548387096
Q8N7H5,1,0.0009157509157509158,0.03225806451612903
Q8N807,2,0.0018315018315018315,0.06451612903225806
Q8N884,72,0.06593406593406594,1.0
Q8N8M0,5,0.004578754578754579,0.16129032258064516
Q8N8N7,6,0.005494505494505495,0.1935483870967742
Q8N8Q3,2,0.0018315018315018315,0.06451612903225806
Q8N8S7,25,0.022893772893772892,0.8064516129032258
Q8N8U2,4,0.003663003663003663,0.12903225806451613
Q8N960,3,0.0027472527472527475,0.0967741935483871
Q8N9A8,2,0.0018315018315018315,0.06451612903225806
Q8N9I0,1,0.0009157509157509158,0.03225806451612903
Q8N9L9,1,0.0009157509157509158,0.03225806451612903
Q8N9Y4,1,0.0009157509157509158,0.03225806451612903
Q8NA31,2,0.0018315018315018315,0.06451612903225806
Q8NAP3,2,0.0018315018315018315,0.06451612903225806
Q8NAT1,1,0.0009157509157509158,0.03225806451612903
Q8NAT2,1,0.0009157509157509158,0.03225806451612903
Q8NAU1,1,0.0009157509157509158,0.03225806451612903
Q8NAV1,3,0.0027472527472527475,0.0967741935483871
Q8NB14,1,0.0009157509157509158,0.03225806451612903
Q8NB16,12,0.01098901098901099,0.3870967741935484
Q8NB78,5,0.004578754578754579,0.16129032258064516
Q8NBF2,1,0.0009157509157509158,0.03225806451612903
Q8NBJ4,1,0.0009157509157509158,0.03225806451612903
Q8NBJ7,1,0.0009157509157509158,0.03225806451612903
Q8NBK3,16,0.014652014652014652,0.5161290322580645
Q8NBL1,6,0.005494505494505495,0.1935483870967742
Q8NBP7,28,0.02564102564102564,0.9032258064516129
Q8NBQ5,1,0.0009157509157509158,0.03225806451612903
Q8NBR6,1,0.0009157509157509158,0.03225806451612903
Q8NBS9,4,0.003663003663003663,0.12903225806451613
Q8NBZ7,2,0.0018315018315018315,0.06451612903225806
Q8NCC3,3,0.0027472527472527475,0.0967741935483871
Q8NCF5,1,0.0009157509157509158,0.03225806451612903
Q8NCJ5,1,0.0009157509157509158,0.03225806451612903
Q8ND25,1,0.0009157509157509158,0.03225806451612903
Q8ND30,1,0.0009157509157509158,0.03225806451612903
Q8NDI1,3,0.0027472527472527475,0.0967741935483871
Q8NDL9,4,0.003663003663003663,0.12903225806451613
Q8NDV7,1,0.0009157509157509158,0.03225806451612903
Q8NDX5,2,0.0018315018315018315,0.06451612903225806
Q8NE01,1,0.0009157509157509158,0.03225806451612903
Q8NE71,1,0.0009157509157509158,0.03225806451612903
Q8NE86,7,0.00641025641025641,0.22580645161290322
Q8NEB9,10,0.009157509157509158,0.3225806451612903
Q8NEJ0,1,0.0009157509157509158,0.03225806451612903
Q8NEM0,7,0.00641025641025641,0.22580645161290322
Q8NEN9,1,0.0009157509157509158,0.03225806451612903
Q8NET8,3,0.0027472527472527475,0.0967741935483871
Q8NEV4,1,0.0009157509157509158,0.03225806451612903
Q8NEZ4,4,0.003663003663003663,0.12903225806451613
Q8NF17,1,0.0009157509157509158,0.03225806451612903
Q8NF91,2,0.0018315018315018315,0.06451612903225806
Q8NFD5,2,0.0018315018315018315,0.06451612903225806
Q8NFF5,1,0.0009157509157509158,0.03225806451612903
Q8NFG4,1,0.0009157509157509158,0.03225806451612903
Q8NFH3,1,0.0009157509157509158,0.03225806451612903
Q8NFH5,2,0.0018315018315018315,0.06451612903225806
Q8NFP7,1,0.0009157509157509158,0.03225806451612903
Q8NFQ8,2,0.0018315018315018315,0.06451612903225806
Q8NFU3,1,0.0009157509157509158,0.03225806451612903
Q8NFU5,25,0.022893772893772892,0.8064516129032258
Q8NFU7,1,0.0009157509157509158,0.03225806451612903
Q8NG06,1,0.0009157509157509158,0.03225806451612903
Q8NG31,2,0.0018315018315018315,0.06451612903225806
Q8NHJ6,1,0.0009157509157509158,0.03225806451612903
Q8NHL6,5,0.004578754578754579,0.16129032258064516
Q8NHM5,1,0.0009157509157509158,0.03225806451612903
Q8NHP6,3,0.0027472527472527475,0.0967741935483871
Q8NHR7,1,0.0009157509157509158,0.03225806451612903
Q8NHU6,1,0.0009157509157509158,0.03225806451612903
Q8NHY2,1,0.0009157509157509158,0.03225806451612903
Q8NI08,1,0.0009157509157509158,0.03225806451612903
Q8NI16,1,0.0009157509157509158,0.03225806451612903
Q8NI22,5,0.004578754578754579,0.16129032258064516
Q8NI35,2,0.0018315018315018315,0.06451612903225806
Q8NI60,2,0.0018315018315018315,0.06451612903225806
Q8NI77,1,0.0009157509157509158,0.03225806451612903
Q8NI99,1,0.0009157509157509158,0.03225806451612903
Q8TAC2,1,0.0009157509157509158,0.03225806451612903
Q8TAF3,2,0.0018315018315018315,0.06451612903225806
Q8TAI7,1,0.0009157509157509158,0.03225806451612903
Q8TB24,2,0.0018315018315018315,0.06451612903225806
Q8TB36,2,0.0018315018315018315,0.06451612903225806
Q8TB45,2,0.0018315018315018315,0.06451612903225806
Q8TB72,3,0.0027472527472527475,0.0967741935483871
Q8TBB1,2,0.0018315018315018315,0.06451612903225806
Q8TBC3,1,0.0009157509157509158,0.03225806451612903
Q8TBC4,3,0.0027472527472527475,0.0967741935483871
Q8TBE9,1,0.0009157509157509158,0.03225806451612903
Q8TBG4,1,0.0009157509157509158,0.03225806451612903
Q8TBK2,2,0.0018315018315018315,0.06451612903225806
Q8TBX8,2,0.0018315018315018315,0.06451612903225806
Q8TBZ6,1,0.0009157509157509158,0.03225806451612903
Q8TC59,1,0.0009157509157509158,0.03225806451612903
Q8TCB7,1,0.0009157509157509158,0.03225806451612903
Q8TCD0,14,0.01282051282051282,0.45161290322580644
Q8TCD5,4,0.003663003663003663,0.12903225806451613
Q8TCE9,2,0.0018315018315018315,0.06451612903225806
Q8TCG2,1,0.0009157509157509158,0.03225806451612903
Q8TCS8,1,0.0009157509157509158,0.03225806451612903
Q8TCU6,7,0.00641025641025641,0.22580645161290322
Q8TD06,1,0.0009157509157509158,0.03225806451612903
Q8TD16,2,0.0018315018315018315,0.06451612903225806
Q8TD19,1,0.0009157509157509158,0.03225806451612903
Q8TD30,1,0.0009157509157509158,0.03225806451612903
Q8TDB6,2,0.0018315018315018315,0.06451612903225806
Q8TDI8,1,0.0009157509157509158,0.03225806451612903
Q8TDQ0,8,0.007326007326007326,0.25806451612903225
Q8TDX5,6,0.005494505494505495,0.1935483870967742
Q8TDX7,4,0.003663003663003663,0.12903225806451613
Q8TDY2,11,0.010073260073260074,0.3548387096774194
Q8TDY4,1,0.0009157509157509158,0.03225806451612903
Q8TDZ2,3,0.0027472527472527475,0.0967741935483871
Q8TE04,2,0.0018315018315018315,0.06451612903225806
Q8TE69,1,0.0009157509157509158,0.03225806451612903
Q8TEA8,1,0.0009157509157509158,0.03225806451612903
Q8TEB7,1,0.0009157509157509158,0.03225806451612903
Q8TEB9,1,0.0009157509157509158,0.03225806451612903
Q8TED0,1,0.0009157509157509158,0.03225806451612903
Q8TED1,2,0.0018315018315018315,0.06451612903225806
Q8TEH3,1,0.0009157509157509158,0.03225806451612903
Q8TEK3,27,0.024725274725274724,0.8709677419354839
Q8TEP8,2,0.0018315018315018315,0.06451612903225806
Q8TEQ6,11,0.010073260073260074,0.3548387096774194
Q8TEU7,1,0.0009157509157509158,0.03225806451612903
Q8TF42,3,0.0027472527472527475,0.0967741935483871
Q8TF61,1,0.0009157509157509158,0.03225806451612903
Q8TF72,2,0.0018315018315018315,0.06451612903225806
Q8TF76,35,0.03205128205128205,1.0
Q8WTQ1,1,0.0009157509157509158,0.03225806451612903
Q8WTR2,4,0.003663003663003663,0.12903225806451613
Q8WTS6,31,0.028388278388278388,1.0
Q8WTT0,4,0.003663003663003663,0.12903225806451613
Q8WTU0,1,0.0009157509157509158,0.03225806451612903
Q8WTX7,4,0.003663003663003663,0.12903225806451613
Q8WU08,1,0.0009157509157509158,0.03225806451612903
Q8WU39,1,0.0009157509157509158,0.03225806451612903
Q8WU79,1,0.0009157509157509158,0.03225806451612903
Q8WUA7,1,0.0009157509157509158,0.03225806451612903
Q8WUD1,1,0.0009157509157509158,0.03225806451612903
Q8WUF5,3,0.0027472527472527475,0.0967741935483871
Q8WUI4,6,0.005494505494505495,0.1935483870967742
Q8WUJ0,1,0.0009157509157509158,0.03225806451612903
Q8WUM0,1,0.0009157509157509158,0.03225806451612903
Q8WUM4,10,0.009157509157509158,0.3225806451612903
Q8WUP2,2,0.0018315018315018315,0.06451612903225806
Q8WUW1,2,0.0018315018315018315,0.06451612903225806
Q8WUX2,3,0.0027472527472527475,0.0967741935483871
Q8WV28,1,0.0009157509157509158,0.03225806451612903
Q8WV92,2,0.0018315018315018315,0.06451612903225806
Q8WVC0,1,0.0009157509157509158,0.03225806451612903
Q8WVM7,6,0.005494505494505495,0.1935483870967742
Q8WVN8,1,0.0009157509157509158,0.03225806451612903
Q8WVQ1,4,0.003663003663003663,0.12903225806451613
Q8WVV4,1,0.0009157509157509158,0.03225806451612903
Q8WVV9,1,0.0009157509157509158,0.03225806451612903
Q8WW01,1,0.0009157509157509158,0.03225806451612903
Q8WW35,1,0.0009157509157509158,0.03225806451612903
Q8WWA0,3,0.0027472527472527475,0.0967741935483871
Q8WWI1,1,0.0009157509157509158,0.03225806451612903
Q8WWL2,1,0.0009157509157509158,0.03225806451612903
Q8WWM9,6,0.005494505494505495,0.1935483870967742
Q8WWN8,3,0.0027472527472527475,0.0967741935483871
Q8WWN9,1,0.0009157509157509158,0.03225806451612903
Q8WWP7,1,0.0009157509157509158,0.03225806451612903
Q8WWQ0,143,0.13095238095238096,1.0
Q8WWQ8,1,0.0009157509157509158,0.03225806451612903
Q8WWV3,1,0.0009157509157509158,0.03225806451612903
Q8WWW0,1,0.0009157509157509158,0.03225806451612903
Q8WWZ1,1,0.0009157509157509158,0.03225806451612903
Q8WX77,4,0.003663003663003663,0.12903225806451613
Q8WXB1,1,0.0009157509157509158,0.03225806451612903
Q8WXD5,2,0.0018315018315018315,0.06451612903225806
Q8WXD9,1,0.0009157509157509158,0.03225806451612903
Q8WXE1,2,0.0018315018315018315,0.06451612903225806
Q8WXF1,2,0.0018315018315018315,0.06451612903225806
Q8WXF7,8,0.007326007326007326,0.25806451612903225
Q8WXG8,1,0.0009157509157509158,0.03225806451612903
Q8WXH4,1,0.0009157509157509158,0.03225806451612903
Q8WXI2,1,0.0009157509157509158,0.03225806451612903
Q8WXI4,1,0.0009157509157509158,0.03225806451612903
Q8WXI7,1,0.0009157509157509158,0.03225806451612903
Q8WXI8,1,0.0009157509157509158,0.03225806451612903
Q8WXX5,2,0.0018315018315018315,0.06451612903225806
Q8WY64,3,0.0027472527472527475,0.0967741935483871
Q8WY91,1,0.0009157509157509158,0.03225806451612903
Q8WYB5,2,0.0018315018315018315,0.06451612903225806
Q8WYH8,1,0.0009157509157509158,0.03225806451612903
Q8WYJ6,1,0.0009157509157509158,0.03225806451612903
Q8WYK0,2,0.0018315018315018315,0.06451612903225806
Q8WYN0,1,0.0009157509157509158,0.03225806451612903
Q8WYQ5,2,0.0018315018315018315,0.06451612903225806
Q8WZ42,42,0.038461538461538464,1.0
Q8WZ73,1,0.0009157509157509158,0.03225806451612903
Q8WZA1,8,0.007326007326007326,0.25806451612903225
Q8WZA9,2,0.0018315018315018315,0.06451612903225806
Q92499,1,0.0009157509157509158,0.03225806451612903
Q92506,2,0.0018315018315018315,0.06451612903225806
Q92520,1,0.0009157509157509158,0.03225806451612903
Q92522,1,0.0009157509157509158,0.03225806451612903
Q92530,1,0.0009157509157509158,0.03225806451612903
Q92541,3,0.0027472527472527475,0.0967741935483871
Q92547,7,0.00641025641025641,0.22580645161290322
Q92556,2,0.0018315018315018315,0.06451612903225806
Q92558,2,0.0018315018315018315,0.06451612903225806
Q92564,1,0.0009157509157509158,0.03225806451612903
Q92576,2,0.0018315018315018315,0.06451612903225806
Q92583,4,0.003663003663003663,0.12903225806451613
Q92585,1,0.0009157509157509158,0.03225806451612903
Q92598,1,0.0009157509157509158,0.03225806451612903
Q92599,2,0.0018315018315018315,0.06451612903225806
Q92600,8,0.007326007326007326,0.25806451612903225
Q92608,1,0.0009157509157509158,0.03225806451612903
Q92609,1,0.0009157509157509158,0.03225806451612903
Q92615,1,0.0009157509157509158,0.03225806451612903
Q92619,2,0.0018315018315018315,0.06451612903225806
Q92630,14,0.01282051282051282,0.45161290322580644
Q92673,3,0.0027472527472527475,0.0967741935483871
Q92674,1,0.0009157509157509158,0.03225806451612903
Q92692,6,0.005494505494505495,0.1935483870967742
Q92729,2,0.0018315018315018315,0.06451612903225806
Q92730,3,0.0027472527472527475,0.0967741935483871
Q92731,27,0.024725274725274724,0.8709677419354839
Q92734,1,0.0009157509157509158,0.03225806451612903
Q92736,4,0.003663003663003663,0.12903225806451613
Q92743,3,0.0027472527472527475,0.0967741935483871
Q92769,25,0.022893772893772892,0.8064516129032258
Q92772,3,0.0027472527472527475,0.0967741935483871
Q92783,1,0.0009157509157509158,0.03225806451612903
Q92784,3,0.0027472527472527475,0.0967741935483871
Q92785,2,0.0018315018315018315,0.06451612903225806
Q92793,92,0.08424908424908426,1.0
Q92794,13,0.011904761904761904,0.41935483870967744
Q92796,2,0.0018315018315018315,0.06451612903225806
Q92797,7,0.00641025641025641,0.22580645161290322
Q92806,1,0.0009157509157509158,0.03225806451612903
Q92817,1,0.0009157509157509158,0.03225806451612903
Q92820,1,0.0009157509157509158,0.03225806451612903
Q92826,2,0.0018315018315018315,0.06451612903225806
Q92830,7,0.00641025641025641,0.22580645161290322
Q92831,18,0.016483516483516484,0.5806451612903226
Q92832,1,0.0009157509157509158,0.03225806451612903
Q92833,1,0.0009157509157509158,0.03225806451612903
Q92834,3,0.0027472527472527475,0.0967741935483871
Q92835,98,0.08974358974358974,1.0
Q92837,4,0.003663003663003663,0.12903225806451613
Q92838,2,0.0018315018315018315,0.06451612903225806
Q92841,4,0.003663003663003663,0.12903225806451613
Q92843,2,0.0018315018315018315,0.06451612903225806
Q92854,1,0.0009157509157509158,0.03225806451612903
Q92859,1,0.0009157509157509158,0.03225806451612903
Q92871,7,0.00641025641025641,0.22580645161290322
Q92876,21,0.019230769230769232,0.6774193548387096
Q92878,1,0.0009157509157509158,0.03225806451612903
Q92879,3,0.0027472527472527475,0.0967741935483871
Q92882,2,0.0018315018315018315,0.06451612903225806
Q92888,3,0.0027472527472527475,0.0967741935483871
Q92890,1,0.0009157509157509158,0.03225806451612903
Q92900,3,0.0027472527472527475,0.0967741935483871
Q92905,3,0.0027472527472527475,0.0967741935483871
Q92913,2,0.0018315018315018315,0.06451612903225806
Q92918,27,0.024725274725274724,0.8709677419354839
Q92922,4,0.003663003663003663,0.12903225806451613
Q92932,3,0.0027472527472527475,0.0967741935483871
Q92934,1,0.0009157509157509158,0.03225806451612903
Q92947,2,0.0018315018315018315,0.06451612903225806
Q92956,4,0.003663003663003663,0.12903225806451613
Q92959,1,0.0009157509157509158,0.03225806451612903
Q92963,1,0.0009157509157509158,0.03225806451612903
Q92973,1,0.0009157509157509158,0.03225806451612903
Q92974,51,0.046703296703296704,1.0
Q92979,1,0.0009157509157509158,0.03225806451612903
Q92993,1,0.0009157509157509158,0.03225806451612903
Q92997,7,0.00641025641025641,0.22580645161290322
Q93008,2,0.0018315018315018315,0.06451612903225806
Q93009,38,0.0347985347985348,1.0
Q93015,2,0.0018315018315018315,0.06451612903225806
Q93038,2,0.0018315018315018315,0.06451612903225806
Q93062,2,0.0018315018315018315,0.06451612903225806
Q93088,3,0.0027472527472527475,0.0967741935483871
Q93091,4,0.003663003663003663,0.12903225806451613
Q93096,2,0.0018315018315018315,0.06451612903225806
Q93099,2,0.0018315018315018315,0.06451612903225806
Q95460,44,0.040293040293040296,1.0
Q95HB9,6,0.005494505494505495,0.1935483870967742
Q969D9,2,0.0018315018315018315,0.06451612903225806
Q969E3,1,0.0009157509157509158,0.03225806451612903
Q969G6,4,0.003663003663003663,0.12903225806451613
Q969H0,1,0.0009157509157509158,0.03225806451612903
Q969H8,2,0.0018315018315018315,0.06451612903225806
Q969M7,2,0.0018315018315018315,0.06451612903225806
Q969Q1,2,0.0018315018315018315,0.06451612903225806
Q969R5,2,0.0018315018315018315,0.06451612903225806
Q969V5,1,0.0009157509157509158,0.03225806451612903
Q969X0,3,0.0027472527472527475,0.0967741935483871
Q969Z0,1,0.0009157509157509158,0.03225806451612903
Q96A08,1,0.0009157509157509158,0.03225806451612903
Q96A44,3,0.0027472527472527475,0.0967741935483871
Q96A58,1,0.0009157509157509158,0.03225806451612903
Q96A65,1,0.0009157509157509158,0.03225806451612903
Q96A83,4,0.003663003663003663,0.12903225806451613
Q96AB6,3,0.0027472527472527475,0.0967741935483871
Q96AC1,2,0.0018315018315018315,0.06451612903225806
Q96AE4,4,0.003663003663003663,0.12903225806451613
Q96AP0,3,0.0027472527472527475,0.0967741935483871
Q96AP4,2,0.0018315018315018315,0.06451612903225806
Q96AT9,4,0.003663003663003663,0.12903225806451613
Q96AX1,1,0.0009157509157509158,0.03225806451612903
Q96AY2,3,0.0027472527472527475,0.0967741935483871
Q96AZ1,1,0.0009157509157509158,0.03225806451612903
Q96AZ6,1,0.0009157509157509158,0.03225806451612903
Q96B02,1,0.0009157509157509158,0.03225806451612903
Q96B67,2,0.0018315018315018315,0.06451612903225806
Q96B97,3,0.0027472527472527475,0.0967741935483871
Q96BD5,1,0.0009157509157509158,0.03225806451612903
Q96BD6,2,0.0018315018315018315,0.06451612903225806
Q96BD8,2,0.0018315018315018315,0.06451612903225806
Q96BH1,3,0.0027472527472527475,0.0967741935483871
Q96BM9,2,0.0018315018315018315,0.06451612903225806
Q96BN8,8,0.007326007326007326,0.25806451612903225
Q96BP3,1,0.0009157509157509158,0.03225806451612903
Q96BR1,1,0.0009157509157509158,0.03225806451612903
Q96BR5,1,0.0009157509157509158,0.03225806451612903
Q96BY2,1,0.0009157509157509158,0.03225806451612903
Q96BY6,1,0.0009157509157509158,0.03225806451612903
Q96BY9,3,0.0027472527472527475,0.0967741935483871
Q96BZ9,1,0.0009157509157509158,0.03225806451612903
Q96C10,1,0.0009157509157509158,0.03225806451612903
Q96C19,4,0.003663003663003663,0.12903225806451613
Q96C23,2,0.0018315018315018315,0.06451612903225806
Q96C24,1,0.0009157509157509158,0.03225806451612903
Q96C45,2,0.0018315018315018315,0.06451612903225806
Q96C86,7,0.00641025641025641,0.22580645161290322
Q96CA5,12,0.01098901098901099,0.3870967741935484
Q96CB9,1,0.0009157509157509158,0.03225806451612903
Q96CF2,4,0.003663003663003663,0.12903225806451613
Q96CG3,1,0.0009157509157509158,0.03225806451612903
Q96CM3,1,0.0009157509157509158,0.03225806451612903
Q96CS7,2,0.0018315018315018315,0.06451612903225806
Q96CV9,7,0.00641025641025641,0.22580645161290322
Q96CW9,2,0.0018315018315018315,0.06451612903225806
Q96CX2,1,0.0009157509157509158,0.03225806451612903
Q96D31,1,0.0009157509157509158,0.03225806451612903
Q96D42,2,0.0018315018315018315,0.06451612903225806
Q96D96,1,0.0009157509157509158,0.03225806451612903
Q96DA2,1,0.0009157509157509158,0.03225806451612903
Q96DC8,1,0.0009157509157509158,0.03225806451612903
Q96DC9,14,0.01282051282051282,0.45161290322580644
Q96DE0,8,0.007326007326007326,0.25806451612903225
Q96DH6,2,0.0018315018315018315,0.06451612903225806
Q96DN0,1,0.0009157509157509158,0.03225806451612903
Q96DR4,2,0.0018315018315018315,0.06451612903225806
Q96DR7,1,0.0009157509157509158,0.03225806451612903
Q96DX5,1,0.0009157509157509158,0.03225806451612903
Q96E14,3,0.0027472527472527475,0.0967741935483871
Q96E17,1,0.0009157509157509158,0.03225806451612903
Q96E22,5,0.004578754578754579,0.16129032258064516
Q96E29,1,0.0009157509157509158,0.03225806451612903
Q96E93,1,0.0009157509157509158,0.03225806451612903
Q96EB6,3,0.0027472527472527475,0.0967741935483871
Q96EK4,1,0.0009157509157509158,0.03225806451612903
Q96EK6,3,0.0027472527472527475,0.0967741935483871
Q96EL1,1,0.0009157509157509158,0.03225806451612903
Q96EP0,19,0.0173992673992674,0.6129032258064516
Q96EP1,5,0.004578754578754579,0.16129032258064516
Q96EQ8,1,0.0009157509157509158,0.03225806451612903
Q96ES7,8,0.007326007326007326,0.25806451612903225
Q96EY5,1,0.0009157509157509158,0.03225806451612903
Q96EY8,5,0.004578754578754579,0.16129032258064516
Q96F10,2,0.0018315018315018315,0.06451612903225806
Q96F24,1,0.0009157509157509158,0.03225806451612903
Q96F44,1,0.0009157509157509158,0.03225806451612903
Q96F46,2,0.0018315018315018315,0.06451612903225806
Q96F86,5,0.004578754578754579,0.16129032258064516
Q96FI4,6,0.005494505494505495,0.1935483870967742
Q96FJ0,3,0.0027472527472527475,0.0967741935483871
Q96FJ2,3,0.0027472527472527475,0.0967741935483871
Q96FQ6,1,0.0009157509157509158,0.03225806451612903
Q96FW1,3,0.0027472527472527475,0.0967741935483871
Q96FX7,2,0.0018315018315018315,0.06451612903225806
Q96FZ2,5,0.004578754578754579,0.16129032258064516
Q96FZ7,1,0.0009157509157509158,0.03225806451612903
Q96G74,3,0.0027472527472527475,0.0967741935483871
Q96GD0,9,0.008241758241758242,0.2903225806451613
Q96GD3,1,0.0009157509157509158,0.03225806451612903
Q96GG9,16,0.014652014652014652,0.5161290322580645
Q96GX9,1,0.0009157509157509158,0.03225806451612903
Q96H15,3,0.0027472527472527475,0.0967741935483871
Q96H31,1,0.0009157509157509158,0.03225806451612903
Q96HA1,1,0.0009157509157509158,0.03225806451612903
Q96HA7,1,0.0009157509157509158,0.03225806451612903
Q96HA8,3,0.0027472527472527475,0.0967741935483871
Q96HC4,2,0.0018315018315018315,0.06451612903225806
Q96HE7,1,0.0009157509157509158,0.03225806451612903
Q96HI0,1,0.0009157509157509158,0.03225806451612903
Q96HN2,1,0.0009157509157509158,0.03225806451612903
Q96HS1,3,0.0027472527472527475,0.0967741935483871
Q96HU8,1,0.0009157509157509158,0.03225806451612903
Q96HX7,1,0.0009157509157509158,0.03225806451612903
Q96HY7,8,0.007326007326007326,0.25806451612903225
Q96I15,2,0.0018315018315018315,0.06451612903225806
Q96I25,4,0.003663003663003663,0.12903225806451613
Q96I51,1,0.0009157509157509158,0.03225806451612903
Q96I99,6,0.005494505494505495,0.1935483870967742
Q96IU4,1,0.0009157509157509158,0.03225806451612903
Q96IV0,2,0.0018315018315018315,0.06451612903225806
Q96IY1,1,0.0009157509157509158,0.03225806451612903
Q96IY4,2,0.0018315018315018315,0.06451612903225806
Q96IZ0,1,0.0009157509157509158,0.03225806451612903
Q96J02,8,0.007326007326007326,0.25806451612903225
Q96J92,3,0.0027472527472527475,0.0967741935483871
Q96J94,1,0.0009157509157509158,0.03225806451612903
Q96JA1,1,0.0009157509157509158,0.03225806451612903
Q96JA3,1,0.0009157509157509158,0.03225806451612903
Q96JD1,3,0.0027472527472527475,0.0967741935483871
Q96JJ3,2,0.0018315018315018315,0.06451612903225806
Q96JM3,4,0.003663003663003663,0.12903225806451613
Q96JM7,6,0.005494505494505495,0.1935483870967742
Q96JN0,2,0.0018315018315018315,0.06451612903225806
Q96JP0,7,0.00641025641025641,0.22580645161290322
Q96JY6,2,0.0018315018315018315,0.06451612903225806
Q96K30,1,0.0009157509157509158,0.03225806451612903
Q96KC2,1,0.0009157509157509158,0.03225806451612903
Q96KE9,1,0.0009157509157509158,0.03225806451612903
Q96KM6,1,0.0009157509157509158,0.03225806451612903
Q96KN2,1,0.0009157509157509158,0.03225806451612903
Q96KN7,1,0.0009157509157509158,0.03225806451612903
Q96KP4,1,0.0009157509157509158,0.03225806451612903
Q96KQ4,1,0.0009157509157509158,0.03225806451612903
Q96KQ7,23,0.021062271062271064,0.7419354838709677
Q96KS0,1,0.0009157509157509158,0.03225806451612903
Q96L73,3,0.0027472527472527475,0.0967741935483871
Q96L92,10,0.009157509157509158,0.3225806451612903
Q96L93,1,0.0009157509157509158,0.03225806451612903
Q96LA8,11,0.010073260073260074,0.3548387096774194
Q96LB8,2,0.0018315018315018315,0.06451612903225806
Q96LB9,3,0.0027472527472527475,0.0967741935483871
Q96LC9,2,0.0018315018315018315,0.06451612903225806
Q96LD8,3,0.0027472527472527475,0.0967741935483871
Q96LI5,5,0.004578754578754579,0.16129032258064516
Q96LJ7,1,0.0009157509157509158,0.03225806451612903
Q96LR5,2,0.0018315018315018315,0.06451612903225806
Q96LT9,1,0.0009157509157509158,0.03225806451612903
Q96LW4,6,0.005494505494505495,0.1935483870967742
Q96LW7,2,0.0018315018315018315,0.06451612903225806
Q96M98,2,0.0018315018315018315,0.06451612903225806
Q96MF2,4,0.003663003663003663,0.12903225806451613
Q96MN2,1,0.0009157509157509158,0.03225806451612903
Q96MS0,2,0.0018315018315018315,0.06451612903225806
Q96MT8,2,0.0018315018315018315,0.06451612903225806
Q96MU7,101,0.0924908424908425,1.0
Q96MU8,2,0.0018315018315018315,0.06451612903225806
Q96MX6,1,0.0009157509157509158,0.03225806451612903
Q96N21,2,0.0018315018315018315,0.06451612903225806
Q96NN9,5,0.004578754578754579,0.16129032258064516
Q96NW4,1,0.0009157509157509158,0.03225806451612903
Q96NW7,2,0.0018315018315018315,0.06451612903225806
Q96NX5,1,0.0009157509157509158,0.03225806451612903
Q96NY8,1,0.0009157509157509158,0.03225806451612903
Q96NY9,4,0.003663003663003663,0.12903225806451613
Q96P09,1,0.0009157509157509158,0.03225806451612903
Q96P11,1,0.0009157509157509158,0.03225806451612903
Q96P16,2,0.0018315018315018315,0.06451612903225806
Q96P20,1,0.0009157509157509158,0.03225806451612903
Q96P47,1,0.0009157509157509158,0.03225806451612903
Q96P48,1,0.0009157509157509158,0.03225806451612903
Q96PB8,1,0.0009157509157509158,0.03225806451612903
Q96PD4,2,0.0018315018315018315,0.06451612903225806
Q96PE7,2,0.0018315018315018315,0.06451612903225806
Q96PH1,1,0.0009157509157509158,0.03225806451612903
Q96PN6,30,0.027472527472527472,0.967741935483871
Q96PP8,2,0.0018315018315018315,0.06451612903225806
Q96PS8,1,0.0009157509157509158,0.03225806451612903
Q96PU4,6,0.005494505494505495,0.1935483870967742
Q96PU5,9,0.008241758241758242,0.2903225806451613
Q96PY5,1,0.0009157509157509158,0.03225806451612903
Q96PY6,2,0.0018315018315018315,0.06451612903225806
Q96PZ0,1,0.0009157509157509158,0.03225806451612903
Q96PZ2,1,0.0009157509157509158,0.03225806451612903
Q96Q04,1,0.0009157509157509158,0.03225806451612903
Q96Q11,1,0.0009157509157509158,0.03225806451612903
Q96Q77,3,0.0027472527472527475,0.0967741935483871
Q96Q83,2,0.0018315018315018315,0.06451612903225806
Q96QB1,2,0.0018315018315018315,0.06451612903225806
Q96QC0,1,0.0009157509157509158,0.03225806451612903
Q96QC4,3,0.0027472527472527475,0.0967741935483871
Q96QE5,2,0.0018315018315018315,0.06451612903225806
Q96QF0,1,0.0009157509157509158,0.03225806451612903
Q96QK1,2,0.0018315018315018315,0.06451612903225806
Q96QP1,1,0.0009157509157509158,0.03225806451612903
Q96QU1,1,0.0009157509157509158,0.03225806451612903
Q96QV1,1,0.0009157509157509158,0.03225806451612903
Q96QZ7,9,0.008241758241758242,0.2903225806451613
Q96R05,3,0.0027472527472527475,0.0967741935483871
Q96RE7,3,0.0027472527472527475,0.0967741935483871
Q96RG2,1,0.0009157509157509158,0.03225806451612903
Q96RI0,1,0.0009157509157509158,0.03225806451612903
Q96RI1,60,0.054945054945054944,1.0
Q96RJ3,1,0.0009157509157509158,0.03225806451612903
Q96RK0,2,0.0018315018315018315,0.06451612903225806
Q96RR4,18,0.016483516483516484,0.5806451612903226
Q96RS0,2,0.0018315018315018315,0.06451612903225806
Q96RT1,10,0.009157509157509158,0.3225806451612903
Q96RT8,1,0.0009157509157509158,0.03225806451612903
Q96RU2,3,0.0027472527472527475,0.0967741935483871
Q96RU8,2,0.0018315018315018315,0.06451612903225806
Q96S42,1,0.0009157509157509158,0.03225806451612903
Q96S55,2,0.0018315018315018315,0.06451612903225806
Q96S59,3,0.0027472527472527475,0.0967741935483871
Q96SB4,9,0.008241758241758242,0.2903225806451613
Q96SD1,11,0.010073260073260074,0.3548387096774194
Q96SI1,2,0.0018315018315018315,0.06451612903225806
Q96SL4,1,0.0009157509157509158,0.03225806451612903
Q96SW2,13,0.011904761904761904,0.41935483870967744
Q96SY0,1,0.0009157509157509158,0.03225806451612903
Q96SZ5,6,0.005494505494505495,0.1935483870967742
Q96T58,2,0.0018315018315018315,0.06451612903225806
Q96T60,2,0.0018315018315018315,0.06451612903225806
Q96T66,6,0.005494505494505495,0.1935483870967742
Q96T68,1,0.0009157509157509158,0.03225806451612903
Q96T88,29,0.026556776556776556,0.9354838709677419
Q96TA1,1,0.0009157509157509158,0.03225806451612903
Q96TC7,1,0.0009157509157509158,0.03225806451612903
Q99259,2,0.0018315018315018315,0.06451612903225806
Q99417,1,0.0009157509157509158,0.03225806451612903
Q99418,11,0.010073260073260074,0.3548387096774194
Q99436,10,0.009157509157509158,0.3225806451612903
Q99442,1,0.0009157509157509158,0.03225806451612903
Q99447,1,0.0009157509157509158,0.03225806451612903
Q99453,1,0.0009157509157509158,0.03225806451612903
Q99460,3,0.0027472527472527475,0.0967741935483871
Q99466,3,0.0027472527472527475,0.0967741935483871
Q99469,1,0.0009157509157509158,0.03225806451612903
Q99490,2,0.0018315018315018315,0.06451612903225806
Q99496,6,0.005494505494505495,0.1935483870967742
Q99497,82,0.07509157509157509,1.0
Q99523,5,0.004578754578754579,0.16129032258064516
Q99536,2,0.0018315018315018315,0.06451612903225806
Q99538,13,0.011904761904761904,0.41935483870967744
Q99549,6,0.005494505494505495,0.1935483870967742
Q99551,3,0.0027472527472527475,0.0967741935483871
Q99558,4,0.003663003663003663,0.12903225806451613
Q99567,1,0.0009157509157509158,0.03225806451612903
Q99574,2,0.0018315018315018315,0.06451612903225806
Q99581,1,0.0009157509157509158,0.03225806451612903
Q99584,2,0.0018315018315018315,0.06451612903225806
Q99593,2,0.0018315018315018315,0.06451612903225806
Q99594,2,0.0018315018315018315,0.06451612903225806
Q99616,1,0.0009157509157509158,0.03225806451612903
Q99619,8,0.007326007326007326,0.25806451612903225
Q99623,1,0.0009157509157509158,0.03225806451612903
Q99638,4,0.003663003663003663,0.12903225806451613
Q99640,17,0.015567765567765568,0.5483870967741935
Q99661,1,0.0009157509157509158,0.03225806451612903
Q99683,16,0.014652014652014652,0.5161290322580645
Q99685,22,0.020146520146520148,0.7096774193548387
Q99700,1,0.0009157509157509158,0.03225806451612903
Q99704,1,0.0009157509157509158,0.03225806451612903
Q99707,1,0.0009157509157509158,0.03225806451612903
Q99708,2,0.0018315018315018315,0.06451612903225806
Q99714,3,0.0027472527472527475,0.0967741935483871
Q99717,1,0.0009157509157509158,0.03225806451612903
Q99719,1,0.0009157509157509158,0.03225806451612903
Q99728,5,0.004578754578754579,0.16129032258064516
Q99729,1,0.0009157509157509158,0.03225806451612903
Q99735,2,0.0018315018315018315,0.06451612903225806
Q99741,2,0.0018315018315018315,0.06451612903225806
Q99748,4,0.003663003663003663,0.12903225806451613
Q99757,3,0.0027472527472527475,0.0967741935483871
Q99759,4,0.003663003663003663,0.12903225806451613
Q99784,2,0.0018315018315018315,0.06451612903225806
Q99808,1,0.0009157509157509158,0.03225806451612903
Q99814,32,0.029304029304029304,1.0
Q99816,14,0.01282051282051282,0.45161290322580644
Q99828,4,0.003663003663003663,0.12903225806451613
Q99835,1,0.0009157509157509158,0.03225806451612903
Q99836,6,0.005494505494505495,0.1935483870967742
Q99856,1,0.0009157509157509158,0.03225806451612903
Q99873,1,0.0009157509157509158,0.03225806451612903
Q99895,1,0.0009157509157509158,0.03225806451612903
Q99933,24,0.02197802197802198,0.7741935483870968
Q99952,3,0.0027472527472527475,0.0967741935483871
Q99956,1,0.0009157509157509158,0.03225806451612903
Q99958,2,0.0018315018315018315,0.06451612903225806
Q99959,1,0.0009157509157509158,0.03225806451612903
Q99962,1,0.0009157509157509158,0.03225806451612903
Q99963,1,0.0009157509157509158,0.03225806451612903
Q99967,2,0.0018315018315018315,0.06451612903225806
Q99972,11,0.010073260073260074,0.3548387096774194
Q99983,1,0.0009157509157509158,0.03225806451612903
Q99986,18,0.016483516483516484,0.5806451612903226
Q99988,3,0.0027472527472527475,0.0967741935483871
Q9BPU6,2,0.0018315018315018315,0.06451612903225806
Q9BPX1,31,0.028388278388278388,1.0
Q9BPX6,1,0.0009157509157509158,0.03225806451612903
Q9BPZ2,1,0.0009157509157509158,0.03225806451612903
Q9BPZ3,2,0.0018315018315018315,0.06451612903225806
Q9BPZ7,2,0.0018315018315018315,0.06451612903225806
Q9BQ15,4,0.003663003663003663,0.12903225806451613
Q9BQ50,1,0.0009157509157509158,0.03225806451612903
Q9BQ51,1,0.0009157509157509158,0.03225806451612903
Q9BQ65,5,0.004578754578754579,0.16129032258064516
Q9BQ69,2,0.0018315018315018315,0.06451612903225806
Q9BQ90,2,0.0018315018315018315,0.06451612903225806
Q9BQA1,31,0.028388278388278388,1.0
Q9BQB4,1,0.0009157509157509158,0.03225806451612903
Q9BQB6,3,0.0027472527472527475,0.0967741935483871
Q9BQE4,3,0.0027472527472527475,0.0967741935483871
Q9BQE5,1,0.0009157509157509158,0.03225806451612903
Q9BQF6,2,0.0018315018315018315,0.06451612903225806
Q9BQI0,2,0.0018315018315018315,0.06451612903225806
Q9BQI5,1,0.0009157509157509158,0.03225806451612903
Q9BQI6,1,0.0009157509157509158,0.03225806451612903
Q9BQP7,3,0.0027472527472527475,0.0967741935483871
Q9BQQ3,2,0.0018315018315018315,0.06451612903225806
Q9BQS8,3,0.0027472527472527475,0.0967741935483871
Q9BR01,1,0.0009157509157509158,0.03225806451612903
Q9BRA2,1,0.0009157509157509158,0.03225806451612903
Q9BRG1,1,0.0009157509157509158,0.03225806451612903
Q9BRJ7,5,0.004578754578754579,0.16129032258064516
Q9BRQ0,3,0.0027472527472527475,0.0967741935483871
Q9BRQ3,33,0.03021978021978022,1.0
Q9BRQ8,4,0.003663003663003663,0.12903225806451613
Q9BRR9,3,0.0027472527472527475,0.0967741935483871
Q9BRS2,1,0.0009157509157509158,0.03225806451612903
Q9BRT9,2,0.0018315018315018315,0.06451612903225806
Q9BRV8,3,0.0027472527472527475,0.0967741935483871
Q9BRX5,2,0.0018315018315018315,0.06451612903225806
Q9BS16,1,0.0009157509157509158,0.03225806451612903
Q9BS26,3,0.0027472527472527475,0.0967741935483871
Q9BS40,1,0.0009157509157509158,0.03225806451612903
Q9BSB4,4,0.003663003663003663,0.12903225806451613
Q9BSD3,1,0.0009157509157509158,0.03225806451612903
Q9BSF0,1,0.0009157509157509158,0.03225806451612903
Q9BSH5,1,0.0009157509157509158,0.03225806451612903
Q9BSI4,3,0.0027472527472527475,0.0967741935483871
Q9BSM1,2,0.0018315018315018315,0.06451612903225806
Q9BSQ5,4,0.003663003663003663,0.12903225806451613
Q9BSV6,1,0.0009157509157509158,0.03225806451612903
Q9BT30,2,0.0018315018315018315,0.06451612903225806
Q9BT73,2,0.0018315018315018315,0.06451612903225806
Q9BT78,1,0.0009157509157509158,0.03225806451612903
Q9BTC0,1,0.0009157509157509158,0.03225806451612903
Q9BTE3,1,0.0009157509157509158,0.03225806451612903
Q9BTL3,1,0.0009157509157509158,0.03225806451612903
Q9BTM1,1,0.0009157509157509158,0.03225806451612903
Q9BTP7,2,0.0018315018315018315,0.06451612903225806
Q9BTT0,1,0.0009157509157509158,0.03225806451612903
Q9BTU6,1,0.0009157509157509158,0.03225806451612903
Q9BTZ2,1,0.0009157509157509158,0.03225806451612903
Q9BU02,2,0.0018315018315018315,0.06451612903225806
Q9BU89,2,0.0018315018315018315,0.06451612903225806
Q9BUA3,2,0.0018315018315018315,0.06451612903225806
Q9BUB5,2,0.0018315018315018315,0.06451612903225806
Q9BUD6,1,0.0009157509157509158,0.03225806451612903
Q9BUF7,1,0.0009157509157509158,0.03225806451612903
Q9BUH6,1,0.0009157509157509158,0.03225806451612903
Q9BUL8,6,0.005494505494505495,0.1935483870967742
Q9BUL9,1,0.0009157509157509158,0.03225806451612903
Q9BUN8,1,0.0009157509157509158,0.03225806451612903
Q9BUP3,1,0.0009157509157509158,0.03225806451612903
Q9BUQ8,1,0.0009157509157509158,0.03225806451612903
Q9BUT1,1,0.0009157509157509158,0.03225806451612903
Q9BUZ4,2,0.0018315018315018315,0.06451612903225806
Q9BV20,2,0.0018315018315018315,0.06451612903225806
Q9BV23,1,0.0009157509157509158,0.03225806451612903
Q9BV40,1,0.0009157509157509158,0.03225806451612903
Q9BV47,4,0.003663003663003663,0.12903225806451613
Q9BV73,1,0.0009157509157509158,0.03225806451612903
Q9BV79,4,0.003663003663003663,0.12903225806451613
Q9BV86,16,0.014652014652014652,0.5161290322580645
Q9BVA6,7,0.00641025641025641,0.22580645161290322
Q9BVG8,1,0.0009157509157509158,0.03225806451612903
Q9BVI0,5,0.004578754578754579,0.16129032258064516
Q9BVJ7,2,0.0018315018315018315,0.06451612903225806
Q9BVL2,3,0.0027472527472527475,0.0967741935483871
Q9BVM4,3,0.0027472527472527475,0.0967741935483871
Q9BVN2,1,0.0009157509157509158,0.03225806451612903
Q9BVS4,3,0.0027472527472527475,0.0967741935483871
Q9BVS5,1,0.0009157509157509158,0.03225806451612903
Q9BW19,1,0.0009157509157509158,0.03225806451612903
Q9BW61,1,0.0009157509157509158,0.03225806451612903
Q9BW62,1,0.0009157509157509158,0.03225806451612903
Q9BW91,2,0.0018315018315018315,0.06451612903225806
Q9BWD1,2,0.0018315018315018315,0.06451612903225806
Q9BWF2,1,0.0009157509157509158,0.03225806451612903
Q9BWG4,2,0.0018315018315018315,0.06451612903225806
Q9BWJ5,1,0.0009157509157509158,0.03225806451612903
Q9BWK5,1,0.0009157509157509158,0.03225806451612903
Q9BWP8,1,0.0009157509157509158,0.03225806451612903
Q9BWU0,1,0.0009157509157509158,0.03225806451612903
Q9BWV1,2,0.0018315018315018315,0.06451612903225806
Q9BX63,3,0.0027472527472527475,0.0967741935483871
Q9BX66,5,0.004578754578754579,0.16129032258064516
Q9BX68,9,0.008241758241758242,0.2903225806451613
Q9BX70,1,0.0009157509157509158,0.03225806451612903
Q9BXB1,3,0.0027472527472527475,0.0967741935483871
Q9BXD5,1,0.0009157509157509158,0.03225806451612903
Q9BXF3,2,0.0018315018315018315,0.06451612903225806
Q9BXH1,9,0.008241758241758242,0.2903225806451613
Q9BXJ0,2,0.0018315018315018315,0.06451612903225806
Q9BXJ7,1,0.0009157509157509158,0.03225806451612903
Q9BXL7,1,0.0009157509157509158,0.03225806451612903
Q9BXR0,2,0.0018315018315018315,0.06451612903225806
Q9BXR5,1,0.0009157509157509158,0.03225806451612903
Q9BXS1,1,0.0009157509157509158,0.03225806451612903
Q9BXT4,1,0.0009157509157509158,0.03225806451612903
Q9BXU0,4,0.003663003663003663,0.12903225806451613
Q9BXV9,1,0.0009157509157509158,0.03225806451612903
Q9BXW4,3,0.0027472527472527475,0.0967741935483871
Q9BXW6,3,0.0027472527472527475,0.0967741935483871
Q9BXX3,1,0.0009157509157509158,0.03225806451612903
Q9BY14,1,0.0009157509157509158,0.03225806451612903
Q9BY32,3,0.0027472527472527475,0.0967741935483871
Q9BY41,40,0.03663003663003663,1.0
Q9BY43,2,0.0018315018315018315,0.06451612903225806
Q9BY49,1,0.0009157509157509158,0.03225806451612903
Q9BY67,2,0.0018315018315018315,0.06451612903225806
Q9BY76,4,0.003663003663003663,0.12903225806451613
Q9BY84,2,0.0018315018315018315,0.06451612903225806
Q9BYB0,2,0.0018315018315018315,0.06451612903225806
Q9BYC5,6,0.005494505494505495,0.1935483870967742
Q9BYE9,1,0.0009157509157509158,0.03225806451612903
Q9BYF1,11,0.010073260073260074,0.3548387096774194
Q9BYH8,1,0.0009157509157509158,0.03225806451612903
Q9BYJ1,1,0.0009157509157509158,0.03225806451612903
Q9BYJ9,4,0.003663003663003663,0.12903225806451613
Q9BYM8,3,0.0027472527472527475,0.0967741935483871
Q9BYN0,4,0.003663003663003663,0.12903225806451613
Q9BYP7,6,0.005494505494505495,0.1935483870967742
Q9BYT8,4,0.003663003663003663,0.12903225806451613
Q9BYV2,1,0.0009157509157509158,0.03225806451612903
Q9BYV9,2,0.0018315018315018315,0.06451612903225806
Q9BYW2,23,0.021062271062271064,0.7419354838709677
Q9BYX4,2,0.0018315018315018315,0.06451612903225806
Q9BZ11,2,0.0018315018315018315,0.06451612903225806
Q9BZ23,1,0.0009157509157509158,0.03225806451612903
Q9BZ29,3,0.0027472527472527475,0.0967741935483871
Q9BZ95,16,0.014652014652014652,0.5161290322580645
Q9BZE9,1,0.0009157509157509158,0.03225806451612903
Q9BZF1,2,0.0018315018315018315,0.06451612903225806
Q9BZI7,1,0.0009157509157509158,0.03225806451612903
Q9BZK7,1,0.0009157509157509158,0.03225806451612903
Q9BZL1,1,0.0009157509157509158,0.03225806451612903
Q9BZL6,3,0.0027472527472527475,0.0967741935483871
Q9BZP6,8,0.007326007326007326,0.25806451612903225
Q9BZR6,1,0.0009157509157509158,0.03225806451612903
Q9BZX2,4,0.003663003663003663,0.12903225806451613
Q9BZZ5,1,0.0009157509157509158,0.03225806451612903
Q9C000,4,0.003663003663003663,0.12903225806451613
Q9C004,1,0.0009157509157509158,0.03225806451612903
Q9C005,5,0.004578754578754579,0.16129032258064516
Q9C019,1,0.0009157509157509158,0.03225806451612903
Q9C026,1,0.0009157509157509158,0.03225806451612903
Q9C029,8,0.007326007326007326,0.25806451612903225
Q9C040,3,0.0027472527472527475,0.0967741935483871
Q9C0A0,1,0.0009157509157509158,0.03225806451612903
Q9C0B1,11,0.010073260073260074,0.3548387096774194
Q9C0C4,1,0.0009157509157509158,0.03225806451612903
Q9C0D0,6,0.005494505494505495,0.1935483870967742
Q9C0D3,3,0.0027472527472527475,0.0967741935483871
Q9C0F1,1,0.0009157509157509158,0.03225806451612903
Q9C0J8,1,0.0009157509157509158,0.03225806451612903
Q9GZL7,1,0.0009157509157509158,0.03225806451612903
Q9GZM8,1,0.0009157509157509158,0.03225806451612903
Q9GZN7,1,0.0009157509157509158,0.03225806451612903
Q9GZQ8,42,0.038461538461538464,1.0
Q9GZS3,1,0.0009157509157509158,0.03225806451612903
Q9GZT4,11,0.010073260073260074,0.3548387096774194
Q9GZT6,1,0.0009157509157509158,0.03225806451612903
Q9GZT9,56,0.05128205128205128,1.0
Q9GZU1,3,0.0027472527472527475,0.0967741935483871
Q9GZU2,1,0.0009157509157509158,0.03225806451612903
Q9GZU7,10,0.009157509157509158,0.3225806451612903
Q9GZV5,11,0.010073260073260074,0.3548387096774194
Q9GZV9,2,0.0018315018315018315,0.06451612903225806
Q9GZX6,4,0.003663003663003663,0.12903225806451613
Q9GZX7,1,0.0009157509157509158,0.03225806451612903
Q9GZY6,1,0.0009157509157509158,0.03225806451612903
Q9GZZ1,9,0.008241758241758242,0.2903225806451613
Q9GZZ9,7,0.00641025641025641,0.22580645161290322
Q9H008,1,0.0009157509157509158,0.03225806451612903
Q9H040,2,0.0018315018315018315,0.06451612903225806
Q9H063,1,0.0009157509157509158,0.03225806451612903
Q9H074,1,0.0009157509157509158,0.03225806451612903
Q9H082,2,0.0018315018315018315,0.06451612903225806
Q9H095,2,0.0018315018315018315,0.06451612903225806
Q9H0F5,3,0.0027472527472527475,0.0967741935483871
Q9H0F6,2,0.0018315018315018315,0.06451612903225806
Q9H0F7,1,0.0009157509157509158,0.03225806451612903
Q9H0H5,6,0.005494505494505495,0.1935483870967742
Q9H0J9,3,0.0027472527472527475,0.0967741935483871
Q9H0M0,3,0.0027472527472527475,0.0967741935483871
Q9H0N5,1,0.0009157509157509158,0.03225806451612903
Q9H0P0,1,0.0009157509157509158,0.03225806451612903
Q9H0R4,1,0.0009157509157509158,0.03225806451612903
Q9H0R8,10,0.009157509157509158,0.3225806451612903
Q9H0S4,1,0.0009157509157509158,0.03225806451612903
Q9H0U4,4,0.003663003663003663,0.12903225806451613
Q9H0W5,1,0.0009157509157509158,0.03225806451612903
Q9H0W9,1,0.0009157509157509158,0.03225806451612903
Q9H0Z9,2,0.0018315018315018315,0.06451612903225806
Q9H147,1,0.0009157509157509158,0.03225806451612903
Q9H161,2,0.0018315018315018315,0.06451612903225806
Q9H165,5,0.004578754578754579,0.16129032258064516
Q9H169,5,0.004578754578754579,0.16129032258064516
Q9H171,2,0.0018315018315018315,0.06451612903225806
Q9H173,1,0.0009157509157509158,0.03225806451612903
Q9H1A4,1,0.0009157509157509158,0.03225806451612903
Q9H1K0,3,0.0027472527472527475,0.0967741935483871
Q9H1K1,6,0.005494505494505495,0.1935483870967742
Q9H1K6,2,0.0018315018315018315,0.06451612903225806
Q9H1R2,1,0.0009157509157509158,0.03225806451612903
Q9H1Y0,2,0.0018315018315018315,0.06451612903225806
Q9H227,4,0.003663003663003663,0.12903225806451613
Q9H244,1,0.0009157509157509158,0.03225806451612903
Q9H251,1,0.0009157509157509158,0.03225806451612903
Q9H257,3,0.0027472527472527475,0.0967741935483871
Q9H2A1,1,0.0009157509157509158,0.03225806451612903
Q9H2C0,1,0.0009157509157509158,0.03225806451612903
Q9H2F5,1,0.0009157509157509158,0.03225806451612903
Q9H2G2,5,0.004578754578754579,0.16129032258064516
Q9H2H0,1,0.0009157509157509158,0.03225806451612903
Q9H2H8,2,0.0018315018315018315,0.06451612903225806
Q9H2K2,178,0.163003663003663,1.0
Q9H2K8,1,0.0009157509157509158,0.03225806451612903
Q9H2S1,5,0.004578754578754579,0.16129032258064516
Q9H2U1,1,0.0009157509157509158,0.03225806451612903
Q9H2X3,6,0.005494505494505495,0.1935483870967742
Q9H2X6,1,0.0009157509157509158,0.03225806451612903
Q9H347,1,0.0009157509157509158,0.03225806451612903
Q9H361,1,0.0009157509157509158,0.03225806451612903
Q9H3D4,12,0.01098901098901099,0.3870967741935484
Q9H3H3,2,0.0018315018315018315,0.06451612903225806
Q9H3H5,1,0.0009157509157509158,0.03225806451612903
Q9H3L0,3,0.0027472527472527475,0.0967741935483871
Q9H3M7,9,0.008241758241758242,0.2903225806451613
Q9H3P7,6,0.005494505494505495,0.1935483870967742
Q9H3R0,6,0.005494505494505495,0.1935483870967742
Q9H3R5,1,0.0009157509157509158,0.03225806451612903
Q9H3S4,1,0.0009157509157509158,0.03225806451612903
Q9H3S7,9,0.008241758241758242,0.2903225806451613
Q9H410,1,0.0009157509157509158,0.03225806451612903
Q9H422,1,0.0009157509157509158,0.03225806451612903
Q9H444,3,0.0027472527472527475,0.0967741935483871
Q9H461,2,0.0018315018315018315,0.06451612903225806
Q9H477,10,0.009157509157509158,0.3225806451612903
Q9H479,6,0.005494505494505495,0.1935483870967742
Q9H488,2,0.0018315018315018315,0.06451612903225806
Q9H492,13,0.011904761904761904,0.41935483870967744
Q9H4A3,5,0.004578754578754579,0.16129032258064516
Q9H4B4,1,0.0009157509157509158,0.03225806451612903
Q9H4B8,1,0.0009157509157509158,0.03225806451612903
Q9H4G4,3,0.0027472527472527475,0.0967741935483871
Q9H4H8,2,0.0018315018315018315,0.06451612903225806
Q9H4L5,1,0.0009157509157509158,0.03225806451612903
Q9H4M3,1,0.0009157509157509158,0.03225806451612903
Q9H4M7,3,0.0027472527472527475,0.0967741935483871
Q9H4P4,2,0.0018315018315018315,0.06451612903225806
Q9H4Q4,1,0.0009157509157509158,0.03225806451612903
Q9H4W6,1,0.0009157509157509158,0.03225806451612903
Q9H4Y5,3,0.0027472527472527475,0.0967741935483871
Q9H5I1,2,0.0018315018315018315,0.06451612903225806
Q9H5P4,1,0.0009157509157509158,0.03225806451612903
Q9H5Q4,1,0.0009157509157509158,0.03225806451612903
Q9H5X1,2,0.0018315018315018315,0.06451612903225806
Q9H611,5,0.004578754578754579,0.16129032258064516
Q9H668,2,0.0018315018315018315,0.06451612903225806
Q9H672,1,0.0009157509157509158,0.03225806451612903
Q9H694,3,0.0027472527472527475,0.0967741935483871
Q9H6I2,1,0.0009157509157509158,0.03225806451612903
Q9H6K1,1,0.0009157509157509158,0.03225806451612903
Q9H6L5,1,0.0009157509157509158,0.03225806451612903
Q9H6P5,4,0.003663003663003663,0.12903225806451613
Q9H6Q3,1,0.0009157509157509158,0.03225806451612903
Q9H6S0,1,0.0009157509157509158,0.03225806451612903
Q9H6S1,4,0.003663003663003663,0.12903225806451613
Q9H6T3,2,0.0018315018315018315,0.06451612903225806
Q9H6W3,7,0.00641025641025641,0.22580645161290322
Q9H6X2,1,0.0009157509157509158,0.03225806451612903
Q9H6Y2,1,0.0009157509157509158,0.03225806451612903
Q9H6Z4,2,0.0018315018315018315,0.06451612903225806
Q9H773,1,0.0009157509157509158,0.03225806451612903
Q9H777,1,0.0009157509157509158,0.03225806451612903
Q9H790,1,0.0009157509157509158,0.03225806451612903
Q9H792,1,0.0009157509157509158,0.03225806451612903
Q9H7B4,30,0.027472527472527472,0.967741935483871
Q9H7E2,6,0.005494505494505495,0.1935483870967742
Q9H7M9,3,0.0027472527472527475,0.0967741935483871
Q9H7P6,1,0.0009157509157509158,0.03225806451612903
Q9H7X0,5,0.004578754578754579,0.16129032258064516
Q9H7Z6,26,0.023809523809523808,0.8387096774193549
Q9H816,3,0.0027472527472527475,0.0967741935483871
Q9H832,1,0.0009157509157509158,0.03225806451612903
Q9H840,2,0.0018315018315018315,0.06451612903225806
Q9H867,1,0.0009157509157509158,0.03225806451612903
Q9H8M2,45,0.04120879120879121,1.0
Q9H8M5,2,0.0018315018315018315,0.06451612903225806
Q9H8S9,8,0.007326007326007326,0.25806451612903225
Q9H8V3,1,0.0009157509157509158,0.03225806451612903
Q9H8Y8,2,0.0018315018315018315,0.06451612903225806
Q9H903,1,0.0009157509157509158,0.03225806451612903
Q9H993,2,0.0018315018315018315,0.06451612903225806
Q9H999,12,0.01098901098901099,0.3870967741935484
Q9H9A7,4,0.003663003663003663,0.12903225806451613
Q9H9B1,16,0.014652014652014652,0.5161290322580645
Q9H9E1,6,0.005494505494505495,0.1935483870967742
Q9H9E3,1,0.0009157509157509158,0.03225806451612903
Q9H9H4,1,0.0009157509157509158,0.03225806451612903
Q9H9L4,1,0.0009157509157509158,0.03225806451612903
Q9H9Q4,2,0.0018315018315018315,0.06451612903225806
Q9H9S5,7,0.00641025641025641,0.22580645161290322
Q9H9Z2,1,0.0009157509157509158,0.03225806451612903
Q9HA47,1,0.0009157509157509158,0.03225806451612903
Q9HAB8,2,0.0018315018315018315,0.06451612903225806
Q9HAC7,2,0.0018315018315018315,0.06451612903225806
Q9HAD4,1,0.0009157509157509158,0.03225806451612903
Q9HAN9,4,0.003663003663003663,0.12903225806451613
Q9HAQ2,1,0.0009157509157509158,0.03225806451612903
Q9HAR2,1,0.0009157509157509158,0.03225806451612903
Q9HAT8,1,0.0009157509157509158,0.03225806451612903
Q9HAU4,4,0.003663003663003663,0.12903225806451613
Q9HAU5,2,0.0018315018315018315,0.06451612903225806
Q9HAW0,2,0.0018315018315018315,0.06451612903225806
Q9HAW4,1,0.0009157509157509158,0.03225806451612903
Q9HAZ1,1,0.0009157509157509158,0.03225806451612903
Q9HAZ2,1,0.0009157509157509158,0.03225806451612903
Q9HB20,1,0.0009157509157509158,0.03225806451612903
Q9HB21,1,0.0009157509157509158,0.03225806451612903
Q9HB29,3,0.0027472527472527475,0.0967741935483871
Q9HB71,2,0.0018315018315018315,0.06451612903225806
Q9HB90,2,0.0018315018315018315,0.06451612903225806
Q9HB96,1,0.0009157509157509158,0.03225806451612903
Q9HBB8,1,0.0009157509157509158,0.03225806451612903
Q9HBD1,2,0.0018315018315018315,0.06451612903225806
Q9HBE5,2,0.0018315018315018315,0.06451612903225806
Q9HBH1,2,0.0018315018315018315,0.06451612903225806
Q9HBH9,1,0.0009157509157509158,0.03225806451612903
Q9HBI1,2,0.0018315018315018315,0.06451612903225806
Q9HBL8,4,0.003663003663003663,0.12903225806451613
Q9HC16,11,0.010073260073260074,0.3548387096774194
Q9HC38,1,0.0009157509157509158,0.03225806451612903
Q9HC52,2,0.0018315018315018315,0.06451612903225806
Q9HC62,3,0.0027472527472527475,0.0967741935483871
Q9HC77,3,0.0027472527472527475,0.0967741935483871
Q9HCB6,3,0.0027472527472527475,0.0967741935483871
Q9HCC1,1,0.0009157509157509158,0.03225806451612903
Q9HCD5,3,0.0027472527472527475,0.0967741935483871
Q9HCE0,1,0.0009157509157509158,0.03225806451612903
Q9HCE5,55,0.05036630036630037,1.0
Q9HCE7,2,0.0018315018315018315,0.06451612903225806
Q9HCG8,1,0.0009157509157509158,0.03225806451612903
Q9HCH5,7,0.00641025641025641,0.22580645161290322
Q9HCJ0,3,0.0027472527472527475,0.0967741935483871
Q9HCJ6,1,0.0009157509157509158,0.03225806451612903
Q9HCK4,2,0.0018315018315018315,0.06451612903225806
Q9HCK5,1,0.0009157509157509158,0.03225806451612903
Q9HCM2,1,0.0009157509157509158,0.03225806451612903
Q9HCN6,6,0.005494505494505495,0.1935483870967742
Q9HCP0,1,0.0009157509157509158,0.03225806451612903
Q9HCU8,1,0.0009157509157509158,0.03225806451612903
Q9HCU9,2,0.0018315018315018315,0.06451612903225806
Q9HD26,33,0.03021978021978022,1.0
Q9HD34,7,0.00641025641025641,0.22580645161290322
Q9HD36,1,0.0009157509157509158,0.03225806451612903
Q9HD40,3,0.0027472527472527475,0.0967741935483871
Q9HD42,1,0.0009157509157509158,0.03225806451612903
Q9HD67,3,0.0027472527472527475,0.0967741935483871
Q9HDC5,1,0.0009157509157509158,0.03225806451612903
Q9MYI6,1,0.0009157509157509158,0.03225806451612903
Q9NNX6,12,0.01098901098901099,0.3870967741935484
Q9NP10,1,0.0009157509157509158,0.03225806451612903
Q9NP55,1,0.0009157509157509158,0.03225806451612903
Q9NP58,4,0.003663003663003663,0.12903225806451613
Q9NP71,2,0.0018315018315018315,0.06451612903225806
Q9NP72,1,0.0009157509157509158,0.03225806451612903
Q9NP77,4,0.003663003663003663,0.12903225806451613
Q9NP79,3,0.0027472527472527475,0.0967741935483871
Q9NP87,124,0.11355311355311355,1.0
Q9NP90,1,0.0009157509157509158,0.03225806451612903
Q9NP95,1,0.0009157509157509158,0.03225806451612903
Q9NP97,1,0.0009157509157509158,0.03225806451612903
Q9NP99,1,0.0009157509157509158,0.03225806451612903
Q9NPA0,4,0.003663003663003663,0.12903225806451613
Q9NPA8,1,0.0009157509157509158,0.03225806451612903
Q9NPB1,21,0.019230769230769232,0.6774193548387096
Q9NPB6,1,0.0009157509157509158,0.03225806451612903
Q9NPB8,1,0.0009157509157509158,0.03225806451612903
Q9NPC2,16,0.014652014652014652,0.5161290322580645
Q9NPC7,1,0.0009157509157509158,0.03225806451612903
Q9NPD8,5,0.004578754578754579,0.16129032258064516
Q9NPF0,2,0.0018315018315018315,0.06451612903225806
Q9NPF4,1,0.0009157509157509158,0.03225806451612903
Q9NPF5,2,0.0018315018315018315,0.06451612903225806
Q9NPF7,3,0.0027472527472527475,0.0967741935483871
Q9NPG1,1,0.0009157509157509158,0.03225806451612903
Q9NPG2,3,0.0027472527472527475,0.0967741935483871
Q9NPG3,1,0.0009157509157509158,0.03225806451612903
Q9NPH0,3,0.0027472527472527475,0.0967741935483871
Q9NPH3,1,0.0009157509157509158,0.03225806451612903
Q9NPI1,8,0.007326007326007326,0.25806451612903225
Q9NPI6,1,0.0009157509157509158,0.03225806451612903
Q9NPI8,1,0.0009157509157509158,0.03225806451612903
Q9NPJ3,3,0.0027472527472527475,0.0967741935483871
Q9NPZ5,1,0.0009157509157509158,0.03225806451612903
Q9NQ86,1,0.0009157509157509158,0.03225806451612903
Q9NQ88,1,0.0009157509157509158,0.03225806451612903
Q9NQB0,2,0.0018315018315018315,0.06451612903225806
Q9NQC7,2,0.0018315018315018315,0.06451612903225806
Q9NQG5,6,0.005494505494505495,0.1935483870967742
Q9NQG6,4,0.003663003663003663,0.12903225806451613
Q9NQH7,1,0.0009157509157509158,0.03225806451612903
Q9NQL2,1,0.0009157509157509158,0.03225806451612903
Q9NQR1,13,0.011904761904761904,0.41935483870967744
Q9NQS7,6,0.005494505494505495,0.1935483870967742
Q9NQT8,2,0.0018315018315018315,0.06451612903225806
Q9NQU5,6,0.005494505494505495,0.1935483870967742
Q9NQV5,1,0.0009157509157509158,0.03225806451612903
Q9NQV6,1,0.0009157509157509158,0.03225806451612903
Q9NQV7,4,0.003663003663003663,0.12903225806451613
Q9NQW6,3,0.0027472527472527475,0.0967741935483871
Q9NQW7,1,0.0009157509157509158,0.03225806451612903
Q9NQX1,1,0.0009157509157509158,0.03225806451612903
Q9NQX3,1,0.0009157509157509158,0.03225806451612903
Q9NQX4,2,0.0018315018315018315,0.06451612903225806
Q9NR09,1,0.0009157509157509158,0.03225806451612903
Q9NR12,1,0.0009157509157509158,0.03225806451612903
Q9NR16,1,0.0009157509157509158,0.03225806451612903
Q9NR28,8,0.007326007326007326,0.25806451612903225
Q9NR30,2,0.0018315018315018315,0.06451612903225806
Q9NR31,1,0.0009157509157509158,0.03225806451612903
Q9NR48,8,0.007326007326007326,0.25806451612903225
Q9NR56,2,0.0018315018315018315,0.06451612903225806
Q9NR61,1,0.0009157509157509158,0.03225806451612903
Q9NR80,3,0.0027472527472527475,0.0967741935483871
Q9NR96,1,0.0009157509157509158,0.03225806451612903
Q9NR97,24,0.02197802197802198,0.7741935483870968
Q9NRA8,2,0.0018315018315018315,0.06451612903225806
Q9NRC8,2,0.0018315018315018315,0.06451612903225806
Q9NRD5,4,0.003663003663003663,0.12903225806451613
Q9NRF2,1,0.0009157509157509158,0.03225806451612903
Q9NRF8,2,0.0018315018315018315,0.06451612903225806
Q9NRG1,1,0.0009157509157509158,0.03225806451612903
Q9NRG4,14,0.01282051282051282,0.45161290322580644
Q9NRL2,1,0.0009157509157509158,0.03225806451612903
Q9NRN7,2,0.0018315018315018315,0.06451612903225806
Q9NRN9,3,0.0027472527472527475,0.0967741935483871
Q9NRQ2,1,0.0009157509157509158,0.03225806451612903
Q9NRR6,1,0.0009157509157509158,0.03225806451612903
Q9NRS6,1,0.0009157509157509158,0.03225806451612903
Q9NRW1,3,0.0027472527472527475,0.0967741935483871
Q9NRW3,1,0.0009157509157509158,0.03225806451612903
Q9NRW4,8,0.007326007326007326,0.25806451612903225
Q9NRX4,1,0.0009157509157509158,0.03225806451612903
Q9NRY2,2,0.0018315018315018315,0.06451612903225806
Q9NRY4,3,0.0027472527472527475,0.0967741935483871
Q9NS18,2,0.0018315018315018315,0.06451612903225806
Q9NS40,1,0.0009157509157509158,0.03225806451612903
Q9NS75,2,0.0018315018315018315,0.06451612903225806
Q9NS86,1,0.0009157509157509158,0.03225806451612903
Q9NS91,2,0.0018315018315018315,0.06451612903225806
Q9NSA3,2,0.0018315018315018315,0.06451612903225806
Q9NSC5,1,0.0009157509157509158,0.03225806451612903
Q9NSI6,1,0.0009157509157509158,0.03225806451612903
Q9NSN8,3,0.0027472527472527475,0.0967741935483871
Q9NSP4,2,0.0018315018315018315,0.06451612903225806
Q9NSU2,5,0.004578754578754579,0.16129032258064516
Q9NSV4,2,0.0018315018315018315,0.06451612903225806
Q9NSY1,5,0.004578754578754579,0.16129032258064516
Q9NSY2,1,0.0009157509157509158,0.03225806451612903
Q9NT62,1,0.0009157509157509158,0.03225806451612903
Q9NTG7,28,0.02564102564102564,0.9032258064516129
Q9NTJ3,1,0.0009157509157509158,0.03225806451612903
Q9NTM9,1,0.0009157509157509158,0.03225806451612903
Q9NTX7,2,0.0018315018315018315,0.06451612903225806
Q9NTZ6,2,0.0018315018315018315,0.06451612903225806
Q9NU19,1,0.0009157509157509158,0.03225806451612903
Q9NU22,1,0.0009157509157509158,0.03225806451612903
Q9NUB1,6,0.005494505494505495,0.1935483870967742
Q9NUI1,2,0.0018315018315018315,0.06451612903225806
Q9NUU6,1,0.0009157509157509158,0.03225806451612903
Q9NUV9,1,0.0009157509157509158,0.03225806451612903
Q9NUW8,43,0.039377289377289376,1.0
Q9NUX5,6,0.005494505494505495,0.1935483870967742
Q9NUY8,3,0.0027472527472527475,0.0967741935483871
Q9NV35,13,0.011904761904761904,0.41935483870967744
Q9NV88,1,0.0009157509157509158,0.03225806451612903
Q9NVA2,1,0.0009157509157509158,0.03225806451612903
Q9NVD7,8,0.007326007326007326,0.25806451612903225
Q9NVH0,4,0.003663003663003663,0.12903225806451613
Q9NVJ2,1,0.0009157509157509158,0.03225806451612903
Q9NVM9,1,0.0009157509157509158,0.03225806451612903
Q9NVP2,1,0.0009157509157509158,0.03225806451612903
Q9NVQ4,1,0.0009157509157509158,0.03225806451612903
Q9NVS9,5,0.004578754578754579,0.16129032258064516
Q9NVU0,2,0.0018315018315018315,0.06451612903225806
Q9NVW2,2,0.0018315018315018315,0.06451612903225806
Q9NVX2,2,0.0018315018315018315,0.06451612903225806
Q9NW38,2,0.0018315018315018315,0.06451612903225806
Q9NWB1,1,0.0009157509157509158,0.03225806451612903
Q9NWF9,2,0.0018315018315018315,0.06451612903225806
Q9NWM0,2,0.0018315018315018315,0.06451612903225806
Q9NWM8,2,0.0018315018315018315,0.06451612903225806
Q9NWS0,3,0.0027472527472527475,0.0967741935483871
Q9NWT6,54,0.04945054945054945,1.0
Q9NWU1,3,0.0027472527472527475,0.0967741935483871
Q9NWV4,2,0.0018315018315018315,0.06451612903225806
Q9NWW6,6,0.005494505494505495,0.1935483870967742
Q9NWW9,1,0.0009157509157509158,0.03225806451612903
Q9NWX6,1,0.0009157509157509158,0.03225806451612903
Q9NWY4,3,0.0027472527472527475,0.0967741935483871
Q9NWZ3,60,0.054945054945054944,1.0
Q9NWZ8,1,0.0009157509157509158,0.03225806451612903
Q9NX01,3,0.0027472527472527475,0.0967741935483871
Q9NX02,3,0.0027472527472527475,0.0967741935483871
Q9NX09,1,0.0009157509157509158,0.03225806451612903
Q9NX46,12,0.01098901098901099,0.3870967741935484
Q9NX74,9,0.008241758241758242,0.2903225806451613
Q9NXA8,22,0.020146520146520148,0.7096774193548387
Q9NXG6,1,0.0009157509157509158,0.03225806451612903
Q9NXH9,1,0.0009157509157509158,0.03225806451612903
Q9NXN4,1,0.0009157509157509158,0.03225806451612903
Q9NXR1,1,0.0009157509157509158,0.03225806451612903
Q9NXS2,5,0.004578754578754579,0.16129032258064516
Q9NXV2,1,0.0009157509157509158,0.03225806451612903
Q9NY25,1,0.0009157509157509158,0.03225806451612903
Q9NY33,6,0.005494505494505495,0.1935483870967742
Q9NY43,9,0.008241758241758242,0.2903225806451613
Q9NY59,1,0.0009157509157509158,0.03225806451612903
Q9NY61,1,0.0009157509157509158,0.03225806451612903
Q9NY72,1,0.0009157509157509158,0.03225806451612903
Q9NY74,1,0.0009157509157509158,0.03225806451612903
Q9NY97,11,0.010073260073260074,0.3548387096774194
Q9NY99,1,0.0009157509157509158,0.03225806451612903
Q9NYA1,4,0.003663003663003663,0.12903225806451613
Q9NYB0,2,0.0018315018315018315,0.06451612903225806
Q9NYB9,2,0.0018315018315018315,0.06451612903225806
Q9NYF8,2,0.0018315018315018315,0.06451612903225806
Q9NYG5,2,0.0018315018315018315,0.06451612903225806
Q9NYG8,3,0.0027472527472527475,0.0967741935483871
Q9NYJ8,4,0.003663003663003663,0.12903225806451613
Q9NYL2,4,0.003663003663003663,0.12903225806451613
Q9NYN1,1,0.0009157509157509158,0.03225806451612903
Q9NYP9,1,0.0009157509157509158,0.03225806451612903
Q9NYV4,1,0.0009157509157509158,0.03225806451612903
Q9NYY3,4,0.003663003663003663,0.12903225806451613
Q9NYZ3,1,0.0009157509157509158,0.03225806451612903
Q9NYZ4,1,0.0009157509157509158,0.03225806451612903
Q9NZ08,9,0.008241758241758242,0.2903225806451613
Q9NZ09,1,0.0009157509157509158,0.03225806451612903
Q9NZ45,12,0.01098901098901099,0.3870967741935484
Q9NZ52,4,0.003663003663003663,0.12903225806451613
Q9NZ56,2,0.0018315018315018315,0.06451612903225806
Q9NZ71,1,0.0009157509157509158,0.03225806451612903
Q9NZA1,2,0.0018315018315018315,0.06451612903225806
Q9NZC2,7,0.00641025641025641,0.22580645161290322
Q9NZC9,1,0.0009157509157509158,0.03225806451612903
Q9NZD2,20,0.018315018315018316,0.6451612903225806
Q9NZD4,1,0.0009157509157509158,0.03225806451612903
Q9NZH6,1,0.0009157509157509158,0.03225806451612903
Q9NZH8,5,0.004578754578754579,0.16129032258064516
Q9NZI2,1,0.0009157509157509158,0.03225806451612903
Q9NZI5,2,0.0018315018315018315,0.06451612903225806
Q9NZI8,1,0.0009157509157509158,0.03225806451612903
Q9NZJ4,6,0.005494505494505495,0.1935483870967742
Q9NZJ5,7,0.00641025641025641,0.22580645161290322
Q9NZJ9,2,0.0018315018315018315,0.06451612903225806
Q9NZK5,2,0.0018315018315018315,0.06451612903225806
Q9NZK7,9,0.008241758241758242,0.2903225806451613
Q9NZL4,2,0.0018315018315018315,0.06451612903225806
Q9NZL9,2,0.0018315018315018315,0.06451612903225806
Q9NZM1,1,0.0009157509157509158,0.03225806451612903
Q9NZM3,3,0.0027472527472527475,0.0967741935483871
Q9NZN1,2,0.0018315018315018315,0.06451612903225806
Q9NZN5,1,0.0009157509157509158,0.03225806451612903
Q9NZN8,1,0.0009157509157509158,0.03225806451612903
Q9NZN9,4,0.003663003663003663,0.12903225806451613
Q9NZQ3,1,0.0009157509157509158,0.03225806451612903
Q9NZQ7,37,0.03388278388278388,1.0
Q9NZU0,1,0.0009157509157509158,0.03225806451612903
Q9NZU7,1,0.0009157509157509158,0.03225806451612903
Q9NZV6,1,0.0009157509157509158,0.03225806451612903
Q9NZZ3,1,0.0009157509157509158,0.03225806451612903
Q9P000,2,0.0018315018315018315,0.06451612903225806
Q9P016,1,0.0009157509157509158,0.03225806451612903
Q9P0K1,2,0.0018315018315018315,0.06451612903225806
Q9P0L0,1,0.0009157509157509158,0.03225806451612903
Q9P0L2,2,0.0018315018315018315,0.06451612903225806
Q9P0M2,1,0.0009157509157509158,0.03225806451612903
Q9P0M6,2,0.0018315018315018315,0.06451612903225806
Q9P0N9,2,0.0018315018315018315,0.06451612903225806
Q9P0U3,5,0.004578754578754579,0.16129032258064516
Q9P0U4,6,0.005494505494505495,0.1935483870967742
Q9P104,1,0.0009157509157509158,0.03225806451612903
Q9P107,1,0.0009157509157509158,0.03225806451612903
Q9P126,2,0.0018315018315018315,0.06451612903225806
Q9P1W8,2,0.0018315018315018315,0.06451612903225806
Q9P1W9,1,0.0009157509157509158,0.03225806451612903
Q9P202,1,0.0009157509157509158,0.03225806451612903
Q9P212,1,0.0009157509157509158,0.03225806451612903
Q9P218,1,0.0009157509157509158,0.03225806451612903
Q9P258,1,0.0009157509157509158,0.03225806451612903
Q9P270,1,0.0009157509157509158,0.03225806451612903
Q9P278,1,0.0009157509157509158,0.03225806451612903
Q9P286,1,0.0009157509157509158,0.03225806451612903
Q9P287,1,0.0009157509157509158,0.03225806451612903
Q9P289,6,0.005494505494505495,0.1935483870967742
Q9P2E7,1,0.0009157509157509158,0.03225806451612903
Q9P2F6,1,0.0009157509157509158,0.03225806451612903
Q9P2H5,3,0.0027472527472527475,0.0967741935483871
Q9P2J5,1,0.0009157509157509158,0.03225806451612903
Q9P2K8,4,0.003663003663003663,0.12903225806451613
Q9P2M4,1,0.0009157509157509158,0.03225806451612903
Q9P2T1,2,0.0018315018315018315,0.06451612903225806
Q9P2W7,3,0.0027472527472527475,0.0967741935483871
Q9TQB0,2,0.0018315018315018315,0.06451612903225806
Q9UBB5,9,0.008241758241758242,0.2903225806451613
Q9UBC3,12,0.01098901098901099,0.3870967741935484
Q9UBD6,1,0.0009157509157509158,0.03225806451612903
Q9UBE0,7,0.00641025641025641,0.22580645161290322
Q9UBF8,4,0.003663003663003663,0.12903225806451613
Q9UBG0,3,0.0027472527472527475,0.0967741935483871
Q9UBH0,3,0.0027472527472527475,0.0967741935483871
Q9UBH6,3,0.0027472527472527475,0.0967741935483871
Q9UBK2,38,0.0347985347985348,1.0
Q9UBK8,2,0.0018315018315018315,0.06451612903225806
Q9UBL3,9,0.008241758241758242,0.2903225806451613
Q9UBN7,15,0.013736263736263736,0.4838709677419355
Q9UBP0,1,0.0009157509157509158,0.03225806451612903
Q9UBP6,3,0.0027472527472527475,0.0967741935483871
Q9UBP9,1,0.0009157509157509158,0.03225806451612903
Q9UBQ0,8,0.007326007326007326,0.25806451612903225
Q9UBQ5,1,0.0009157509157509158,0.03225806451612903
Q9UBQ7,3,0.0027472527472527475,0.0967741935483871
Q9UBR1,1,0.0009157509157509158,0.03225806451612903
Q9UBR2,1,0.0009157509157509158,0.03225806451612903
Q9UBS5,9,0.008241758241758242,0.2903225806451613
Q9UBT2,8,0.007326007326007326,0.25806451612903225
Q9UBT6,3,0.0027472527472527475,0.0967741935483871
Q9UBU7,7,0.00641025641025641,0.22580645161290322
Q9UBU8,3,0.0027472527472527475,0.0967741935483871
Q9UBU9,4,0.003663003663003663,0.12903225806451613
Q9UBV7,2,0.0018315018315018315,0.06451612903225806
Q9UBV8,1,0.0009157509157509158,0.03225806451612903
Q9UBW5,1,0.0009157509157509158,0.03225806451612903
Q9UBX1,1,0.0009157509157509158,0.03225806451612903
Q9UBX2,8,0.007326007326007326,0.25806451612903225
Q9UBY9,1,0.0009157509157509158,0.03225806451612903
Q9UBZ9,5,0.004578754578754579,0.16129032258064516
Q9UDR5,3,0.0027472527472527475,0.0967741935483871
Q9UDX3,1,0.0009157509157509158,0.03225806451612903
Q9UDX4,1,0.0009157509157509158,0.03225806451612903
Q9UDY2,1,0.0009157509157509158,0.03225806451612903
Q9UDY6,1,0.0009157509157509158,0.03225806451612903
Q9UDY8,13,0.011904761904761904,0.41935483870967744
Q9UEE5,1,0.0009157509157509158,0.03225806451612903
Q9UER7,7,0.00641025641025641,0.22580645161290322
Q9UEU0,1,0.0009157509157509158,0.03225806451612903
Q9UEW8,1,0.0009157509157509158,0.03225806451612903
Q9UG01,1,0.0009157509157509158,0.03225806451612903
Q9UG22,3,0.0027472527472527475,0.0967741935483871
Q9UGB7,1,0.0009157509157509158,0.03225806451612903
Q9UGC6,2,0.0018315018315018315,0.06451612903225806
Q9UGI0,1,0.0009157509157509158,0.03225806451612903
Q9UGI8,1,0.0009157509157509158,0.03225806451612903
Q9UGJ1,1,0.0009157509157509158,0.03225806451612903
Q9UGL1,52,0.047619047619047616,1.0
Q9UGM1,3,0.0027472527472527475,0.0967741935483871
Q9UGM3,3,0.0027472527472527475,0.0967741935483871
Q9UGM6,1,0.0009157509157509158,0.03225806451612903
Q9UGN4,1,0.0009157509157509158,0.03225806451612903
Q9UGN5,9,0.008241758241758242,0.2903225806451613
Q9UGP5,71,0.06501831501831502,1.0
Q9UGV2,1,0.0009157509157509158,0.03225806451612903
Q9UH03,2,0.0018315018315018315,0.06451612903225806
Q9UH17,10,0.009157509157509158,0.3225806451612903
Q9UH73,1,0.0009157509157509158,0.03225806451612903
Q9UH77,1,0.0009157509157509158,0.03225806451612903
Q9UH99,6,0.005494505494505495,0.1935483870967742
Q9UHA4,7,0.00641025641025641,0.22580645161290322
Q9UHB4,1,0.0009157509157509158,0.03225806451612903
Q9UHB7,4,0.003663003663003663,0.12903225806451613
Q9UHB9,3,0.0027472527472527475,0.0967741935483871
Q9UHC6,1,0.0009157509157509158,0.03225806451612903
Q9UHD0,1,0.0009157509157509158,0.03225806451612903
Q9UHD2,5,0.004578754578754579,0.16129032258064516
Q9UHD8,1,0.0009157509157509158,0.03225806451612903
Q9UHI6,2,0.0018315018315018315,0.06451612903225806
Q9UHI8,4,0.003663003663003663,0.12903225806451613
Q9UHL4,3,0.0027472527472527475,0.0967741935483871
Q9UHP3,3,0.0027472527472527475,0.0967741935483871
Q9UHP7,5,0.004578754578754579,0.16129032258064516
Q9UHQ4,2,0.0018315018315018315,0.06451612903225806
Q9UHV8,11,0.010073260073260074,0.3548387096774194
Q9UHX1,11,0.010073260073260074,0.3548387096774194
Q9UHX3,2,0.0018315018315018315,0.06451612903225806
Q9UHY7,2,0.0018315018315018315,0.06451612903225806
Q9UI30,19,0.0173992673992674,0.6129032258064516
Q9UI32,1,0.0009157509157509158,0.03225806451612903
Q9UI36,1,0.0009157509157509158,0.03225806451612903
Q9UI42,5,0.004578754578754579,0.16129032258064516
Q9UI43,1,0.0009157509157509158,0.03225806451612903
Q9UI95,15,0.013736263736263736,0.4838709677419355
Q9UIB8,1,0.0009157509157509158,0.03225806451612903
Q9UIC8,2,0.0018315018315018315,0.06451612903225806
Q9UID3,1,0.0009157509157509158,0.03225806451612903
Q9UIF7,1,0.0009157509157509158,0.03225806451612903
Q9UIF8,261,0.23901098901098902,1.0
Q9UIF9,56,0.05128205128205128,1.0
Q9UIG0,1,0.0009157509157509158,0.03225806451612903
Q9UII6,2,0.0018315018315018315,0.06451612903225806
Q9UIJ7,4,0.003663003663003663,0.12903225806451613
Q9UIK4,4,0.003663003663003663,0.12903225806451613
Q9UIL1,1,0.0009157509157509158,0.03225806451612903
Q9UIS9,2,0.0018315018315018315,0.06451612903225806
Q9UIV1,1,0.0009157509157509158,0.03225806451612903
Q9UJ37,1,0.0009157509157509158,0.03225806451612903
Q9UJ41,6,0.005494505494505495,0.1935483870967742
Q9UJ70,1,0.0009157509157509158,0.03225806451612903
Q9UJ71,20,0.018315018315018316,0.6451612903225806
Q9UJA3,1,0.0009157509157509158,0.03225806451612903
Q9UJA5,2,0.0018315018315018315,0.06451612903225806
Q9UJJ7,1,0.0009157509157509158,0.03225806451612903
Q9UJM8,20,0.018315018315018316,0.6451612903225806
Q9UJQ4,2,0.0018315018315018315,0.06451612903225806
Q9UJS0,1,0.0009157509157509158,0.03225806451612903
Q9UJV3,1,0.0009157509157509158,0.03225806451612903
Q9UJV9,3,0.0027472527472527475,0.0967741935483871
Q9UJW3,3,0.0027472527472527475,0.0967741935483871
Q9UJX3,1,0.0009157509157509158,0.03225806451612903
Q9UJX6,2,0.0018315018315018315,0.06451612903225806
Q9UJY1,1,0.0009157509157509158,0.03225806451612903
Q9UJY4,1,0.0009157509157509158,0.03225806451612903
Q9UJY5,15,0.013736263736263736,0.4838709677419355
Q9UK05,13,0.011904761904761904,0.41935483870967744
Q9UK32,2,0.0018315018315018315,0.06451612903225806
Q9UK39,2,0.0018315018315018315,0.06451612903225806
Q9UK41,1,0.0009157509157509158,0.03225806451612903
Q9UK53,1,0.0009157509157509158,0.03225806451612903
Q9UK55,2,0.0018315018315018315,0.06451612903225806
Q9UK61,1,0.0009157509157509158,0.03225806451612903
Q9UK99,1,0.0009157509157509158,0.03225806451612903
Q9UKA1,5,0.004578754578754579,0.16129032258064516
Q9UKA9,1,0.0009157509157509158,0.03225806451612903
Q9UKB1,1,0.0009157509157509158,0.03225806451612903
Q9UKE5,3,0.0027472527472527475,0.0967741935483871
Q9UKF6,5,0.004578754578754579,0.16129032258064516
Q9UKG1,5,0.004578754578754579,0.16129032258064516
Q9UKJ0,2,0.0018315018315018315,0.06451612903225806
Q9UKJ1,5,0.004578754578754579,0.16129032258064516
Q9UKJ5,1,0.0009157509157509158,0.03225806451612903
Q9UKK3,5,0.004578754578754579,0.16129032258064516
Q9UKK6,2,0.0018315018315018315,0.06451612903225806
Q9UKK9,63,0.057692307692307696,1.0
Q9UKL3,1,0.0009157509157509158,0.03225806451612903
Q9UKL6,1,0.0009157509157509158,0.03225806451612903
Q9UKM7,6,0.005494505494505495,0.1935483870967742
Q9UKN5,1,0.0009157509157509158,0.03225806451612903
Q9UKN7,1,0.0009157509157509158,0.03225806451612903
Q9UKS7,1,0.0009157509157509158,0.03225806451612903
Q9UKT5,1,0.0009157509157509158,0.03225806451612903
Q9UKU7,1,0.0009157509157509158,0.03225806451612903
Q9UKU9,1,0.0009157509157509158,0.03225806451612903
Q9UKV0,2,0.0018315018315018315,0.06451612903225806
Q9UKV3,1,0.0009157509157509158,0.03225806451612903
Q9UKV5,5,0.004578754578754579,0.16129032258064516
Q9UKV8,27,0.024725274725274724,0.8709677419354839
Q9UKX7,1,0.0009157509157509158,0.03225806451612903
Q9UL01,1,0.0009157509157509158,0.03225806451612903
Q9UL03,1,0.0009157509157509158,0.03225806451612903
Q9UL15,1,0.0009157509157509158,0.03225806451612903
Q9UL18,3,0.0027472527472527475,0.0967741935483871
Q9UL25,5,0.004578754578754579,0.16129032258064516
Q9UL51,1,0.0009157509157509158,0.03225806451612903
Q9UL52,1,0.0009157509157509158,0.03225806451612903
Q9UL95,1,0.0009157509157509158,0.03225806451612903
Q9ULA0,1,0.0009157509157509158,0.03225806451612903
Q9ULB1,1,0.0009157509157509158,0.03225806451612903
Q9ULC3,5,0.004578754578754579,0.16129032258064516
Q9ULC4,3,0.0027472527472527475,0.0967741935483871
Q9ULD4,1,0.0009157509157509158,0.03225806451612903
Q9ULG6,1,0.0009157509157509158,0.03225806451612903
Q9ULH1,1,0.0009157509157509158,0.03225806451612903
Q9ULI0,4,0.003663003663003663,0.12903225806451613
Q9ULI3,2,0.0018315018315018315,0.06451612903225806
Q9ULJ6,1,0.0009157509157509158,0.03225806451612903
Q9ULJ8,1,0.0009157509157509158,0.03225806451612903
Q9ULK5,5,0.004578754578754579,0.16129032258064516
Q9ULM3,3,0.0027472527472527475,0.0967741935483871
Q9ULR3,2,0.0018315018315018315,0.06451612903225806
Q9ULT8,1,0.0009157509157509158,0.03225806451612903
Q9ULU4,2,0.0018315018315018315,0.06451612903225806
Q9ULV0,2,0.0018315018315018315,0.06451612903225806
Q9ULV1,5,0.004578754578754579,0.16129032258064516
Q9ULV5,2,0.0018315018315018315,0.06451612903225806
Q9ULV8,5,0.004578754578754579,0.16129032258064516
Q9ULW0,9,0.008241758241758242,0.2903225806451613
Q9ULW5,1,0.0009157509157509158,0.03225806451612903
Q9ULW8,1,0.0009157509157509158,0.03225806451612903
Q9ULX7,2,0.0018315018315018315,0.06451612903225806
Q9ULY5,2,0.0018315018315018315,0.06451612903225806
Q9ULZ2,1,0.0009157509157509158,0.03225806451612903
Q9ULZ3,2,0.0018315018315018315,0.06451612903225806
Q9UM07,12,0.01098901098901099,0.3870967741935484
Q9UM13,1,0.0009157509157509158,0.03225806451612903
Q9UM22,1,0.0009157509157509158,0.03225806451612903
Q9UM47,3,0.0027472527472527475,0.0967741935483871
Q9UM54,1,0.0009157509157509158,0.03225806451612903
Q9UM73,62,0.056776556776556776,1.0
Q9UM82,1,0.0009157509157509158,0.03225806451612903
Q9UMF0,2,0.0018315018315018315,0.06451612903225806
Q9UMN6,3,0.0027472527472527475,0.0967741935483871
Q9UMR2,2,0.0018315018315018315,0.06451612903225806
Q9UMS4,1,0.0009157509157509158,0.03225806451612903
Q9UMX1,2,0.0018315018315018315,0.06451612903225806
Q9UMZ3,1,0.0009157509157509158,0.03225806451612903
Q9UN19,2,0.0018315018315018315,0.06451612903225806
Q9UN36,2,0.0018315018315018315,0.06451612903225806
Q9UN81,2,0.0018315018315018315,0.06451612903225806
Q9UNA0,6,0.005494505494505495,0.1935483870967742
Q9UNA4,26,0.023809523809523808,0.8387096774193549
Q9UNE7,5,0.004578754578754579,0.16129032258064516
Q9UNF0,1,0.0009157509157509158,0.03225806451612903
Q9UNG2,4,0.003663003663003663,0.12903225806451613
Q9UNH6,1,0.0009157509157509158,0.03225806451612903
Q9UNI6,1,0.0009157509157509158,0.03225806451612903
Q9UNL4,3,0.0027472527472527475,0.0967741935483871
Q9UNN5,7,0.00641025641025641,0.22580645161290322
Q9UNN8,8,0.007326007326007326,0.25806451612903225
Q9UNP9,5,0.004578754578754579,0.16129032258064516
Q9UNQ2,2,0.0018315018315018315,0.06451612903225806
Q9UNS1,4,0.003663003663003663,0.12903225806451613
Q9UNW9,2,0.0018315018315018315,0.06451612903225806
Q9UPN3,1,0.0009157509157509158,0.03225806451612903
Q9UPN6,8,0.007326007326007326,0.25806451612903225
Q9UPN9,2,0.0018315018315018315,0.06451612903225806
Q9UPP1,5,0.004578754578754579,0.16129032258064516
Q9UPS6,3,0.0027472527472527475,0.0967741935483871
Q9UPT6,1,0.0009157509157509158,0.03225806451612903
Q9UPU9,1,0.0009157509157509158,0.03225806451612903
Q9UPV0,3,0.0027472527472527475,0.0967741935483871
Q9UPY3,4,0.003663003663003663,0.12903225806451613
Q9UPY8,2,0.0018315018315018315,0.06451612903225806
Q9UPZ6,1,0.0009157509157509158,0.03225806451612903
Q9UQ13,2,0.0018315018315018315,0.06451612903225806
Q9UQ16,1,0.0009157509157509158,0.03225806451612903
Q9UQ80,1,0.0009157509157509158,0.03225806451612903
Q9UQ84,4,0.003663003663003663,0.12903225806451613
Q9UQ90,1,0.0009157509157509158,0.03225806451612903
Q9UQB8,9,0.008241758241758242,0.2903225806451613
Q9UQB9,2,0.0018315018315018315,0.06451612903225806
Q9UQC2,7,0.00641025641025641,0.22580645161290322
Q9UQE7,3,0.0027472527472527475,0.0967741935483871
Q9UQF0,2,0.0018315018315018315,0.06451612903225806
Q9UQF2,15,0.013736263736263736,0.4838709677419355
Q9UQK1,3,0.0027472527472527475,0.0967741935483871
Q9UQL6,2,0.0018315018315018315,0.06451612903225806
Q9UQM7,8,0.007326007326007326,0.25806451612903225
Q9UQQ1,1,0.0009157509157509158,0.03225806451612903
Q9UQR0,3,0.0027472527472527475,0.0967741935483871
Q9Y215,1,0.0009157509157509158,0.03225806451612903
Q9Y221,2,0.0018315018315018315,0.06451612903225806
Q9Y223,3,0.0027472527472527475,0.0967741935483871
Q9Y224,1,0.0009157509157509158,0.03225806451612903
Q9Y232,2,0.0018315018315018315,0.06451612903225806
Q9Y233,322,0.2948717948717949,1.0
Q9Y235,1,0.0009157509157509158,0.03225806451612903
Q9Y237,3,0.0027472527472527475,0.0967741935483871
Q9Y239,3,0.0027472527472527475,0.0967741935483871
Q9Y243,2,0.0018315018315018315,0.06451612903225806
Q9Y248,2,0.0018315018315018315,0.06451612903225806
Q9Y250,1,0.0009157509157509158,0.03225806451612903
Q9Y251,17,0.015567765567765568,0.5483870967741935
Q9Y253,163,0.14926739926739926,1.0
Q9Y255,1,0.0009157509157509158,0.03225806451612903
Q9Y259,3,0.0027472527472527475,0.0967741935483871
Q9Y263,1,0.0009157509157509158,0.03225806451612903
Q9Y265,1,0.0009157509157509158,0.03225806451612903
Q9Y266,1,0.0009157509157509158,0.03225806451612903
Q9Y275,4,0.003663003663003663,0.12903225806451613
Q9Y279,5,0.004578754578754579,0.16129032258064516
Q9Y286,6,0.005494505494505495,0.1935483870967742
Q9Y294,5,0.004578754578754579,0.16129032258064516
Q9Y296,1,0.0009157509157509158,0.03225806451612903
Q9Y297,5,0.004578754578754579,0.16129032258064516
Q9Y2A7,2,0.0018315018315018315,0.06451612903225806
Q9Y2C3,8,0.007326007326007326,0.25806451612903225
Q9Y2C4,6,0.005494505494505495,0.1935483870967742
Q9Y2C9,1,0.0009157509157509158,0.03225806451612903
Q9Y2G1,2,0.0018315018315018315,0.06451612903225806
Q9Y2G2,1,0.0009157509157509158,0.03225806451612903
Q9Y2H1,1,0.0009157509157509158,0.03225806451612903
Q9Y2H9,1,0.0009157509157509158,0.03225806451612903
Q9Y2I1,1,0.0009157509157509158,0.03225806451612903
Q9Y2J2,54,0.04945054945054945,1.0
Q9Y2J8,22,0.020146520146520148,0.7096774193548387
Q9Y2K2,2,0.0018315018315018315,0.06451612903225806
Q9Y2K7,1,0.0009157509157509158,0.03225806451612903
Q9Y2M0,1,0.0009157509157509158,0.03225806451612903
Q9Y2M5,2,0.0018315018315018315,0.06451612903225806
Q9Y2N7,1,0.0009157509157509158,0.03225806451612903
Q9Y2Q3,3,0.0027472527472527475,0.0967741935483871
Q9Y2Q5,4,0.003663003663003663,0.12903225806451613
Q9Y2R2,6,0.005494505494505495,0.1935483870967742
Q9Y2R4,1,0.0009157509157509158,0.03225806451612903
Q9Y2S2,1,0.0009157509157509158,0.03225806451612903
Q9Y2T3,3,0.0027472527472527475,0.0967741935483871
Q9Y2T5,1,0.0009157509157509158,0.03225806451612903
Q9Y2T7,4,0.003663003663003663,0.12903225806451613
Q9Y2U5,6,0.005494505494505495,0.1935483870967742
Q9Y2U9,10,0.009157509157509158,0.3225806451612903
Q9Y2W6,3,0.0027472527472527475,0.0967741935483871
Q9Y2Y0,1,0.0009157509157509158,0.03225806451612903
Q9Y2Y4,1,0.0009157509157509158,0.03225806451612903
Q9Y2Z4,1,0.0009157509157509158,0.03225806451612903
Q9Y303,2,0.0018315018315018315,0.06451612903225806
Q9Y312,1,0.0009157509157509158,0.03225806451612903
Q9Y316,3,0.0027472527472527475,0.0967741935483871
Q9Y337,3,0.0027472527472527475,0.0967741935483871
Q9Y343,2,0.0018315018315018315,0.06451612903225806
Q9Y365,1,0.0009157509157509158,0.03225806451612903
Q9Y376,2,0.0018315018315018315,0.06451612903225806
Q9Y3A3,1,0.0009157509157509158,0.03225806451612903
Q9Y3B4,2,0.0018315018315018315,0.06451612903225806
Q9Y3B6,1,0.0009157509157509158,0.03225806451612903
Q9Y3B8,9,0.008241758241758242,0.2903225806451613
Q9Y3C4,1,0.0009157509157509158,0.03225806451612903
Q9Y3C6,1,0.0009157509157509158,0.03225806451612903
Q9Y3C8,21,0.019230769230769232,0.6774193548387096
Q9Y3D6,7,0.00641025641025641,0.22580645161290322
Q9Y3D8,6,0.005494505494505495,0.1935483870967742
Q9Y3E1,5,0.004578754578754579,0.16129032258064516
Q9Y3E5,1,0.0009157509157509158,0.03225806451612903
Q9Y3E7,1,0.0009157509157509158,0.03225806451612903
Q9Y3I0,3,0.0027472527472527475,0.0967741935483871
Q9Y3I1,2,0.0018315018315018315,0.06451612903225806
Q9Y3L3,2,0.0018315018315018315,0.06451612903225806
Q9Y3M2,1,0.0009157509157509158,0.03225806451612903
Q9Y3P9,1,0.0009157509157509158,0.03225806451612903
Q9Y3Q0,4,0.003663003663003663,0.12903225806451613
Q9Y3Q4,3,0.0027472527472527475,0.0967741935483871
Q9Y3R0,1,0.0009157509157509158,0.03225806451612903
Q9Y3R4,10,0.009157509157509158,0.3225806451612903
Q9Y3S1,2,0.0018315018315018315,0.06451612903225806
Q9Y3Y4,4,0.003663003663003663,0.12903225806451613
Q9Y3Z3,38,0.0347985347985348,1.0
Q9Y468,18,0.016483516483516484,0.5806451612903226
Q9Y483,1,0.0009157509157509158,0.03225806451612903
Q9Y490,2,0.0018315018315018315,0.06451612903225806
Q9Y4B6,19,0.0173992673992674,0.6129032258064516
Q9Y4D1,1,0.0009157509157509158,0.03225806451612903
Q9Y4D7,1,0.0009157509157509158,0.03225806451612903
Q9Y4E5,1,0.0009157509157509158,0.03225806451612903
Q9Y4E8,11,0.010073260073260074,0.3548387096774194
Q9Y4F3,1,0.0009157509157509158,0.03225806451612903
Q9Y4G2,3,0.0027472527472527475,0.0967741935483871
Q9Y4G8,1,0.0009157509157509158,0.03225806451612903
Q9Y4H2,2,0.0018315018315018315,0.06451612903225806
Q9Y4I1,7,0.00641025641025641,0.22580645161290322
Q9Y4K0,1,0.0009157509157509158,0.03225806451612903
Q9Y4K1,2,0.0018315018315018315,0.06451612903225806
Q9Y4K3,6,0.005494505494505495,0.1935483870967742
Q9Y4P1,7,0.00641025641025641,0.22580645161290322
Q9Y4P8,2,0.0018315018315018315,0.06451612903225806
Q9Y4R8,1,0.0009157509157509158,0.03225806451612903
Q9Y4U1,3,0.0027472527472527475,0.0967741935483871
Q9Y512,2,0.0018315018315018315,0.06451612903225806
Q9Y530,3,0.0027472527472527475,0.0967741935483871
Q9Y547,1,0.0009157509157509158,0.03225806451612903
Q9Y566,6,0.005494505494505495,0.1935483870967742
Q9Y570,1,0.0009157509157509158,0.03225806451612903
Q9Y572,2,0.0018315018315018315,0.06451612903225806
Q9Y580,1,0.0009157509157509158,0.03225806451612903
Q9Y5A9,8,0.007326007326007326,0.25806451612903225
Q9Y5B0,1,0.0009157509157509158,0.03225806451612903
Q9Y5B9,5,0.004578754578754579,0.16129032258064516
Q9Y5C1,1,0.0009157509157509158,0.03225806451612903
Q9Y5G1,1,0.0009157509157509158,0.03225806451612903
Q9Y5J3,1,0.0009157509157509158,0.03225806451612903
Q9Y5K2,15,0.013736263736263736,0.4838709677419355
Q9Y5K5,5,0.004578754578754579,0.16129032258064516
Q9Y5K6,9,0.008241758241758242,0.2903225806451613
Q9Y5N5,16,0.014652014652014652,0.5161290322580645
Q9Y5N6,1,0.0009157509157509158,0.03225806451612903
Q9Y5P4,26,0.023809523809523808,0.8387096774193549
Q9Y5P8,2,0.0018315018315018315,0.06451612903225806
Q9Y5S1,1,0.0009157509157509158,0.03225806451612903
Q9Y5S2,5,0.004578754578754579,0.16129032258064516
Q9Y5S9,4,0.003663003663003663,0.12903225806451613
Q9Y5U4,1,0.0009157509157509158,0.03225806451612903
Q9Y5W5,3,0.0027472527472527475,0.0967741935483871
Q9Y5W9,4,0.003663003663003663,0.12903225806451613
Q9Y5X0,1,0.0009157509157509158,0.03225806451612903
Q9Y5X1,3,0.0027472527472527475,0.0967741935483871
Q9Y5X3,6,0.005494505494505495,0.1935483870967742
Q9Y5Y6,22,0.020146520146520148,0.7096774193548387
Q9Y5Y7,2,0.0018315018315018315,0.06451612903225806
Q9Y5Z0,16,0.014652014652014652,0.5161290322580645
Q9Y5Z4,3,0.0027472527472527475,0.0967741935483871
Q9Y600,1,0.0009157509157509158,0.03225806451612903
Q9Y603,1,0.0009157509157509158,0.03225806451612903
Q9Y606,4,0.003663003663003663,0.12903225806451613
Q9Y613,1,0.0009157509157509158,0.03225806451612903
Q9Y616,1,0.0009157509157509158,0.03225806451612903
Q9Y617,1,0.0009157509157509158,0.03225806451612903
Q9Y618,10,0.009157509157509158,0.3225806451612903
Q9Y657,14,0.01282051282051282,0.45161290322580644
Q9Y663,4,0.003663003663003663,0.12903225806451613
Q9Y678,1,0.0009157509157509158,0.03225806451612903
Q9Y679,1,0.0009157509157509158,0.03225806451612903
Q9Y689,4,0.003663003663003663,0.12903225806451613
Q9Y692,1,0.0009157509157509158,0.03225806451612903
Q9Y696,3,0.0027472527472527475,0.0967741935483871
Q9Y697,6,0.005494505494505495,0.1935483870967742
Q9Y698,1,0.0009157509157509158,0.03225806451612903
Q9Y6A2,21,0.019230769230769232,0.6774193548387096
Q9Y6A5,4,0.003663003663003663,0.12903225806451613
Q9Y6D0,1,0.0009157509157509158,0.03225806451612903
Q9Y6D6,2,0.0018315018315018315,0.06451612903225806
Q9Y6D9,4,0.003663003663003663,0.12903225806451613
Q9Y6E0,35,0.03205128205128205,1.0
Q9Y6F1,12,0.01098901098901099,0.3870967741935484
Q9Y6F7,1,0.0009157509157509158,0.03225806451612903
Q9Y6F8,2,0.0018315018315018315,0.06451612903225806
Q9Y6G9,2,0.0018315018315018315,0.06451612903225806
Q9Y6I3,1,0.0009157509157509158,0.03225806451612903
Q9Y6J0,1,0.0009157509157509158,0.03225806451612903
Q9Y6K1,11,0.010073260073260074,0.3548387096774194
Q9Y6K5,1,0.0009157509157509158,0.03225806451612903
Q9Y6K8,1,0.0009157509157509158,0.03225806451612903
Q9Y6K9,5,0.004578754578754579,0.16129032258064516
Q9Y6M1,2,0.0018315018315018315,0.06451612903225806
Q9Y6M4,10,0.009157509157509158,0.3225806451612903
Q9Y6N5,3,0.0027472527472527475,0.0967741935483871
Q9Y6N7,8,0.007326007326007326,0.25806451612903225
Q9Y6N9,3,0.0027472527472527475,0.0967741935483871
Q9Y6Q6,1,0.0009157509157509158,0.03225806451612903
Q9Y6Q9,4,0.003663003663003663,0.12903225806451613
Q9Y6R7,1,0.0009157509157509158,0.03225806451612903
Q9Y6U3,1,0.0009157509157509158,0.03225806451612903
Q9Y6W3,1,0.0009157509157509158,0.03225806451612903
Q9Y6W5,1,0.0009157509157509158,0.03225806451612903
Q9Y6W6,3,0.0027472527472527475,0.0967741935483871
Q9Y6W8,1,0.0009157509157509158,0.03225806451612903
Q9Y6X2,1,0.0009157509157509158,0.03225806451612903
Q9Y6X5,2,0.0018315018315018315,0.06451612903225806
Q9Y6X9,2,0.0018315018315018315,0.06451612903225806
Q9Y6Y0,1,0.0009157509157509158,0.03225806451612903
Q9Y6Y1,1,0.0009157509157509158,0.03225806451612903
Q9Y6Y9,3,0.0027472527472527475,0.0967741935483871
R5AK10,1,0.0009157509157509158,0.03225806451612903
S5DHS4,2,0.0018315018315018315,0.06451612903225806
S6AU73,4,0.003663003663003663,0.12903225806451613
S6B291,12,0.01098901098901099,0.3870967741935484
S6B2A6,1,0.0009157509157509158,0.03225806451612903
S6B2B6,1,0.0009157509157509158,0.03225806451612903
S6BAM6,2,0.0018315018315018315,0.06451612903225806
S6BAN1,2,0.0018315018315018315,0.06451612903225806
S6BVK3,2,0.0018315018315018315,0.06451612903225806
S6C4R2,4,0.003663003663003663,0.12903225806451613
U3KQA6,4,0.003663003663003663,0.12903225806451613
U3PYM0,1,0.0009157509157509158,0.03225806451612903
U5YJK1,1,0.0009157509157509158,0.03225806451612903
U5YJP1,1,0.0009157509157509158,0.03225806451612903
U6BR87,3,0.0027472527472527475,0.0967741935483871
V9H1G0,4,0.003663003663003663,0.12903225806451613
V9HW34,1,0.0009157509157509158,0.03225806451612903
V9HW68,4,0.003663003663003663,0.12903225806451613
